kpi,parameter,delta,ci_lo,ci_hi
total_system_cost,CO2 Cap,0.053325820461605035,0.06172217211616395,0.07245311370671213
total_system_cost,Buildings demand,0.10109360688333008,0.10175725640423572,0.11588820764434218
total_system_cost,Steel Production,0.04560589654079958,0.0545238203476112,0.06768243649838784
total_system_cost,Chemical Production,0.10041463147202226,0.10279284117382556,0.11464343040960678
total_system_cost,Passenger Cars,0.08675046831220606,0.09002390540948219,0.1041658103591903
total_system_cost,Bunker aviation,0.05238134011606836,0.06239229530098526,0.07224695488225552
total_system_cost,Bunker navigation,0.09914542594553963,0.10054219705227327,0.11538177046806092
total_system_cost,Agriculture neGHG CH4,0.04553052643943746,0.0566407260978832,0.06663729578831219
total_system_cost,Agriculture neGHG N2O,0.04057146255124914,0.05231909324107447,0.06169456204080457
total_system_cost,Wind offshore Costs,0.05107239401952361,0.060903272082936055,0.07024185536759323
total_system_cost,Wind offshore Potential,0.0435378360690275,0.05419782330277653,0.06548593611769016
total_system_cost,Solar PV Costs,0.04083811985232891,0.05378920580297284,0.06173108958993398
total_system_cost,Solar PV Potential,0.04111207800058678,0.05356964682100227,0.063303962620742
total_system_cost,Nuclear Costs,0.04283477614152366,0.05528278497225479,0.06428871493338743
total_system_cost,Nuclear Potential,0.04012294195566599,0.05292178447789317,0.06264302365945025
total_system_cost,Hydrogen Import Potential,0.043865706209490145,0.055171423281120555,0.06455391966313603
total_system_cost,Hydrogen Import Price,0.0434923706477372,0.054162197179791545,0.06376509391269633
total_system_cost,Biomass Import Potential,0.04338410851542006,0.055402833783894836,0.06560520350528591
total_system_cost,Biomass Import Price,0.13244743349679536,0.1326509351431854,0.14520997977267264
total_system_cost,Ammonia Import Potential,0.04947326310699448,0.060107970403974545,0.07120867189160271
total_system_cost,Ammonia Import Price,0.05416131410432992,0.06359305331028017,0.07454514252099446
total_system_cost,CCS potential,0.08132578244142602,0.08612001879628169,0.096326668825648
total_system_cost,Flexibility Costs,0.04340277871125358,0.054455580862899235,0.06291934180878601
total_system_cost,LNG Price,0.036498379494501736,0.05021643120715177,0.059985715516507845
total_system_cost,Electricity Trade Price,0.03820412701480359,0.049949015358825684,0.06135841958872802
total_system_cost,Weather Conditions,0.059553184966557246,0.06445289915799896,0.07520866041968345
total_system_cost,Electricity Trade Ratio,0.049626751015679635,0.05892631753969262,0.06940238142795063
total_system_cost,Electricity Trade Volume,0.0636434221559222,0.06980474156416698,0.08297854700833426
total_system_cost,WACC,0.23442871324245118,0.23067529660870192,0.24250383766412714
total_system_cost,Bunker Emission Reduction,0.07419173724033735,0.08018531461800264,0.09074795834950494
total_system_cost,End-of-Life Emission Reduction,0.08877512533086435,0.09176903459750756,0.1042471310729786
unit_energy_cost,CO2 Cap,0.04570846659388315,0.055969720845489804,0.06691789073291445
unit_energy_cost,Buildings demand,0.03856713896601815,0.050739448299136236,0.06001769272235951
unit_energy_cost,Steel Production,0.03691552540208387,0.05013494790058236,0.06027086025200969
unit_energy_cost,Chemical Production,0.059071288408621234,0.0670353423870157,0.07889804162805976
unit_energy_cost,Passenger Cars,0.06727450791620682,0.0729711659810936,0.08378873278947498
unit_energy_cost,Bunker aviation,0.037489167332702286,0.05265907030262558,0.060040194057717294
unit_energy_cost,Bunker navigation,0.0389240848314762,0.051928600619304835,0.060716675484149496
unit_energy_cost,Agriculture neGHG CH4,0.042029818084957066,0.053381253273105,0.06386042458502117
unit_energy_cost,Agriculture neGHG N2O,0.04102236789999656,0.051684241046689526,0.060695953047215104
unit_energy_cost,Wind offshore Costs,0.04234795337590934,0.05408768423381586,0.06341959589790319
unit_energy_cost,Wind offshore Potential,0.039024351183811846,0.05158419699706106,0.0613384136224335
unit_energy_cost,Solar PV Costs,0.0399591716967435,0.05318653557777199,0.06297859387699771
unit_energy_cost,Solar PV Potential,0.040247704680257596,0.05201258272788092,0.061655439866142546
unit_energy_cost,Nuclear Costs,0.106046968303464,0.10636030937695357,0.11783901407980484
unit_energy_cost,Nuclear Potential,0.04529362333159412,0.05526740778260865,0.06505134754992191
unit_energy_cost,Hydrogen Import Potential,0.03901456531767824,0.05178849580671786,0.0614916260603123
unit_energy_cost,Hydrogen Import Price,0.04165602757518696,0.05251137784703478,0.06207705951161712
unit_energy_cost,Biomass Import Potential,0.057816163142521124,0.06316855587932207,0.07590526752905499
unit_energy_cost,Biomass Import Price,0.14976771878013712,0.14860657179918413,0.1597459974983966
unit_energy_cost,Ammonia Import Potential,0.04735639757915697,0.055058069763163894,0.06530312203056005
unit_energy_cost,Ammonia Import Price,0.04630531614537323,0.05708690642807701,0.06668655169735839
unit_energy_cost,CCS potential,0.08914204063854304,0.09147879835189722,0.10544204481426711
unit_energy_cost,Flexibility Costs,0.038069435066709685,0.05064208310045731,0.05955310986403772
unit_energy_cost,LNG Price,0.04091341482533794,0.05339837601030622,0.061688785305846094
unit_energy_cost,Electricity Trade Price,0.046217210561508536,0.05525981537963302,0.0664795802894789
unit_energy_cost,Weather Conditions,0.04613115504286511,0.057545457150503285,0.06528676268474927
unit_energy_cost,Electricity Trade Ratio,0.1789055770707062,0.17367101908264415,0.1890869045353731
unit_energy_cost,Electricity Trade Volume,0.0644174998825874,0.07073954604276093,0.08048813541467173
unit_energy_cost,WACC,0.21153763699466985,0.20931908659876858,0.221210591573266
unit_energy_cost,Bunker Emission Reduction,0.04137446449956947,0.053003748681516576,0.06214571900842969
unit_energy_cost,End-of-Life Emission Reduction,0.0482260103937743,0.057909250153172304,0.06715064110872723
co2_price,CO2 Cap,0.07737172706962295,0.08434509117263776,0.09445381027836576
co2_price,Buildings demand,0.05029908736867741,0.06255377080838546,0.0749349761152961
co2_price,Steel Production,0.04651122287658938,0.06159230728503738,0.07027647747019776
co2_price,Chemical Production,0.05492977492857651,0.06864692765528364,0.07701084628880538
co2_price,Passenger Cars,0.043039787555157076,0.05951480722367584,0.06878363455229666
co2_price,Bunker aviation,0.05002174599181252,0.06299336622166281,0.07223978389003557
co2_price,Bunker navigation,0.0764400528226873,0.08510153016469608,0.0939771714140719
co2_price,Agriculture neGHG CH4,0.056182213669698965,0.068348169921082,0.07994282301008736
co2_price,Agriculture neGHG N2O,0.05034717570235489,0.0640825442652915,0.07502467170431905
co2_price,Wind offshore Costs,0.04956066626271202,0.06380665492719786,0.07231617615947517
co2_price,Wind offshore Potential,0.04678743670516031,0.059374399463228034,0.0706730837201213
co2_price,Solar PV Costs,0.04384227945936336,0.06123019832845468,0.06937899395152579
co2_price,Solar PV Potential,0.04740603662898078,0.06312313976107171,0.07191256234266064
co2_price,Nuclear Costs,0.05604418933725831,0.06734037442537381,0.07717068290645286
co2_price,Nuclear Potential,0.046761414636979894,0.06285529634159553,0.07219726072789179
co2_price,Hydrogen Import Potential,0.04851386479059848,0.06339917594046865,0.07273563792595733
co2_price,Hydrogen Import Price,0.08434496255170118,0.09183037916600134,0.10345950754213191
co2_price,Biomass Import Potential,0.08023173316572044,0.08721591360326773,0.09836904108861413
co2_price,Biomass Import Price,0.18280880591045592,0.18480933754150758,0.1967033565435406
co2_price,Ammonia Import Potential,0.11658363417123839,0.11853972795256477,0.1296143097419658
co2_price,Ammonia Import Price,0.18729417838984144,0.1881965350669594,0.2014943337888871
co2_price,CCS potential,0.16471213042881233,0.16398003664254757,0.17516221504266258
co2_price,Flexibility Costs,0.04693123362088965,0.06043019707533991,0.069741655306398
co2_price,LNG Price,0.04172459109439114,0.05882973542759183,0.06798697787560473
co2_price,Electricity Trade Price,0.05381925907033371,0.06597655946341979,0.07519867326367258
co2_price,Weather Conditions,0.06098057542372105,0.07153488039367885,0.08104084190488044
co2_price,Electricity Trade Ratio,0.09331494132644448,0.0976938652789014,0.10965305848964627
co2_price,Electricity Trade Volume,0.08714035899627456,0.09397973890938144,0.10625314913689828
co2_price,WACC,0.06570367866846405,0.07567251142587446,0.08456199378373047
co2_price,Bunker Emission Reduction,0.06155243408872428,0.07288289391765729,0.08277996002024811
co2_price,End-of-Life Emission Reduction,0.06796404707191292,0.07745328956957723,0.08649219788081654
elec_price_hv,CO2 Cap,0.05005615156786098,0.060169743365790535,0.06908138178397227
elec_price_hv,Buildings demand,0.053567308469992976,0.06172140828385542,0.07060474784409951
elec_price_hv,Steel Production,0.04376454087210811,0.053434390227274496,0.06360499737725345
elec_price_hv,Chemical Production,0.04326774852887789,0.055222456394076073,0.06282765007065008
elec_price_hv,Passenger Cars,0.04635637860244314,0.05555332085830262,0.0650854425944102
elec_price_hv,Bunker aviation,0.041592443360807405,0.053511045965508146,0.062001945200267555
elec_price_hv,Bunker navigation,0.049491479626765755,0.058147368525315844,0.06919050012701439
elec_price_hv,Agriculture neGHG CH4,0.048516874304931235,0.05779541179487757,0.06626147940160552
elec_price_hv,Agriculture neGHG N2O,0.04480208734709588,0.05686313232397135,0.06433088839285539
elec_price_hv,Wind offshore Costs,0.047440732991837944,0.0580339408820224,0.0661932553468546
elec_price_hv,Wind offshore Potential,0.06460844485037028,0.07100185563781387,0.08061939154594396
elec_price_hv,Solar PV Costs,0.04590691724516456,0.05656359833135517,0.06701487130266598
elec_price_hv,Solar PV Potential,0.04144491996858773,0.05400397454732839,0.062033680808263325
elec_price_hv,Nuclear Costs,0.048425183687211576,0.05695249996430997,0.0684352578510954
elec_price_hv,Nuclear Potential,0.04553626426083821,0.056131296460915414,0.06416018128344976
elec_price_hv,Hydrogen Import Potential,0.04498078338931899,0.05619628071538109,0.06302822701689971
elec_price_hv,Hydrogen Import Price,0.0573811917140966,0.06534195333583626,0.0745713794085222
elec_price_hv,Biomass Import Potential,0.06162068938443707,0.06818894910269636,0.07847751982159133
elec_price_hv,Biomass Import Price,0.07347252129011661,0.07930471288344501,0.09151020805273344
elec_price_hv,Ammonia Import Potential,0.05852403577639875,0.06522993183366035,0.07381028012148878
elec_price_hv,Ammonia Import Price,0.05238351199701662,0.06201674450908143,0.07153069321116118
elec_price_hv,CCS potential,0.07922262104813982,0.08633763053932954,0.09670756983352415
elec_price_hv,Flexibility Costs,0.04459473098802674,0.0556812155583874,0.06466889770045385
elec_price_hv,LNG Price,0.04811352963930297,0.05704445748222639,0.06652918357268413
elec_price_hv,Electricity Trade Price,0.04918851863219195,0.057924412643625106,0.06622025671000302
elec_price_hv,Weather Conditions,0.059080824048604944,0.06577984296677505,0.07605756694563605
elec_price_hv,Electricity Trade Ratio,0.06737570915982022,0.07607197794090294,0.08406238607989827
elec_price_hv,Electricity Trade Volume,0.06713233732769666,0.07502351381105572,0.08447327561909371
elec_price_hv,WACC,0.04917361001508609,0.05900531292025618,0.0677726797857162
elec_price_hv,Bunker Emission Reduction,0.047268093465253645,0.05762852320296925,0.0678851262816956
elec_price_hv,End-of-Life Emission Reduction,0.07955486322998262,0.08517951588063406,0.09383698116901533
elec_price_lv,CO2 Cap,0.05452412378536414,0.06935544887052186,0.07857153062988487
elec_price_lv,Buildings demand,0.058161558462825974,0.07323441321011251,0.08180169471002456
elec_price_lv,Steel Production,0.053047656244834734,0.06856061462409561,0.07822830736477185
elec_price_lv,Chemical Production,0.05816889550587233,0.07287215822421063,0.07999361647764199
elec_price_lv,Passenger Cars,0.05126899036406829,0.06572573474126503,0.0734451082151837
elec_price_lv,Bunker aviation,0.05252915423188882,0.06759790427771441,0.07899170478619633
elec_price_lv,Bunker navigation,0.054568576315228136,0.07042832616566723,0.07781875987537717
elec_price_lv,Agriculture neGHG CH4,0.055154109809964096,0.06956057312221067,0.08042398644393245
elec_price_lv,Agriculture neGHG N2O,0.05006832550422717,0.06705435603250638,0.07468510126424314
elec_price_lv,Wind offshore Costs,0.05270506876027681,0.06771841753056065,0.0786710304058516
elec_price_lv,Wind offshore Potential,0.05454029757194351,0.06967647491142923,0.07938344993407907
elec_price_lv,Solar PV Costs,0.049076928555193286,0.06638942708511116,0.07512236236368972
elec_price_lv,Solar PV Potential,0.05343947865315693,0.06901296446953724,0.07963754045034632
elec_price_lv,Nuclear Costs,0.0538559775102706,0.07006701678891945,0.07873368164816708
elec_price_lv,Nuclear Potential,0.06010263487888843,0.07395812056528758,0.0822805860526482
elec_price_lv,Hydrogen Import Potential,0.05107939272571078,0.06760850255087157,0.07701814848091248
elec_price_lv,Hydrogen Import Price,0.05598913991881487,0.07081739489535838,0.07999225187972785
elec_price_lv,Biomass Import Potential,0.05943840558583339,0.07440692048189419,0.08636009519150983
elec_price_lv,Biomass Import Price,0.07110486756744648,0.08370433522378898,0.09556629757274457
elec_price_lv,Ammonia Import Potential,0.06721619565636322,0.08078932601341174,0.0891140469630363
elec_price_lv,Ammonia Import Price,0.06617050057683924,0.07876056751612102,0.08768033974709528
elec_price_lv,CCS potential,0.06631691096068923,0.07756861167993777,0.08987779799010792
elec_price_lv,Flexibility Costs,0.04988231803017512,0.0666841919453763,0.07672464601333157
elec_price_lv,LNG Price,0.04622168271253113,0.06436845437196556,0.0725854712280246
elec_price_lv,Electricity Trade Price,0.051143207341040525,0.06837246369822511,0.07668665369875385
elec_price_lv,Weather Conditions,0.09616787466415803,0.10371480605280045,0.11413529685297975
elec_price_lv,Electricity Trade Ratio,0.07309128127191557,0.0827136816843177,0.09463364085839313
elec_price_lv,Electricity Trade Volume,0.08557044275037579,0.09580447637955276,0.10701085071269562
elec_price_lv,WACC,0.05355834792132059,0.06724574296533142,0.07848985496271309
elec_price_lv,Bunker Emission Reduction,0.05122960075696439,0.06843837158130105,0.07752098180276412
elec_price_lv,End-of-Life Emission Reduction,0.07222936572151736,0.0834387809696988,0.09414463032091014
elec_price_hv_std,CO2 Cap,0.036078615516640204,0.04821603000840984,0.05635781645499052
elec_price_hv_std,Buildings demand,0.04648141881483259,0.05448767124921651,0.0626027962458458
elec_price_hv_std,Steel Production,0.03564941782732368,0.04769457050121974,0.05696136425992978
elec_price_hv_std,Chemical Production,0.03683619035689584,0.04747006523298822,0.05717115585314328
elec_price_hv_std,Passenger Cars,0.04009429958612687,0.04732638979141262,0.05849898023521674
elec_price_hv_std,Bunker aviation,0.03609310082158843,0.044282875781044305,0.05632803238306868
elec_price_hv_std,Bunker navigation,0.042405256175604436,0.05173409836519363,0.061887795586422566
elec_price_hv_std,Agriculture neGHG CH4,0.035759520238305045,0.04859772858820081,0.05577786114438939
elec_price_hv_std,Agriculture neGHG N2O,0.03697236378573509,0.047920889601985796,0.0565514685454861
elec_price_hv_std,Wind offshore Costs,0.036920974662499995,0.048662775478668305,0.05843535426615092
elec_price_hv_std,Wind offshore Potential,0.04017073211294911,0.04919587139265017,0.060501928423562314
elec_price_hv_std,Solar PV Costs,0.03827994459725195,0.05028970086476718,0.057927316150844746
elec_price_hv_std,Solar PV Potential,0.03604262255250134,0.04661857005116043,0.05679307204875329
elec_price_hv_std,Nuclear Costs,0.03889597322084238,0.04986672671365563,0.05905767041758546
elec_price_hv_std,Nuclear Potential,0.03567507050568743,0.04713556016432101,0.057545930087534614
elec_price_hv_std,Hydrogen Import Potential,0.0418177944825176,0.05088464804105361,0.06171254417974635
elec_price_hv_std,Hydrogen Import Price,0.03808623251758011,0.04918622688047918,0.058799495259368666
elec_price_hv_std,Biomass Import Potential,0.048323889202112204,0.054292087839049784,0.06556736684001103
elec_price_hv_std,Biomass Import Price,0.053214110325338924,0.05824627128620059,0.07005642615334343
elec_price_hv_std,Ammonia Import Potential,0.05311316739846969,0.059542887906107865,0.06940020515789533
elec_price_hv_std,Ammonia Import Price,0.05238009597916545,0.058794036271120204,0.06817033711398793
elec_price_hv_std,CCS potential,0.05907410997589648,0.06348111452183591,0.0739354061937548
elec_price_hv_std,Flexibility Costs,0.10487742507244775,0.1084112135559081,0.11948348985460965
elec_price_hv_std,LNG Price,0.03398214051531099,0.04637114517446787,0.054126237461725214
elec_price_hv_std,Electricity Trade Price,0.062321431854425825,0.06920304469399992,0.07727508013605243
elec_price_hv_std,Weather Conditions,0.10326440113269697,0.10379484329781904,0.11686400054866769
elec_price_hv_std,Electricity Trade Ratio,0.30250474089669366,0.29910227098186143,0.311509207116332
elec_price_hv_std,Electricity Trade Volume,0.1792314503832705,0.1769148559873376,0.18773682943144732
elec_price_hv_std,WACC,0.08326515199438381,0.08687656627735704,0.09676472749571641
elec_price_hv_std,Bunker Emission Reduction,0.042758361833455036,0.05009395137840575,0.06059761429305304
elec_price_hv_std,End-of-Life Emission Reduction,0.04570856864059452,0.05385045772579231,0.06333379558052973
feedstock_co2_price,CO2 Cap,0.0435961297949891,0.05732814979958599,0.06603569001459683
feedstock_co2_price,Buildings demand,0.04593325863476195,0.05635664000451551,0.06708599980060365
feedstock_co2_price,Steel Production,0.040831457128864074,0.055763981508853346,0.06418616751531082
feedstock_co2_price,Chemical Production,0.11584095102987206,0.11826009709460951,0.13021577860350245
feedstock_co2_price,Passenger Cars,0.047276151029807215,0.05789735999239061,0.0682535453348889
feedstock_co2_price,Bunker aviation,0.049764152264347904,0.06177006601472186,0.07002099208970297
feedstock_co2_price,Bunker navigation,0.04722062506498634,0.05836159223203958,0.06739264311251406
feedstock_co2_price,Agriculture neGHG CH4,0.042723668964146436,0.05672417912263817,0.06504437242660849
feedstock_co2_price,Agriculture neGHG N2O,0.04084032303295548,0.05570229383707141,0.06375296046133432
feedstock_co2_price,Wind offshore Costs,0.05292617543308025,0.06271093320399995,0.07307713034218312
feedstock_co2_price,Wind offshore Potential,0.04239774561453982,0.05630742241805658,0.06635418650238631
feedstock_co2_price,Solar PV Costs,0.03955932677955143,0.055385971543797756,0.06480563584110424
feedstock_co2_price,Solar PV Potential,0.04165001645646754,0.05515969792520353,0.06558761872088743
feedstock_co2_price,Nuclear Costs,0.04516803716569671,0.0584442503019044,0.06704340842148805
feedstock_co2_price,Nuclear Potential,0.03892513401279892,0.054172337075546556,0.06418675583723155
feedstock_co2_price,Hydrogen Import Potential,0.04526964845135972,0.058485008732686423,0.06839711401786863
feedstock_co2_price,Hydrogen Import Price,0.048407331704305966,0.05974885541741646,0.06984758508137216
feedstock_co2_price,Biomass Import Potential,0.05263480243856903,0.06302109753105875,0.07277881718999174
feedstock_co2_price,Biomass Import Price,0.06971400917982276,0.07924267204850481,0.08607797000891594
feedstock_co2_price,Ammonia Import Potential,0.055438876488396044,0.06508236115827779,0.07630735935322379
feedstock_co2_price,Ammonia Import Price,0.05546211379668468,0.06606291421872948,0.07579774533699773
feedstock_co2_price,CCS potential,0.0586873832667214,0.0670141729424546,0.07772603594101934
feedstock_co2_price,Flexibility Costs,0.04770466087922213,0.05687601394555578,0.06645033949512724
feedstock_co2_price,LNG Price,0.04024090892909242,0.055164010386840004,0.06446122721982712
feedstock_co2_price,Electricity Trade Price,0.04606270205745544,0.05751496249365815,0.06672314210642405
feedstock_co2_price,Weather Conditions,0.04754876218350699,0.05960209648922325,0.06814234446391008
feedstock_co2_price,Electricity Trade Ratio,0.047352110969971495,0.0597613235745518,0.06991651533319512
feedstock_co2_price,Electricity Trade Volume,0.04811204416456492,0.05953999215994871,0.06921736757878463
feedstock_co2_price,WACC,0.05292670869880288,0.06367195298244006,0.0715417534888542
feedstock_co2_price,Bunker Emission Reduction,0.04768693556832331,0.05989219037565685,0.06923907604734349
feedstock_co2_price,End-of-Life Emission Reduction,0.4555252328597837,0.45056656960992836,0.4599657072668454
import_dependency,CO2 Cap,0.04266567142023252,0.05451982302088975,0.06396768709896132
import_dependency,Buildings demand,0.05556938427128142,0.06321757459277755,0.07610868587436817
import_dependency,Steel Production,0.04291216118899155,0.05442998901328758,0.06455870102808339
import_dependency,Chemical Production,0.04767862819842077,0.058253315506495554,0.06741227335901971
import_dependency,Passenger Cars,0.04089021100524178,0.053860092119194465,0.06244287245544356
import_dependency,Bunker aviation,0.04099540273090353,0.05363153156486769,0.06248282745693744
import_dependency,Bunker navigation,0.044647866221106725,0.055998372117025026,0.06543270747966445
import_dependency,Agriculture neGHG CH4,0.041646816441050304,0.05522172208070552,0.06561668400074763
import_dependency,Agriculture neGHG N2O,0.04075536099841102,0.05476196803815975,0.06375418808332822
import_dependency,Wind offshore Costs,0.07189633024399637,0.0759034545743524,0.08825365508934259
import_dependency,Wind offshore Potential,0.05512085133007093,0.06450151303602408,0.07388414898593469
import_dependency,Solar PV Costs,0.0451356625257943,0.05712220619752512,0.06747993973362616
import_dependency,Solar PV Potential,0.042758181280113154,0.056823679667685346,0.06423513565011699
import_dependency,Nuclear Costs,0.11686336839803572,0.11768480501735167,0.1295896152047784
import_dependency,Nuclear Potential,0.04892819271106202,0.05963101497807951,0.06906282462266775
import_dependency,Hydrogen Import Potential,0.037447803726218816,0.05222724400395732,0.06136801155543298
import_dependency,Hydrogen Import Price,0.05164472582297512,0.06055518713885605,0.07164977824381118
import_dependency,Biomass Import Potential,0.06689080336315108,0.0745209712633283,0.08569362204574163
import_dependency,Biomass Import Price,0.0993974501198337,0.10107300228158224,0.11277989784779262
import_dependency,Ammonia Import Potential,0.053923470335366104,0.06236390622982396,0.07086960222194119
import_dependency,Ammonia Import Price,0.04898122300771084,0.059793509485993455,0.07030078949559909
import_dependency,CCS potential,0.08228586173456799,0.08758747108441467,0.10035508587080225
import_dependency,Flexibility Costs,0.04355668383889652,0.05450051692434587,0.06428090754804852
import_dependency,LNG Price,0.03675000103379051,0.05060466969185541,0.06047571112481293
import_dependency,Electricity Trade Price,0.045126293377078706,0.05494922641459245,0.0669348869167754
import_dependency,Weather Conditions,0.10136885984540059,0.10217326484093348,0.1130248336199818
import_dependency,Electricity Trade Ratio,0.16631625153768348,0.16357983509175522,0.17793433263578773
import_dependency,Electricity Trade Volume,0.17843592893265692,0.17483006076760102,0.18874170682584512
import_dependency,WACC,0.058787420220068526,0.06700696146024712,0.07664153528771656
import_dependency,Bunker Emission Reduction,0.04188570843250939,0.055386846341302386,0.06193196832511711
import_dependency,End-of-Life Emission Reduction,0.043404008663674734,0.055429849349531074,0.0663885446106523
self_sufficiency,CO2 Cap,0.04266567142023252,0.05338027062646018,0.06206765115683554
self_sufficiency,Buildings demand,0.05556938427128144,0.06335343599941172,0.07504724742163844
self_sufficiency,Steel Production,0.04291216118899157,0.05302090977979697,0.06421451026343823
self_sufficiency,Chemical Production,0.04767862819842079,0.05660174174602401,0.06942599078629395
self_sufficiency,Passenger Cars,0.04089021100524178,0.05392359044602602,0.06302167844664766
self_sufficiency,Bunker aviation,0.04099540273090352,0.05308231104697472,0.06391183967313481
self_sufficiency,Bunker navigation,0.04464786622110674,0.05459598929627023,0.0650998018035449
self_sufficiency,Agriculture neGHG CH4,0.041646816441050304,0.05423511963017444,0.06393705491611149
self_sufficiency,Agriculture neGHG N2O,0.040755360998411025,0.05378347314325586,0.063230777444513
self_sufficiency,Wind offshore Costs,0.0718963302439964,0.0772182411756506,0.08857489208648046
self_sufficiency,Wind offshore Potential,0.05512085133007093,0.0644652444401881,0.07393490595556108
self_sufficiency,Solar PV Costs,0.045135662525794304,0.05707344553202974,0.06605113647614383
self_sufficiency,Solar PV Potential,0.042758181280113175,0.05519433372617711,0.06621073370535223
self_sufficiency,Nuclear Costs,0.11686336839803572,0.11568384326288503,0.12843983126605035
self_sufficiency,Nuclear Potential,0.04892819271106202,0.05909838580303682,0.0677766561527026
self_sufficiency,Hydrogen Import Potential,0.037447803726218816,0.05257876709135637,0.060080684500983736
self_sufficiency,Hydrogen Import Price,0.051644725822975114,0.06310344252967019,0.07273225480014595
self_sufficiency,Biomass Import Potential,0.06689080336315106,0.07423196007106549,0.08537425027003602
self_sufficiency,Biomass Import Price,0.09939745011983371,0.1022414266927194,0.11353620802909183
self_sufficiency,Ammonia Import Potential,0.053923470335366076,0.060938036087142586,0.07064655836578634
self_sufficiency,Ammonia Import Price,0.048981223007710836,0.05954170827482394,0.07108696405288008
self_sufficiency,CCS potential,0.08228586173456798,0.08623799750069784,0.09965621971718311
self_sufficiency,Flexibility Costs,0.04355668383889654,0.05507746035483129,0.06311520038477968
self_sufficiency,LNG Price,0.036750001033790516,0.05011287785299082,0.05983081500410112
self_sufficiency,Electricity Trade Price,0.04512629337707872,0.05560953990842192,0.06462970966871893
self_sufficiency,Weather Conditions,0.10136885984540056,0.10373370666071868,0.11398398578511026
self_sufficiency,Electricity Trade Ratio,0.1663162515376834,0.16403557670247035,0.1756701740429415
self_sufficiency,Electricity Trade Volume,0.1784359289326569,0.17661862335764067,0.1894538186867575
self_sufficiency,WACC,0.05878742022006852,0.0649190957165349,0.07962368225094998
self_sufficiency,Bunker Emission Reduction,0.04188570843250938,0.053444457236699404,0.06322483759775402
self_sufficiency,End-of-Life Emission Reduction,0.04340400866367472,0.05773809127350002,0.06463668164586228
gas_import_share,CO2 Cap,0.09711358571459552,0.09895199188227805,0.11275572231842335
gas_import_share,Buildings demand,0.050803794239254574,0.06172178797768457,0.07027198900641396
gas_import_share,Steel Production,0.042802739771761,0.05215033235350915,0.06329887703502043
gas_import_share,Chemical Production,0.04511340232960624,0.05541230677643687,0.06530854160900817
gas_import_share,Passenger Cars,0.0393055871539523,0.051583340585959175,0.062041166673826885
gas_import_share,Bunker aviation,0.03956467541283963,0.05253843814428065,0.06250411544783598
gas_import_share,Bunker navigation,0.04331393740382766,0.05342493122209507,0.06399182894278505
gas_import_share,Agriculture neGHG CH4,0.06577695564439617,0.07183562824846992,0.08105949732601848
gas_import_share,Agriculture neGHG N2O,0.045229927477809635,0.054879754144561615,0.06501854382432715
gas_import_share,Wind offshore Costs,0.03950728129077836,0.05285846318697676,0.06201844710259006
gas_import_share,Wind offshore Potential,0.036864893320419194,0.05023480137909903,0.05958556471105155
gas_import_share,Solar PV Costs,0.04049540429282666,0.052125978894970636,0.061071223844336046
gas_import_share,Solar PV Potential,0.036311427197218776,0.050126029375964075,0.05871675727922245
gas_import_share,Nuclear Costs,0.05540578408714488,0.0639293773580935,0.07283337803207796
gas_import_share,Nuclear Potential,0.035082488780226705,0.0493234885654274,0.05941308674964891
gas_import_share,Hydrogen Import Potential,0.0382148391529288,0.05362854511459495,0.06056049369990789
gas_import_share,Hydrogen Import Price,0.041757236507761385,0.05395407204297956,0.06377232504460212
gas_import_share,Biomass Import Potential,0.04130702970420208,0.054060283511482704,0.0625448443547817
gas_import_share,Biomass Import Price,0.04326408160288122,0.054632186954767334,0.06367790845992281
gas_import_share,Ammonia Import Potential,0.042489008696312204,0.05502643353024534,0.0642657159415343
gas_import_share,Ammonia Import Price,0.037950804971324206,0.05106603178447812,0.059902476123404345
gas_import_share,CCS potential,0.41734963495002536,0.4137287270226879,0.42307341356630496
gas_import_share,Flexibility Costs,0.036559285313571985,0.04925556220815355,0.05779655619473061
gas_import_share,LNG Price,0.05100472437310944,0.05836035555511186,0.0699570476346943
gas_import_share,Electricity Trade Price,0.04137044978085096,0.05368165544798815,0.06180276015853111
gas_import_share,Weather Conditions,0.041489142737017835,0.05304247193825698,0.062220663798946196
gas_import_share,Electricity Trade Ratio,0.07624796592668513,0.08096395066544437,0.09039425886401804
gas_import_share,Electricity Trade Volume,0.038598714446424646,0.05191743564727733,0.06134685206712144
gas_import_share,WACC,0.04087342572123309,0.05484637404121237,0.063618048941524
gas_import_share,Bunker Emission Reduction,0.06024448449678918,0.06721435439949054,0.08099289712436608
gas_import_share,End-of-Life Emission Reduction,0.08865753225873693,0.09248954332833623,0.10512820801365398
import_concentration_hhi,CO2 Cap,0.07808480754243133,0.0822515427919538,0.09222668142271433
import_concentration_hhi,Buildings demand,0.04375885622406355,0.054632919072471246,0.06485794599402461
import_concentration_hhi,Steel Production,0.04328456061930838,0.05495936555939223,0.06340521011391755
import_concentration_hhi,Chemical Production,0.046586693509914616,0.05728886108214075,0.06672404462413434
import_concentration_hhi,Passenger Cars,0.041828753553636855,0.054401850580039726,0.06320191717590111
import_concentration_hhi,Bunker aviation,0.04075015340163131,0.05286091419520041,0.06276408411198228
import_concentration_hhi,Bunker navigation,0.060431502818430814,0.06832387166330238,0.07824333343101604
import_concentration_hhi,Agriculture neGHG CH4,0.04999411637199966,0.05994452818802321,0.0687433021114718
import_concentration_hhi,Agriculture neGHG N2O,0.042565077068355474,0.055588642255219076,0.06479780264377819
import_concentration_hhi,Wind offshore Costs,0.05431767291531694,0.06295580507175826,0.07298246629416809
import_concentration_hhi,Wind offshore Potential,0.04212363390269262,0.05601603178996615,0.06559833274802236
import_concentration_hhi,Solar PV Costs,0.043175897481019916,0.053166621689608014,0.06198518180967991
import_concentration_hhi,Solar PV Potential,0.038112103279092355,0.05132262711099519,0.06237895669445654
import_concentration_hhi,Nuclear Costs,0.20709875775188064,0.20622528394157158,0.21741590183142048
import_concentration_hhi,Nuclear Potential,0.0625006997342533,0.07119317829642287,0.08128675435240286
import_concentration_hhi,Hydrogen Import Potential,0.03868400225859987,0.05110619083624034,0.06148296561498197
import_concentration_hhi,Hydrogen Import Price,0.05034500950301053,0.06090826183535289,0.06994130554149383
import_concentration_hhi,Biomass Import Potential,0.07195421475680847,0.07695150659392602,0.08834431125984288
import_concentration_hhi,Biomass Import Price,0.07340552540055369,0.07851802586357906,0.09048377671248395
import_concentration_hhi,Ammonia Import Potential,0.07104747598978123,0.0766147507777463,0.08647719726377723
import_concentration_hhi,Ammonia Import Price,0.0630644458221266,0.06988916248331996,0.0798113202062145
import_concentration_hhi,CCS potential,0.22719342461608266,0.2257994487148034,0.23641992020806266
import_concentration_hhi,Flexibility Costs,0.038142441163071666,0.05088574931724367,0.060762086753101234
import_concentration_hhi,LNG Price,0.03977725962046946,0.05093976224631212,0.060485309962520314
import_concentration_hhi,Electricity Trade Price,0.043117789166090575,0.05430918075010564,0.06393254076317616
import_concentration_hhi,Weather Conditions,0.07117719731815095,0.07536675639374144,0.08834430279393002
import_concentration_hhi,Electricity Trade Ratio,0.058653755607251556,0.06782886105645618,0.07731533132207205
import_concentration_hhi,Electricity Trade Volume,0.04852401852524744,0.05779166525532552,0.07000802360831064
import_concentration_hhi,WACC,0.06293145803124939,0.06926983388343001,0.07900940096266185
import_concentration_hhi,Bunker Emission Reduction,0.07818810646933191,0.08197094386831327,0.0933674956143225
import_concentration_hhi,End-of-Life Emission Reduction,0.0763545843782317,0.08134908863089477,0.0907524321327798
net_elec_imports,CO2 Cap,0.037264170702494444,0.04994068304448895,0.058314971119349794
net_elec_imports,Buildings demand,0.040719913937708886,0.05136753572417412,0.060837203122595634
net_elec_imports,Steel Production,0.03473152703710965,0.048663542827122507,0.058459543588390554
net_elec_imports,Chemical Production,0.03940427583496752,0.05062815037031873,0.06064176091161758
net_elec_imports,Passenger Cars,0.03904278041602917,0.05076234283410257,0.05945696145600399
net_elec_imports,Bunker aviation,0.03472804877280625,0.04878650173813138,0.05799291428405452
net_elec_imports,Bunker navigation,0.03760401043574637,0.04948439549689245,0.05986412965339676
net_elec_imports,Agriculture neGHG CH4,0.03546914998075074,0.04775002752530654,0.058020106066174734
net_elec_imports,Agriculture neGHG N2O,0.03885487612895029,0.05053294843469492,0.059107685937320374
net_elec_imports,Wind offshore Costs,0.04035877361391132,0.052711168297400454,0.06085643355280176
net_elec_imports,Wind offshore Potential,0.041838582655013626,0.05422711254960917,0.06355885981121262
net_elec_imports,Solar PV Costs,0.03728209694383953,0.049269628750288307,0.05799056057643044
net_elec_imports,Solar PV Potential,0.03985124645039854,0.0526244585708355,0.06098903555128766
net_elec_imports,Nuclear Costs,0.03955478692442627,0.050613147670323204,0.0602508384332158
net_elec_imports,Nuclear Potential,0.035964334880635516,0.04890460295924849,0.0585989047400061
net_elec_imports,Hydrogen Import Potential,0.03631843374702238,0.047924533869569,0.057803500286641496
net_elec_imports,Hydrogen Import Price,0.04051549937982802,0.05173952625327494,0.05982183051176658
net_elec_imports,Biomass Import Potential,0.037991969142472805,0.050559937976442135,0.05927171262265309
net_elec_imports,Biomass Import Price,0.04704830720064116,0.05717476315175306,0.06616855343072377
net_elec_imports,Ammonia Import Potential,0.037917371243520834,0.04997615827575829,0.05888882293025002
net_elec_imports,Ammonia Import Price,0.03985227982623239,0.05110917971884912,0.06191882330942424
net_elec_imports,CCS potential,0.04415429987115958,0.05358454431727272,0.06447260178270472
net_elec_imports,Flexibility Costs,0.037597539094280326,0.049674593626817684,0.059432128105498805
net_elec_imports,LNG Price,0.03474293920180562,0.04754746286226782,0.05808976366900089
net_elec_imports,Electricity Trade Price,0.07720957587777061,0.08109787634053647,0.09086380643492636
net_elec_imports,Weather Conditions,0.08522601114276973,0.08861599032193283,0.10074256183758652
net_elec_imports,Electricity Trade Ratio,0.5040160011460618,0.5018802695688428,0.5079143577219654
net_elec_imports,Electricity Trade Volume,0.3622127151186364,0.3586687108761762,0.36929340431925334
net_elec_imports,WACC,0.04348942149066745,0.05582316719700718,0.06439902734496253
net_elec_imports,Bunker Emission Reduction,0.03934121985153996,0.050524484419324625,0.061108176921187016
net_elec_imports,End-of-Life Emission Reduction,0.034739075165874114,0.04807824664284427,0.05701775964563408
biomass_imports,CO2 Cap,0.0506008393893724,0.05889897348203153,0.06880514673551348
biomass_imports,Buildings demand,0.04572770571596692,0.055394315958966586,0.0658096409514879
biomass_imports,Steel Production,0.04111460285939811,0.05271701397586521,0.060758499840053805
biomass_imports,Chemical Production,0.061437096088561384,0.06932784554455572,0.08072258864028731
biomass_imports,Passenger Cars,0.035065539815149295,0.04899613204388088,0.05976806067612393
biomass_imports,Bunker aviation,0.0443957348602392,0.054402620050879966,0.06460297187772786
biomass_imports,Bunker navigation,0.049562459544681046,0.05830228676199664,0.06891727135219343
biomass_imports,Agriculture neGHG CH4,0.0445490683295488,0.05505844959424367,0.06510850984508236
biomass_imports,Agriculture neGHG N2O,0.03708528301599799,0.05014870177937321,0.05930079586708146
biomass_imports,Wind offshore Costs,0.04356203157393786,0.055983965523669854,0.06378744317491113
biomass_imports,Wind offshore Potential,0.03591152634825343,0.04993746376529592,0.05997354362080378
biomass_imports,Solar PV Costs,0.03983023687607655,0.052175541532553917,0.060905936864873646
biomass_imports,Solar PV Potential,0.044611962067224654,0.055779601985158946,0.0654774046089693
biomass_imports,Nuclear Costs,0.04071974516103952,0.05347920828353634,0.0619740921431404
biomass_imports,Nuclear Potential,0.036759902227681544,0.050019959397863176,0.059032622192804377
biomass_imports,Hydrogen Import Potential,0.03810829817019729,0.050165233684434866,0.05989122429467592
biomass_imports,Hydrogen Import Price,0.045625505558142807,0.055777346983512874,0.06661157019536923
biomass_imports,Biomass Import Potential,0.37061088593301494,0.3704438669583602,0.3812689041861133
biomass_imports,Biomass Import Price,0.21231026807987857,0.21029047865310507,0.22191209139477627
biomass_imports,Ammonia Import Potential,0.06151792119496649,0.0694011127380011,0.08052972755453833
biomass_imports,Ammonia Import Price,0.06476630248815335,0.07041806066813777,0.08030317848738108
biomass_imports,CCS potential,0.07835269546265233,0.08110287729530855,0.09354433592362985
biomass_imports,Flexibility Costs,0.03841497532173656,0.05343501459020286,0.062398508281984795
biomass_imports,LNG Price,0.040391823851013114,0.052694168590089706,0.060663207443418334
biomass_imports,Electricity Trade Price,0.03837917850709246,0.05001605838597472,0.060326962220432365
biomass_imports,Weather Conditions,0.0431165221445788,0.05483218593237537,0.06273569879153154
biomass_imports,Electricity Trade Ratio,0.061170696100157976,0.06838413687375677,0.07890731932542024
biomass_imports,Electricity Trade Volume,0.05425617450128887,0.06254085404612564,0.07178428828791572
biomass_imports,WACC,0.05600668320761323,0.06428327082810568,0.07360646824837963
biomass_imports,Bunker Emission Reduction,0.0685325221089201,0.07695102009824828,0.08553737890483955
biomass_imports,End-of-Life Emission Reduction,0.10982818370913802,0.1104581894034265,0.12126758670811977
net_h2_imports,CO2 Cap,0.04926658914305142,0.055986866616508826,0.0677152849422436
net_h2_imports,Buildings demand,0.04687640816680602,0.05487668986097778,0.06453312052877913
net_h2_imports,Steel Production,0.037082089656623386,0.04822534020491946,0.056283745427216224
net_h2_imports,Chemical Production,0.04450555692029176,0.05377192948799474,0.06196540186667356
net_h2_imports,Passenger Cars,0.03465165814505954,0.04554138992787528,0.05437144858812983
net_h2_imports,Bunker aviation,0.040136114880380394,0.04919334035652491,0.05931041735052474
net_h2_imports,Bunker navigation,0.051536404064857204,0.05908499543882555,0.06861073429755363
net_h2_imports,Agriculture neGHG CH4,0.03872001591368282,0.04841993109389266,0.05843431047908012
net_h2_imports,Agriculture neGHG N2O,0.03447873410510522,0.04578894990162821,0.055556947406387176
net_h2_imports,Wind offshore Costs,0.040205608476013725,0.04862830340847625,0.0588948085132835
net_h2_imports,Wind offshore Potential,0.03492619046632938,0.04640305608214889,0.05606229492682069
net_h2_imports,Solar PV Costs,0.036471078290922165,0.04832484555796665,0.056986131501181515
net_h2_imports,Solar PV Potential,0.037776208557268084,0.04752692658525892,0.056588151901461645
net_h2_imports,Nuclear Costs,0.03723446805175794,0.04908819389960575,0.057402254567427896
net_h2_imports,Nuclear Potential,0.03535405051623751,0.046554858930582255,0.0563730267162588
net_h2_imports,Hydrogen Import Potential,0.11873600530562085,0.12134312867320038,0.131117620369055
net_h2_imports,Hydrogen Import Price,0.3121636646575914,0.3096959945282131,0.3200955715333252
net_h2_imports,Biomass Import Potential,0.045213078033109,0.05408119051043534,0.06648092590264028
net_h2_imports,Biomass Import Price,0.04936950728714724,0.05617959848850859,0.06496618448802931
net_h2_imports,Ammonia Import Potential,0.06894999789723465,0.07482843243841361,0.08408357319447614
net_h2_imports,Ammonia Import Price,0.05675429295112475,0.0628330971225077,0.0741736105375253
net_h2_imports,CCS potential,0.0772651627075666,0.08013856694865,0.09144026523820456
net_h2_imports,Flexibility Costs,0.0351520032124923,0.04665445364130736,0.05606913397981101
net_h2_imports,LNG Price,0.037159111398873255,0.04780755206606279,0.05620523287349251
net_h2_imports,Electricity Trade Price,0.03663860210449538,0.046969639915323276,0.0568423233873806
net_h2_imports,Weather Conditions,0.043967459604338684,0.0530604941108778,0.06270630189876199
net_h2_imports,Electricity Trade Ratio,0.055119491093076574,0.06343447322298602,0.07307563137334179
net_h2_imports,Electricity Trade Volume,0.05068484344318741,0.05732669511811156,0.06925960868407603
net_h2_imports,WACC,0.05074548109697176,0.05745158681385365,0.06813111531631678
net_h2_imports,Bunker Emission Reduction,0.047781043294250904,0.053942784298128245,0.06488858336003034
net_h2_imports,End-of-Life Emission Reduction,0.056781019289859014,0.06310416406770254,0.07335507626634893
fossil_imports,CO2 Cap,0.09872504194823796,0.10227200307590398,0.11285807716915716
fossil_imports,Buildings demand,0.038902324564296806,0.05160670918678687,0.06058699091364914
fossil_imports,Steel Production,0.03762498588350938,0.05171624227683383,0.06050242473527768
fossil_imports,Chemical Production,0.07945533918565152,0.08478132969773546,0.09624959604949326
fossil_imports,Passenger Cars,0.040289017617450344,0.05194259632800535,0.06107544050706644
fossil_imports,Bunker aviation,0.04045913383618788,0.05253800802744015,0.062076565153397704
fossil_imports,Bunker navigation,0.04341696123637055,0.055923701471495696,0.06519358037521183
fossil_imports,Agriculture neGHG CH4,0.05891082309353446,0.0660418174857378,0.07614445175714975
fossil_imports,Agriculture neGHG N2O,0.04792002534718603,0.05775846758817831,0.06752295814855526
fossil_imports,Wind offshore Costs,0.043372575633483734,0.05431901011510475,0.0648787456476596
fossil_imports,Wind offshore Potential,0.03372451876537303,0.04924082726896227,0.05635993757149051
fossil_imports,Solar PV Costs,0.03804068806134964,0.050897179973465635,0.05945103795262178
fossil_imports,Solar PV Potential,0.03902755837806309,0.05184987630008251,0.0608579242385486
fossil_imports,Nuclear Costs,0.037664939163370964,0.05134001926603413,0.06163480541275157
fossil_imports,Nuclear Potential,0.03909682632885889,0.050394456999287636,0.0596574203385429
fossil_imports,Hydrogen Import Potential,0.03807948801679267,0.05235732266414098,0.06102942224356586
fossil_imports,Hydrogen Import Price,0.0365286736508629,0.051469796983158844,0.05917372023420286
fossil_imports,Biomass Import Potential,0.04351281514257252,0.05408463002186813,0.06305896726803649
fossil_imports,Biomass Import Price,0.03844851881356057,0.05217484654220997,0.06112397889248476
fossil_imports,Ammonia Import Potential,0.04267049251422718,0.05565942125386003,0.0635096283027108
fossil_imports,Ammonia Import Price,0.03640752709004181,0.04983731296586662,0.05990256786102393
fossil_imports,CCS potential,0.4367406255002827,0.43090132646329754,0.44243065965623807
fossil_imports,Flexibility Costs,0.040197802360228865,0.052664373248321183,0.06136729316391135
fossil_imports,LNG Price,0.045010625145443565,0.05608768981266996,0.06543582444775475
fossil_imports,Electricity Trade Price,0.03847131545633779,0.05118128829321242,0.059752678787569874
fossil_imports,Weather Conditions,0.04071844695196596,0.05329689462467317,0.062461410011587726
fossil_imports,Electricity Trade Ratio,0.04364578222667242,0.0550975966267447,0.062449855396208134
fossil_imports,Electricity Trade Volume,0.03559362186825498,0.04977690242472235,0.058158878402453436
fossil_imports,WACC,0.03799557277834921,0.05134601926829884,0.060999152257934106
fossil_imports,Bunker Emission Reduction,0.06401431668544527,0.06987996237270053,0.08106856310085944
fossil_imports,End-of-Life Emission Reduction,0.08823481923148276,0.09331776451096783,0.10274050953276653
elec_generation,CO2 Cap,0.044716844364854846,0.05604974038325848,0.0649365086357489
elec_generation,Buildings demand,0.07270621022617452,0.07942777893350507,0.09064649795890797
elec_generation,Steel Production,0.0448363196220235,0.05615527245368078,0.06500020931547797
elec_generation,Chemical Production,0.08004902073260145,0.08683224505083517,0.09863231579328521
elec_generation,Passenger Cars,0.04443414025539227,0.054243793495521574,0.06418237732459324
elec_generation,Bunker aviation,0.04569181837925522,0.057791356996023724,0.0659322317090725
elec_generation,Bunker navigation,0.05709092784987725,0.06472617595947772,0.07628500354240145
elec_generation,Agriculture neGHG CH4,0.03940918531016022,0.05306566054128198,0.06283383235847095
elec_generation,Agriculture neGHG N2O,0.041669750686817796,0.05477938586472671,0.06352003109791902
elec_generation,Wind offshore Costs,0.05906444734345633,0.06609384465556582,0.07627549505616328
elec_generation,Wind offshore Potential,0.048408140200470545,0.05933880163012243,0.06975229940303927
elec_generation,Solar PV Costs,0.042285640158094294,0.05487098542800188,0.065007169889154
elec_generation,Solar PV Potential,0.041246929616881305,0.05479838009738955,0.0636049902810545
elec_generation,Nuclear Costs,0.0402238506509993,0.05344109822917901,0.06278442031267242
elec_generation,Nuclear Potential,0.04124491999870237,0.053682075604114005,0.06306708674271787
elec_generation,Hydrogen Import Potential,0.04630226788877924,0.05797530560977371,0.06642751011790801
elec_generation,Hydrogen Import Price,0.05963067346686953,0.06789261275857332,0.0786859115282658
elec_generation,Biomass Import Potential,0.04757703883397654,0.0595889813611074,0.06951950837751072
elec_generation,Biomass Import Price,0.07493718118435237,0.08010606543175842,0.0925041965817205
elec_generation,Ammonia Import Potential,0.08511512318431745,0.09119897508204555,0.10267734931426542
elec_generation,Ammonia Import Price,0.06629226141175416,0.07488131571568055,0.08281355277313934
elec_generation,CCS potential,0.0684846982235363,0.0739889969488632,0.08812493780071362
elec_generation,Flexibility Costs,0.04165811512164023,0.05467177460754889,0.06278114524873347
elec_generation,LNG Price,0.03734783562058834,0.05187193473981315,0.060861811597911035
elec_generation,Electricity Trade Price,0.050546144498319276,0.060104017572310986,0.07037173403167367
elec_generation,Weather Conditions,0.07562635650937496,0.08198288416317012,0.09337906086861203
elec_generation,Electricity Trade Ratio,0.2949403166111885,0.2896052769849518,0.30133410190460164
elec_generation,Electricity Trade Volume,0.09813261656868459,0.09894381130692398,0.11091440049626726
elec_generation,WACC,0.0812015405723664,0.08684580250600284,0.0973335229347138
elec_generation,Bunker Emission Reduction,0.04513371500896157,0.05747547012118076,0.06729070087981658
elec_generation,End-of-Life Emission Reduction,0.05778016181018604,0.06448224901399474,0.07608726607105341
vre_share,CO2 Cap,0.03826882981048026,0.049642861212198006,0.06065115923699332
vre_share,Buildings demand,0.04917401168805206,0.059209245302220284,0.06977779746370627
vre_share,Steel Production,0.0359346918280952,0.04867130382595516,0.05813462806396593
vre_share,Chemical Production,0.050973063973149914,0.05923385945115775,0.07119327284214423
vre_share,Passenger Cars,0.03767380444461047,0.04829871738982003,0.057014181869618576
vre_share,Bunker aviation,0.04238178319006955,0.05189582424962566,0.059642632010252515
vre_share,Bunker navigation,0.042146145419829285,0.05134051641150449,0.06309643426235426
vre_share,Agriculture neGHG CH4,0.03528548164736276,0.04608995095795194,0.0553304258553292
vre_share,Agriculture neGHG N2O,0.03553590263743747,0.04713597781918868,0.05455437089955836
vre_share,Wind offshore Costs,0.05450745147666614,0.06161773965087375,0.07036339273275496
vre_share,Wind offshore Potential,0.04700976610210186,0.05517627772543811,0.06672826399932068
vre_share,Solar PV Costs,0.039594475408735515,0.05060335479779193,0.06070295467741682
vre_share,Solar PV Potential,0.03842573379322644,0.049786861147172394,0.060081407702498105
vre_share,Nuclear Costs,0.20563802213478222,0.20340942237292498,0.21536049920649503
vre_share,Nuclear Potential,0.06318370838413948,0.07009144451134322,0.08096828640054154
vre_share,Hydrogen Import Potential,0.03497610624041549,0.045586636465395326,0.0556676754340385
vre_share,Hydrogen Import Price,0.043079062980941454,0.052833166030106675,0.061240835369633026
vre_share,Biomass Import Potential,0.045107854718411396,0.05364558728403706,0.0639858490073494
vre_share,Biomass Import Price,0.048093954689923314,0.05800722441293938,0.06649888008856795
vre_share,Ammonia Import Potential,0.05205694931580774,0.05977063442438789,0.0706868398467946
vre_share,Ammonia Import Price,0.04899201272655472,0.05594028501226203,0.06610599129935564
vre_share,CCS potential,0.04651711603362116,0.05465099995925129,0.0638445175006891
vre_share,Flexibility Costs,0.03639852600596804,0.047886197711006925,0.05676175216675888
vre_share,LNG Price,0.03278467464737815,0.04545756830194263,0.05444652024195658
vre_share,Electricity Trade Price,0.05962543040812444,0.06709801184505317,0.07745784783474106
vre_share,Weather Conditions,0.09559968936203511,0.09549144246310565,0.10616295731370856
vre_share,Electricity Trade Ratio,0.20264912515698136,0.20038092462145965,0.21205624048007196
vre_share,Electricity Trade Volume,0.22438093838946915,0.22287231084785702,0.23356893089472974
vre_share,WACC,0.06340051441928693,0.06867981971402476,0.07902533161928474
vre_share,Bunker Emission Reduction,0.0412659090960201,0.051735023070303574,0.06110151206022955
vre_share,End-of-Life Emission Reduction,0.04160699274219123,0.050523842496567224,0.060356181036006935
renewable_elec_share,CO2 Cap,0.039194476506125606,0.04960775118496861,0.060398598731438546
renewable_elec_share,Buildings demand,0.04721615087230527,0.05854543336972232,0.06868076619641336
renewable_elec_share,Steel Production,0.035025361422498805,0.04560617800828933,0.05627599018761504
renewable_elec_share,Chemical Production,0.055120671598035395,0.06357908824022203,0.07367074495884939
renewable_elec_share,Passenger Cars,0.03751101785045144,0.04806753929474739,0.05858004883597874
renewable_elec_share,Bunker aviation,0.04048314734324747,0.05110570208878933,0.058477259580113426
renewable_elec_share,Bunker navigation,0.040799481316804394,0.05134669021753279,0.06066206154833868
renewable_elec_share,Agriculture neGHG CH4,0.03660895795577006,0.04786070044734243,0.0569750718313907
renewable_elec_share,Agriculture neGHG N2O,0.03744492752623848,0.049000686100896966,0.05761554178428363
renewable_elec_share,Wind offshore Costs,0.05302460306551242,0.0591915788582084,0.07046098097910163
renewable_elec_share,Wind offshore Potential,0.04603264253201709,0.05586614472308789,0.06317367390321166
renewable_elec_share,Solar PV Costs,0.038025729734586566,0.05061853478454269,0.058066573457867636
renewable_elec_share,Solar PV Potential,0.04038510677690342,0.05063877042886019,0.06021403029201553
renewable_elec_share,Nuclear Costs,0.21496600713235,0.21197184249316506,0.22286720595070353
renewable_elec_share,Nuclear Potential,0.06756938576809596,0.0739288934446135,0.08446530395460104
renewable_elec_share,Hydrogen Import Potential,0.036297046332399004,0.04845657702643103,0.05695322813760174
renewable_elec_share,Hydrogen Import Price,0.040503304810651584,0.05065880707163894,0.0598042914553948
renewable_elec_share,Biomass Import Potential,0.0488974501890747,0.05537819342029724,0.06621405925088555
renewable_elec_share,Biomass Import Price,0.04938809047588237,0.05652812025362528,0.0661604134898552
renewable_elec_share,Ammonia Import Potential,0.0484290587011902,0.058246276834199875,0.06708535617191627
renewable_elec_share,Ammonia Import Price,0.04888139851988128,0.05569996585873051,0.06608715392891296
renewable_elec_share,CCS potential,0.05153637691578984,0.060285531596712336,0.06858621664904692
renewable_elec_share,Flexibility Costs,0.03859621699344305,0.04936175644706353,0.05916108251838107
renewable_elec_share,LNG Price,0.03433309431132886,0.04561731670579692,0.05478571377319992
renewable_elec_share,Electricity Trade Price,0.055681917780655295,0.0653125521173367,0.07494146284971082
renewable_elec_share,Weather Conditions,0.09263926017753296,0.0921800648779963,0.10531694778077223
renewable_elec_share,Electricity Trade Ratio,0.2030929082879603,0.2001771891999051,0.21065417593311203
renewable_elec_share,Electricity Trade Volume,0.1945587975690794,0.19406365175352083,0.2058386387432028
renewable_elec_share,WACC,0.06343621064167872,0.06871746114884884,0.07980556996591032
renewable_elec_share,Bunker Emission Reduction,0.04465350517553184,0.052800630804998916,0.06323741793147769
renewable_elec_share,End-of-Life Emission Reduction,0.0448021786077545,0.05305054957818568,0.06283347887255517
res_share_primary,CO2 Cap,0.05687448099185471,0.06669396164571244,0.07656482669057285
res_share_primary,Buildings demand,0.04686738900770822,0.058406208093361806,0.06792598115383779
res_share_primary,Steel Production,0.042418654424788524,0.05496851697300003,0.06391155253858562
res_share_primary,Chemical Production,0.03719468118427478,0.052162746600204014,0.06280055756401295
res_share_primary,Passenger Cars,0.040889280873145695,0.05416596824517355,0.06327237842540466
res_share_primary,Bunker aviation,0.041166295860843485,0.05259813211987258,0.06243550473511109
res_share_primary,Bunker navigation,0.043676759904759485,0.055706128891937955,0.06348738247899995
res_share_primary,Agriculture neGHG CH4,0.04465662177773239,0.057643364820323076,0.06649449945910055
res_share_primary,Agriculture neGHG N2O,0.03653179063415864,0.05185020976396667,0.05973185232913399
res_share_primary,Wind offshore Costs,0.05722749702212488,0.0672419728961489,0.07642056044241266
res_share_primary,Wind offshore Potential,0.0469127674401442,0.05761297769844236,0.06751635440647892
res_share_primary,Solar PV Costs,0.04106224865640329,0.05326114432324405,0.06372126798586648
res_share_primary,Solar PV Potential,0.03932618522151696,0.053818537200112426,0.06320212327696689
res_share_primary,Nuclear Costs,0.15849615771043346,0.15847959872662593,0.1705213364484355
res_share_primary,Nuclear Potential,0.048816052108056764,0.05917805613459906,0.06893143151165718
res_share_primary,Hydrogen Import Potential,0.047706357679876465,0.05767715336865966,0.06767122359850938
res_share_primary,Hydrogen Import Price,0.06395650191197354,0.06971777501469643,0.08158002409030246
res_share_primary,Biomass Import Potential,0.08299936200956812,0.08898116266185997,0.09960290306309327
res_share_primary,Biomass Import Price,0.09994603315404482,0.101385867911749,0.11446780450729192
res_share_primary,Ammonia Import Potential,0.07297277767734105,0.07933494835456713,0.09062082494570954
res_share_primary,Ammonia Import Price,0.08155984389928757,0.08588442375555418,0.09564778436616611
res_share_primary,CCS potential,0.14434093916678964,0.14511662813559115,0.15460158271166552
res_share_primary,Flexibility Costs,0.03921650271173272,0.05204140017799406,0.06070151767572629
res_share_primary,LNG Price,0.03842413530822709,0.05220546418242391,0.05947151914307813
res_share_primary,Electricity Trade Price,0.034854603581458345,0.05013777437332965,0.05859425381869647
res_share_primary,Weather Conditions,0.07080868493461276,0.07824251247505618,0.08734390805087078
res_share_primary,Electricity Trade Ratio,0.04942807660007111,0.0608368534105012,0.06978777089643019
res_share_primary,Electricity Trade Volume,0.06202526281839541,0.06755731149877756,0.07940396977353677
res_share_primary,WACC,0.04313801477517777,0.05592731451675441,0.06604159708683198
res_share_primary,Bunker Emission Reduction,0.04896560276758288,0.05899204474030765,0.06932409906274872
res_share_primary,End-of-Life Emission Reduction,0.07762263745074593,0.08101587947624164,0.094166944746027
electricity_share_supply,CO2 Cap,0.04727508305327449,0.05752216530004314,0.06659018656066404
electricity_share_supply,Buildings demand,0.06105303050022295,0.06753356675814992,0.07940983360357441
electricity_share_supply,Steel Production,0.03685096559686203,0.051018635930940054,0.061654059986531416
electricity_share_supply,Chemical Production,0.04352616840597769,0.0548484200978822,0.06464659535777552
electricity_share_supply,Passenger Cars,0.041550842949921854,0.055198430763872534,0.06281538825550587
electricity_share_supply,Bunker aviation,0.04038933512822585,0.05338496502484319,0.06313595680123771
electricity_share_supply,Bunker navigation,0.04266559209905624,0.05236931232591006,0.06188767167158459
electricity_share_supply,Agriculture neGHG CH4,0.04347720042267423,0.055385371289590625,0.06538899720583123
electricity_share_supply,Agriculture neGHG N2O,0.04050929079916026,0.052990367580559285,0.06280059102260462
electricity_share_supply,Wind offshore Costs,0.0711794463516435,0.07444071316578109,0.0869841409848405
electricity_share_supply,Wind offshore Potential,0.05417640349788985,0.06340604347779437,0.07351391772594928
electricity_share_supply,Solar PV Costs,0.04527114121717994,0.05493647480534264,0.0652114751426616
electricity_share_supply,Solar PV Potential,0.038057873159391215,0.051752291287853566,0.05964133783583993
electricity_share_supply,Nuclear Costs,0.07117495953559562,0.0771797021483666,0.08797443227153841
electricity_share_supply,Nuclear Potential,0.04143945308695902,0.05425610890224666,0.06423097342658582
electricity_share_supply,Hydrogen Import Potential,0.0439997451902471,0.0555040697791755,0.06674741536699048
electricity_share_supply,Hydrogen Import Price,0.06561061672844662,0.07279803579773798,0.08454263765892003
electricity_share_supply,Biomass Import Potential,0.0934519490700568,0.09478448708624171,0.10728152962205204
electricity_share_supply,Biomass Import Price,0.13529577128400216,0.13514397073710013,0.14594730542066287
electricity_share_supply,Ammonia Import Potential,0.08346330995933338,0.08777690672210865,0.10083164783777757
electricity_share_supply,Ammonia Import Price,0.07088540977448306,0.07709123919897835,0.08754448895503601
electricity_share_supply,CCS potential,0.11881103680856218,0.11921807576779439,0.13111794560967674
electricity_share_supply,Flexibility Costs,0.04195029420550208,0.054829529474938736,0.06350489459716135
electricity_share_supply,LNG Price,0.044055996940934226,0.05541188374858266,0.06523982126417831
electricity_share_supply,Electricity Trade Price,0.04396978877448957,0.05542395955349117,0.06409097282984515
electricity_share_supply,Weather Conditions,0.08492869615691935,0.08962202897986712,0.10054617549377952
electricity_share_supply,Electricity Trade Ratio,0.1041349030850516,0.10573045174777645,0.11838875091662618
electricity_share_supply,Electricity Trade Volume,0.0797906557140669,0.08501625469293307,0.09611434300853298
electricity_share_supply,WACC,0.09111869831453495,0.09417205090062264,0.10522140980610697
electricity_share_supply,Bunker Emission Reduction,0.041266538701164465,0.0548867724305204,0.06287544626461694
electricity_share_supply,End-of-Life Emission Reduction,0.05858171964158533,0.06641840152886759,0.07598384771809798
nuclear_generation,CO2 Cap,0.036053974879407175,0.037525728635732364,0.04956141330600526
nuclear_generation,Buildings demand,0.023274129865486215,0.029580129205010422,0.03880761645566803
nuclear_generation,Steel Production,0.02630305939316843,0.029612458967236778,0.03915397032441125
nuclear_generation,Chemical Production,0.035308863791080725,0.037111796064257255,0.04634917734828741
nuclear_generation,Passenger Cars,0.023133183156248464,0.02840429183077683,0.03789573164743465
nuclear_generation,Bunker aviation,0.025400429238435555,0.030654908115448704,0.03889866988875429
nuclear_generation,Bunker navigation,0.034547716139667964,0.03641382352682936,0.045838574141217295
nuclear_generation,Agriculture neGHG CH4,0.02680288931276443,0.030618891275948287,0.04021312743685305
nuclear_generation,Agriculture neGHG N2O,0.021487587677573656,0.028345302686440563,0.03520135550328182
nuclear_generation,Wind offshore Costs,0.03790172990616241,0.04082132120710195,0.049664035312439764
nuclear_generation,Wind offshore Potential,0.030654344376065616,0.03436430499872684,0.04261258779313745
nuclear_generation,Solar PV Costs,0.027903113748757317,0.03006545154743266,0.04127918088892248
nuclear_generation,Solar PV Potential,0.026054565386150034,0.030545320162509035,0.03902317557788682
nuclear_generation,Nuclear Costs,0.25335463741543346,0.24799748410825964,0.25841119119740796
nuclear_generation,Nuclear Potential,0.14585693256394283,0.14374882325069788,0.153264766970968
nuclear_generation,Hydrogen Import Potential,0.025100450726770182,0.030537780039333558,0.03981150849153887
nuclear_generation,Hydrogen Import Price,0.029875469694848483,0.0325194541706758,0.04181041887638607
nuclear_generation,Biomass Import Potential,0.03683079473905686,0.03799191170944295,0.047928915570254936
nuclear_generation,Biomass Import Price,0.0434428496732386,0.044676710181272526,0.05463058217448136
nuclear_generation,Ammonia Import Potential,0.0487596183545343,0.050183060200130435,0.061126536481898024
nuclear_generation,Ammonia Import Price,0.036609473858667134,0.03941990896953216,0.047909451892515484
nuclear_generation,CCS potential,0.054052338921757224,0.05395704952700724,0.0641197626193909
nuclear_generation,Flexibility Costs,0.022395024599639782,0.02793680379146926,0.03781914116279573
nuclear_generation,LNG Price,0.020647945978064686,0.027681749915709625,0.03499995007949408
nuclear_generation,Electricity Trade Price,0.018932196039066516,0.02698174373787006,0.03359656123505684
nuclear_generation,Weather Conditions,0.055211563379143534,0.05484913207697897,0.06558364861700774
nuclear_generation,Electricity Trade Ratio,0.06460714900136434,0.060897756142140796,0.07383335770482652
nuclear_generation,Electricity Trade Volume,0.050928853202243454,0.05173668906441492,0.061684855869568074
nuclear_generation,WACC,0.07343529926373317,0.06855086777837288,0.08241592601222103
nuclear_generation,Bunker Emission Reduction,0.0334191548746985,0.03592188760253667,0.045430077297466585
nuclear_generation,End-of-Life Emission Reduction,0.033875876393119043,0.03709290472219538,0.04570575692184338
wind_capacity,CO2 Cap,0.05118770120063135,0.06099919576808156,0.0725353874133253
wind_capacity,Buildings demand,0.07086050248588253,0.07640730339881142,0.0877431834642074
wind_capacity,Steel Production,0.04018262741547644,0.053834376890244555,0.0628484458824297
wind_capacity,Chemical Production,0.07435906303014414,0.08042792570547619,0.09132956766961627
wind_capacity,Passenger Cars,0.04182548162564009,0.05440410223345918,0.06473037604090068
wind_capacity,Bunker aviation,0.04117831024605203,0.05461636946561376,0.06257696688810463
wind_capacity,Bunker navigation,0.058804201033214015,0.0676273105994909,0.0775147233226202
wind_capacity,Agriculture neGHG CH4,0.040207134552184755,0.05514434896846596,0.06547492721786811
wind_capacity,Agriculture neGHG N2O,0.044958251926317964,0.05738712013665119,0.06739147578338836
wind_capacity,Wind offshore Costs,0.10910817911241383,0.11150394634391148,0.12550862363656531
wind_capacity,Wind offshore Potential,0.09877718761878233,0.10463980877017239,0.11383165649459198
wind_capacity,Solar PV Costs,0.04307853753961866,0.05671626125421572,0.06685108614141756
wind_capacity,Solar PV Potential,0.048843324877065525,0.060203300341325594,0.06934968644121589
wind_capacity,Nuclear Costs,0.08330230088716042,0.08620376009507014,0.0999613640497259
wind_capacity,Nuclear Potential,0.04070359135644735,0.05449368505211113,0.06320627367824297
wind_capacity,Hydrogen Import Potential,0.03961010177090691,0.053257894066422715,0.06362033345089305
wind_capacity,Hydrogen Import Price,0.06503443459844231,0.07258098459460817,0.08312341589377609
wind_capacity,Biomass Import Potential,0.055985490135577326,0.06525591446886038,0.07420375142369182
wind_capacity,Biomass Import Price,0.07401543602537233,0.08037249654103808,0.09265025505958933
wind_capacity,Ammonia Import Potential,0.08424199413120936,0.08997203980988809,0.09964346525211717
wind_capacity,Ammonia Import Price,0.07160521033653923,0.075834183838022,0.08829061031222342
wind_capacity,CCS potential,0.07052273209226065,0.07528950491925113,0.08710385835827786
wind_capacity,Flexibility Costs,0.043302026289894366,0.05694915380804104,0.06634775602385824
wind_capacity,LNG Price,0.04096132659660252,0.05557581352116349,0.06352172483109382
wind_capacity,Electricity Trade Price,0.05214518340366602,0.06137541291440539,0.07235531314248295
wind_capacity,Weather Conditions,0.09602720845081235,0.09680587182887036,0.1127148426904365
wind_capacity,Electricity Trade Ratio,0.1977794531602399,0.19275601220892016,0.2079283968248112
wind_capacity,Electricity Trade Volume,0.06454262976272335,0.07286051301618479,0.083789463283797
wind_capacity,WACC,0.087240588509214,0.0894416026231954,0.10383280887842417
wind_capacity,Bunker Emission Reduction,0.05127870002641831,0.06177114498814484,0.07204329977651433
wind_capacity,End-of-Life Emission Reduction,0.060300744154715896,0.06771696303642588,0.07787252293761529
solar_capacity,CO2 Cap,0.042807408739205036,0.053978909531719764,0.06420752930374148
solar_capacity,Buildings demand,0.0581221100830919,0.06464874961555885,0.07377346601962005
solar_capacity,Steel Production,0.03969603587286188,0.05183217512519542,0.05995239744449034
solar_capacity,Chemical Production,0.06339998925513493,0.07112058261122947,0.08094369376400974
solar_capacity,Passenger Cars,0.04014626674774759,0.05332382966894131,0.06254353496962071
solar_capacity,Bunker aviation,0.041760985730244296,0.0532838760886542,0.06453972154741859
solar_capacity,Bunker navigation,0.05180477014258514,0.05978438639446068,0.069398326100427
solar_capacity,Agriculture neGHG CH4,0.038377306658383986,0.05202929679527691,0.061796424333460366
solar_capacity,Agriculture neGHG N2O,0.03994615297030585,0.05232060677363968,0.06187178665336542
solar_capacity,Wind offshore Costs,0.043221310105023655,0.056182538221156764,0.06429260792079226
solar_capacity,Wind offshore Potential,0.0431259159610694,0.05486992171697447,0.06293104670871799
solar_capacity,Solar PV Costs,0.13210876660143092,0.1329336982131512,0.1446178509855017
solar_capacity,Solar PV Potential,0.18111398400854775,0.18474604796990515,0.19784618058326672
solar_capacity,Nuclear Costs,0.07622051177866113,0.08080845351975778,0.09094766487336878
solar_capacity,Nuclear Potential,0.043081850478809074,0.05476883254679404,0.06599328554258756
solar_capacity,Hydrogen Import Potential,0.04016528653112848,0.05279698878732876,0.060746111037493514
solar_capacity,Hydrogen Import Price,0.047795978444261374,0.05780472196272693,0.06730188765538012
solar_capacity,Biomass Import Potential,0.04753470671512494,0.05776051216946246,0.06675045479059145
solar_capacity,Biomass Import Price,0.060315026101359484,0.06775334501673938,0.0787903637851488
solar_capacity,Ammonia Import Potential,0.06903623241439868,0.07428447232864538,0.08445525632959229
solar_capacity,Ammonia Import Price,0.059495879483114966,0.06397805318565207,0.07691884896862272
solar_capacity,CCS potential,0.06124406479979533,0.0660340212374549,0.07815950071868594
solar_capacity,Flexibility Costs,0.03961461934115818,0.05210178333751913,0.060811654085794024
solar_capacity,LNG Price,0.03889480996843438,0.050313720019525575,0.06040881107268836
solar_capacity,Electricity Trade Price,0.06017742429400062,0.06560417150877872,0.07712873229235549
solar_capacity,Weather Conditions,0.21079252702867382,0.20901254869245925,0.22203856164137387
solar_capacity,Electricity Trade Ratio,0.13265235523004568,0.12937550990596383,0.14320386097422153
solar_capacity,Electricity Trade Volume,0.08130220432026224,0.08605273007179107,0.09825972306063699
solar_capacity,WACC,0.07904940306749741,0.08240948406529695,0.09563859015496338
solar_capacity,Bunker Emission Reduction,0.04084894181292572,0.052083397176140564,0.06269659922797755
solar_capacity,End-of-Life Emission Reduction,0.04934340568230624,0.05863922143365647,0.0698199488282459
ccs_volume,CO2 Cap,0.0329089990588478,0.04461976529356739,0.0553219659999014
ccs_volume,Buildings demand,0.03709230497709752,0.047475008972818304,0.05770505622009704
ccs_volume,Steel Production,0.03682635688294404,0.04632634579080783,0.055845591816726554
ccs_volume,Chemical Production,0.038318832400506805,0.04800737212853833,0.057521509482957686
ccs_volume,Passenger Cars,0.03379664321872783,0.04485251964573648,0.05201790479403046
ccs_volume,Bunker aviation,0.03349475713313577,0.04513088157776495,0.056032600000777026
ccs_volume,Bunker navigation,0.03615174645908448,0.046894667393605954,0.054947013936966986
ccs_volume,Agriculture neGHG CH4,0.037547412321294785,0.04706294977377361,0.059200562235724126
ccs_volume,Agriculture neGHG N2O,0.03683439118938712,0.047011796817718436,0.055943166497651166
ccs_volume,Wind offshore Costs,0.036478785743221484,0.04731749596865866,0.056965427232915485
ccs_volume,Wind offshore Potential,0.03580012262763188,0.04504058815694525,0.05590561331006265
ccs_volume,Solar PV Costs,0.032664680319137426,0.04362058201943872,0.0526300850893922
ccs_volume,Solar PV Potential,0.030362569917632243,0.04337694546918268,0.0530418558556323
ccs_volume,Nuclear Costs,0.034453975117843406,0.046442533534233464,0.05605568887672981
ccs_volume,Nuclear Potential,0.03813264006847987,0.04776940799580025,0.057344032872929065
ccs_volume,Hydrogen Import Potential,0.03441193820660267,0.04513181370605148,0.052890478558018074
ccs_volume,Hydrogen Import Price,0.03466580413828765,0.04520801659168791,0.05556868589194438
ccs_volume,Biomass Import Potential,0.039782513733838176,0.049525064372978746,0.05905137987821852
ccs_volume,Biomass Import Price,0.03903480041377223,0.04617392329910297,0.05567262493092019
ccs_volume,Ammonia Import Potential,0.0365877178726157,0.04607914585456266,0.05681310907830864
ccs_volume,Ammonia Import Price,0.03836141288106717,0.04860622420694875,0.05629827311881197
ccs_volume,CCS potential,0.7706155027844376,0.7694361207723346,0.7715881144848735
ccs_volume,Flexibility Costs,0.034839203196777926,0.04566351097477117,0.05519118796168739
ccs_volume,LNG Price,0.036629174811480494,0.04720298389749108,0.056100199295403115
ccs_volume,Electricity Trade Price,0.03525800422985001,0.04559991395793957,0.05536048306431334
ccs_volume,Weather Conditions,0.03536540664658779,0.043138018645913566,0.0553055466863481
ccs_volume,Electricity Trade Ratio,0.03377316834762463,0.043621652688624356,0.05182953379007052
ccs_volume,Electricity Trade Volume,0.033009049197249195,0.04612050834444824,0.05369591760806391
ccs_volume,WACC,0.03384065030708049,0.045551260285293785,0.05494521584962786
ccs_volume,Bunker Emission Reduction,0.03330626534148588,0.04435970386608075,0.05425455333426682
ccs_volume,End-of-Life Emission Reduction,0.034932898403140136,0.045292651383773475,0.05589432371029419
dac_volume,CO2 Cap,0.05790401596030898,0.06163039956819503,0.07359047787770064
dac_volume,Buildings demand,0.029449096184307837,0.03903135511808001,0.04857225429652205
dac_volume,Steel Production,0.031230164123278396,0.0389536247857682,0.04753347539354498
dac_volume,Chemical Production,0.04950122847954452,0.054450881769391474,0.06319259281744727
dac_volume,Passenger Cars,0.028835735449792073,0.03918791978905074,0.04782507278392791
dac_volume,Bunker aviation,0.031683885248163464,0.039578947196528796,0.04851983406423744
dac_volume,Bunker navigation,0.039661488617844666,0.04589446494870382,0.05437545915759372
dac_volume,Agriculture neGHG CH4,0.03942463229452157,0.04442369405009652,0.0558273180830545
dac_volume,Agriculture neGHG N2O,0.03330828017573904,0.040587887284700835,0.050757672651957235
dac_volume,Wind offshore Costs,0.038296405831867684,0.04256995088790072,0.05366123468053987
dac_volume,Wind offshore Potential,0.03483003833982529,0.04200164362311999,0.053627803409369436
dac_volume,Solar PV Costs,0.03194425313228878,0.039702575963741375,0.04889064466420155
dac_volume,Solar PV Potential,0.032829483499982604,0.04069790021496011,0.05056806154895568
dac_volume,Nuclear Costs,0.027397965464313327,0.037840852435928427,0.04661237305469433
dac_volume,Nuclear Potential,0.024976768333660537,0.036777555740860744,0.04579432939765513
dac_volume,Hydrogen Import Potential,0.03535632015475915,0.04233442899707033,0.05102214067257243
dac_volume,Hydrogen Import Price,0.042802252449884046,0.04715023594079778,0.05739338236004793
dac_volume,Biomass Import Potential,0.1175931868473467,0.11567385972599983,0.12664550442872216
dac_volume,Biomass Import Price,0.17310397825574067,0.1705880119958915,0.18288690486184392
dac_volume,Ammonia Import Potential,0.057813738341787296,0.05972404851658953,0.07111084241484385
dac_volume,Ammonia Import Price,0.07242561890357886,0.07469503538478685,0.08485383659590594
dac_volume,CCS potential,0.12387062560708764,0.12151994012407041,0.13614326049430678
dac_volume,Flexibility Costs,0.03841937812876116,0.04451653156362018,0.0532116085791953
dac_volume,LNG Price,0.04108289725281264,0.047028912214643885,0.05787522014758038
dac_volume,Electricity Trade Price,0.027911237515056468,0.03669641904455851,0.045431159455239144
dac_volume,Weather Conditions,0.038325044737491876,0.04627578453229632,0.05740363989948496
dac_volume,Electricity Trade Ratio,0.04163773744989752,0.047651308147322574,0.057781668423850255
dac_volume,Electricity Trade Volume,0.040239512398060895,0.045168428076356425,0.055753441610153366
dac_volume,WACC,0.04898652740853362,0.05287567065306207,0.06384364739506394
dac_volume,Bunker Emission Reduction,0.054707730676301074,0.057330582058757566,0.06803382761845136
dac_volume,End-of-Life Emission Reduction,0.09235147748339863,0.09208822087972898,0.1050061333627212
beccs_use,CO2 Cap,0.056397863458774074,0.06571224148339229,0.0752892356100109
beccs_use,Buildings demand,0.042465792627851134,0.055120632367365315,0.06466761197015387
beccs_use,Steel Production,0.04212470508199023,0.054787344458559546,0.06397885008045444
beccs_use,Chemical Production,0.06230600212002127,0.06963998688391658,0.08001787057778616
beccs_use,Passenger Cars,0.03929622310290831,0.05220766966928064,0.06220398884384138
beccs_use,Bunker aviation,0.04525112294866846,0.056666913290410036,0.06544539500401324
beccs_use,Bunker navigation,0.04517533388440059,0.05624409058016758,0.06448028759670209
beccs_use,Agriculture neGHG CH4,0.043500164658173246,0.05548565534507306,0.06409053403426304
beccs_use,Agriculture neGHG N2O,0.03178021753455082,0.04887996591153474,0.05879871407972713
beccs_use,Wind offshore Costs,0.04706670159039671,0.05673655595706138,0.06866741011350454
beccs_use,Wind offshore Potential,0.037695855763297766,0.05163882134661211,0.06097904969913006
beccs_use,Solar PV Costs,0.04331171882955595,0.05540857332796276,0.06593261196684062
beccs_use,Solar PV Potential,0.04172006630034849,0.05423204778307972,0.06257894345614384
beccs_use,Nuclear Costs,0.05135485648969677,0.05811623170769677,0.0698941337841423
beccs_use,Nuclear Potential,0.039346829545676136,0.05391101662404022,0.06267076964459391
beccs_use,Hydrogen Import Potential,0.03917948355382312,0.05251475230460831,0.06365740938943258
beccs_use,Hydrogen Import Price,0.056553438915175586,0.0658673247226994,0.0766969659418718
beccs_use,Biomass Import Potential,0.11085717528028756,0.11320945121922966,0.12592238670031142
beccs_use,Biomass Import Price,0.20101364099899433,0.1996544738311725,0.21334010707002019
beccs_use,Ammonia Import Potential,0.048944118117498984,0.05883289936333026,0.06813344822351496
beccs_use,Ammonia Import Price,0.049733227561552726,0.06069778806080501,0.06979975506572979
beccs_use,CCS potential,0.05020789282197093,0.05958120470773912,0.06895491634590613
beccs_use,Flexibility Costs,0.03924214935497562,0.05227940610412648,0.06161087288906802
beccs_use,LNG Price,0.043227866615201595,0.05457046361332937,0.06571525224093151
beccs_use,Electricity Trade Price,0.042424180441791234,0.05416181630652038,0.06298627001511302
beccs_use,Weather Conditions,0.04694563583943596,0.05782139138913791,0.06759403951649118
beccs_use,Electricity Trade Ratio,0.06188893879839199,0.06909849961353849,0.07810641183892143
beccs_use,Electricity Trade Volume,0.05734824587988131,0.06668938781256192,0.0753653582207841
beccs_use,WACC,0.06161268742842156,0.06708459309603458,0.07900150397958888
beccs_use,Bunker Emission Reduction,0.06462273035016151,0.07141097566879981,0.0829417285388275
beccs_use,End-of-Life Emission Reduction,0.19657720173876012,0.19649705642651633,0.20900721049614396
flex_use_total,CO2 Cap,0.05833595941728648,0.06633890716128091,0.07685391172091191
flex_use_total,Buildings demand,0.16559255589044608,0.16238285745867279,0.1747593222184858
flex_use_total,Steel Production,0.036927460692456546,0.04940756284698673,0.059299380421557295
flex_use_total,Chemical Production,0.04807101128507775,0.05850358578816201,0.06789488252408232
flex_use_total,Passenger Cars,0.08506424298322163,0.08812402160758466,0.09732171982540223
flex_use_total,Bunker aviation,0.041073520589669454,0.05032074341505684,0.061721491873495585
flex_use_total,Bunker navigation,0.06303976764514452,0.06780907652771749,0.07853108515485603
flex_use_total,Agriculture neGHG CH4,0.038914330909261365,0.05160248143190026,0.05989110271282752
flex_use_total,Agriculture neGHG N2O,0.03519078305885156,0.04852472910218423,0.05681924720359257
flex_use_total,Wind offshore Costs,0.04767307177386796,0.05620671308268712,0.06657175375739723
flex_use_total,Wind offshore Potential,0.03988436684413475,0.05206269165901374,0.060338222359684196
flex_use_total,Solar PV Costs,0.03584365035843815,0.04794270246860379,0.055863766998856715
flex_use_total,Solar PV Potential,0.03345722743908776,0.0469138928854117,0.05588937863073219
flex_use_total,Nuclear Costs,0.03852602214467367,0.04890914179834483,0.060226592748825684
flex_use_total,Nuclear Potential,0.032284974414282894,0.04502394919982236,0.05464982958392564
flex_use_total,Hydrogen Import Potential,0.05122460958920381,0.05985407642883249,0.07052377272255418
flex_use_total,Hydrogen Import Price,0.059967990220992466,0.06492900588471712,0.07555726914332114
flex_use_total,Biomass Import Potential,0.06440232370043628,0.06896714945347904,0.07861976571288154
flex_use_total,Biomass Import Price,0.09844149640578401,0.10084487342122293,0.11164206233745609
flex_use_total,Ammonia Import Potential,0.09965763392975695,0.1022485906845641,0.113589244215786
flex_use_total,Ammonia Import Price,0.08829852377085025,0.08988389200518526,0.10155275757586134
flex_use_total,CCS potential,0.10443534593434328,0.10556121837534928,0.116141402528235
flex_use_total,Flexibility Costs,0.03856228617521621,0.050518180789198404,0.058849801986064855
flex_use_total,LNG Price,0.042491126271774725,0.05196385424830713,0.062097603700056826
flex_use_total,Electricity Trade Price,0.03722535304236371,0.04930035662878959,0.0578563852674173
flex_use_total,Weather Conditions,0.13760903948489572,0.13649165977863148,0.14936506788930032
flex_use_total,Electricity Trade Ratio,0.14705394810721958,0.14397805471210076,0.15953446882183653
flex_use_total,Electricity Trade Volume,0.04750517547171391,0.05448848545957631,0.06543141447875594
flex_use_total,WACC,0.11501134126997227,0.11600169845406297,0.12873704946390477
flex_use_total,Bunker Emission Reduction,0.0441911393719742,0.054968031298916746,0.06515278410148395
flex_use_total,End-of-Life Emission Reduction,0.053042345150033546,0.059418189298870015,0.06915767632012837
flex_use_per_generation,CO2 Cap,0.04798572991791385,0.05960716897506719,0.06982730857524579
flex_use_per_generation,Buildings demand,0.04690470300159306,0.059077027829158926,0.06921617137247107
flex_use_per_generation,Steel Production,0.03958131684555037,0.055898883394174745,0.06558120888367569
flex_use_per_generation,Chemical Production,0.09131216179023073,0.09265505833680077,0.10604991071547941
flex_use_per_generation,Passenger Cars,0.06913061103558366,0.07650868803424915,0.08550049319712011
flex_use_per_generation,Bunker aviation,0.0421356510619364,0.056857707935145683,0.0652174637918373
flex_use_per_generation,Bunker navigation,0.04475990057613892,0.058054928394074154,0.06630691562801788
flex_use_per_generation,Agriculture neGHG CH4,0.0429141060444875,0.05689283042874861,0.06518236031095477
flex_use_per_generation,Agriculture neGHG N2O,0.041045830695435215,0.056418467433930655,0.06459464850876953
flex_use_per_generation,Wind offshore Costs,0.05824191385628914,0.06614757994226257,0.07797878047488983
flex_use_per_generation,Wind offshore Potential,0.04764122260400903,0.05898082853560003,0.07105099365725834
flex_use_per_generation,Solar PV Costs,0.04263013935275879,0.05575752351955063,0.06627035441323288
flex_use_per_generation,Solar PV Potential,0.04414917435909768,0.056578277494583266,0.06805561792385047
flex_use_per_generation,Nuclear Costs,0.05536075828480428,0.06578976269023146,0.07399589317650793
flex_use_per_generation,Nuclear Potential,0.040668625901013784,0.055697934556951594,0.06542843728992483
flex_use_per_generation,Hydrogen Import Potential,0.04389202715145058,0.05720176876895373,0.06771102903177244
flex_use_per_generation,Hydrogen Import Price,0.046326380841573214,0.05854448108718624,0.06829197433739392
flex_use_per_generation,Biomass Import Potential,0.04300370642319416,0.05703081961637066,0.06666545946945059
flex_use_per_generation,Biomass Import Price,0.052274761054676426,0.06367940677244843,0.07356627160621403
flex_use_per_generation,Ammonia Import Potential,0.049301657328356445,0.06186984970799423,0.06969471888718592
flex_use_per_generation,Ammonia Import Price,0.051041846603461234,0.061838053757785456,0.07253227258272504
flex_use_per_generation,CCS potential,0.06176294904990214,0.06989389039560098,0.0827901774328098
flex_use_per_generation,Flexibility Costs,0.041169124824942095,0.05589021397413295,0.06546033328217406
flex_use_per_generation,LNG Price,0.043428206036335355,0.0564902661935307,0.06530242567330227
flex_use_per_generation,Electricity Trade Price,0.047619342552310005,0.05988881453497587,0.0683169392035093
flex_use_per_generation,Weather Conditions,0.13892927161656726,0.13906998650873517,0.15138061599856786
flex_use_per_generation,Electricity Trade Ratio,0.22289852427919632,0.21893163673777333,0.23102838250706312
flex_use_per_generation,Electricity Trade Volume,0.0997763161370556,0.10231448544685455,0.1137530330197666
flex_use_per_generation,WACC,0.04962576645644619,0.0599760277623037,0.06992838170312271
flex_use_per_generation,Bunker Emission Reduction,0.04338718966911615,0.0579398122993758,0.06661573662891525
flex_use_per_generation,End-of-Life Emission Reduction,0.0583117795572847,0.06753883779828862,0.07863792097255565
flex_be_use,CO2 Cap,0.05934666903475995,0.06572290340551366,0.07630887806864432
flex_be_use,Buildings demand,0.19107954253544052,0.18936762899496684,0.20020833535528096
flex_be_use,Steel Production,0.036117531327847875,0.04803193467226993,0.058358565557086683
flex_be_use,Chemical Production,0.047591168492236956,0.05578856681257692,0.0670352607279839
flex_be_use,Passenger Cars,0.03734450282638741,0.04847901421905954,0.05851537025294572
flex_be_use,Bunker aviation,0.04113715338057524,0.051407335695041655,0.06022064912689301
flex_be_use,Bunker navigation,0.061724521319697113,0.06735022357026235,0.07768275922970834
flex_be_use,Agriculture neGHG CH4,0.040250689761110035,0.05142250796496149,0.06088711344842668
flex_be_use,Agriculture neGHG N2O,0.03554922383007431,0.04782911727879051,0.0562256751986028
flex_be_use,Wind offshore Costs,0.045289902002122136,0.053579907507083,0.06127249081589439
flex_be_use,Wind offshore Potential,0.03891269353767115,0.04971392663742891,0.05812797247165409
flex_be_use,Solar PV Costs,0.03910463945326178,0.049458037223638916,0.0589385205523951
flex_be_use,Solar PV Potential,0.03143927350617243,0.04560507807730094,0.05367043536994413
flex_be_use,Nuclear Costs,0.03903139427086106,0.04929002585235081,0.05907318085234118
flex_be_use,Nuclear Potential,0.031749327651336666,0.04461881701510062,0.05262504928690254
flex_be_use,Hydrogen Import Potential,0.05074729901942196,0.05709973390801469,0.06780747113757246
flex_be_use,Hydrogen Import Price,0.06112335901908083,0.06536679729980187,0.07814588305023422
flex_be_use,Biomass Import Potential,0.06497378615268481,0.0685803947236875,0.08027626884449897
flex_be_use,Biomass Import Price,0.09792645067331622,0.09991490854249974,0.11180574111050698
flex_be_use,Ammonia Import Potential,0.09789840074957053,0.10136316557010587,0.11060294046565983
flex_be_use,Ammonia Import Price,0.08862037080204507,0.09083288985782945,0.1015442254032278
flex_be_use,CCS potential,0.10632887689425773,0.1061563242569019,0.11946634340470329
flex_be_use,Flexibility Costs,0.03695534144233693,0.04805746685063752,0.0570692044190919
flex_be_use,LNG Price,0.04142550158473186,0.05318637788982791,0.061700633577809604
flex_be_use,Electricity Trade Price,0.03507094182202572,0.046952011265506764,0.055769060059903605
flex_be_use,Weather Conditions,0.13983778504438601,0.13961198799169128,0.1517856452431142
flex_be_use,Electricity Trade Ratio,0.14547823946675983,0.14386288040417858,0.15794724422069767
flex_be_use,Electricity Trade Volume,0.04501209166815879,0.053382798629320855,0.06208631804277582
flex_be_use,WACC,0.11829070615533586,0.11707664859655069,0.1309989108123098
flex_be_use,Bunker Emission Reduction,0.04497163561022258,0.054843162271683205,0.06523362399741099
flex_be_use,End-of-Life Emission Reduction,0.050210426897545846,0.056554589497118266,0.06758768048224147
flex_dr_use,CO2 Cap,0.00417831687119672,0.003741285157576373,0.00515146785671711
flex_dr_use,Buildings demand,0.00402194836180288,0.0037080833219456507,0.004966118011271031
flex_dr_use,Steel Production,0.0038916113291670757,0.003617705658030389,0.004981791611566173
flex_dr_use,Chemical Production,0.003844381502038853,0.0036407688341597065,0.004953167128292762
flex_dr_use,Passenger Cars,0.0035176639851297988,0.0035619046165124837,0.004562008036237623
flex_dr_use,Bunker aviation,0.00386203540570214,0.003525175619891423,0.004913866350087911
flex_dr_use,Bunker navigation,0.0040781807350287625,0.003822335537856579,0.005013721196967188
flex_dr_use,Agriculture neGHG CH4,0.0037596917807585194,0.0035295300153651925,0.004755875766266142
flex_dr_use,Agriculture neGHG N2O,0.0037899667778751164,0.0035775911724047382,0.004784227696874633
flex_dr_use,Wind offshore Costs,0.0037007068926412923,0.003571399454285813,0.004878535658987471
flex_dr_use,Wind offshore Potential,0.003990210334170638,0.003620947410263691,0.004986658927237815
flex_dr_use,Solar PV Costs,0.003904416461600342,0.003604754331580652,0.004827184913129163
flex_dr_use,Solar PV Potential,0.00404539456216838,0.003771067760802212,0.004946187980312806
flex_dr_use,Nuclear Costs,0.0037469875382753607,0.0035779091442980485,0.0048821166859157996
flex_dr_use,Nuclear Potential,0.0038692254280424014,0.0036325839614970434,0.00483228208323736
flex_dr_use,Hydrogen Import Potential,0.0043777391260641264,0.0038157659620588202,0.005249809394599668
flex_dr_use,Hydrogen Import Price,0.0033893891636797005,0.003436133580163753,0.004574365606772844
flex_dr_use,Biomass Import Potential,0.004274163899674253,0.003860887884106081,0.0053539175975094696
flex_dr_use,Biomass Import Price,0.003951075726354832,0.003643273686369639,0.004997835493534674
flex_dr_use,Ammonia Import Potential,0.004895472143248123,0.0043933645970839885,0.005745394237086104
flex_dr_use,Ammonia Import Price,0.0037994206841987514,0.0036346456691646574,0.004839594932858983
flex_dr_use,CCS potential,0.004924514083065906,0.0044543528009612764,0.005955121247034559
flex_dr_use,Flexibility Costs,0.003742424406948677,0.0035405395703392434,0.00470319173343161
flex_dr_use,LNG Price,0.0036444793943542857,0.003471049668977018,0.0046455433209854615
flex_dr_use,Electricity Trade Price,0.003657639097374415,0.0035428835589801557,0.004733429390225716
flex_dr_use,Weather Conditions,0.004011568840255231,0.0037293745675444985,0.004989556135615539
flex_dr_use,Electricity Trade Ratio,0.004445543017921887,0.004031875526516335,0.005366729587286648
flex_dr_use,Electricity Trade Volume,0.004177284649021318,0.003863005990015962,0.005140340846384183
flex_dr_use,WACC,0.003588916052620102,0.003487438383159895,0.004583482266742589
flex_dr_use,Bunker Emission Reduction,0.003976274811370927,0.0037204961671774128,0.005009728313225407
flex_dr_use,End-of-Life Emission Reduction,0.004205465237020713,0.003760004782588369,0.00514957233530911
flex_ev_smart_use,CO2 Cap,0.0352628352816572,0.045031918942078794,0.05466809190445231
flex_ev_smart_use,Buildings demand,0.03568222100562382,0.046714396897843076,0.056356193286861506
flex_ev_smart_use,Steel Production,0.035302069065823394,0.04725931769804411,0.05801674533639736
flex_ev_smart_use,Chemical Production,0.03832041582615805,0.047695695576654464,0.0566793794396791
flex_ev_smart_use,Passenger Cars,0.7800903928392878,0.7793748181929194,0.7804383530537204
flex_ev_smart_use,Bunker aviation,0.03495912910277382,0.04621347162391713,0.05598628315668101
flex_ev_smart_use,Bunker navigation,0.03656678908221952,0.04700326590751684,0.055342284235088426
flex_ev_smart_use,Agriculture neGHG CH4,0.03487449712700085,0.04519664374034667,0.056667828109957775
flex_ev_smart_use,Agriculture neGHG N2O,0.03337049771957544,0.043622303269075395,0.05318327032849898
flex_ev_smart_use,Wind offshore Costs,0.03910602652514656,0.04859951536991196,0.05877268578665202
flex_ev_smart_use,Wind offshore Potential,0.036320496735247336,0.04703691486558441,0.05619021538753837
flex_ev_smart_use,Solar PV Costs,0.03663928118841669,0.046613170448058495,0.05747764586877781
flex_ev_smart_use,Solar PV Potential,0.03571401516222473,0.04521294839879484,0.057251872851938335
flex_ev_smart_use,Nuclear Costs,0.032141111098110936,0.043852196685189845,0.05235507246779938
flex_ev_smart_use,Nuclear Potential,0.038711256259548917,0.047688687930109094,0.05780141292644275
flex_ev_smart_use,Hydrogen Import Potential,0.03431669271437667,0.04659726137565028,0.05450055963053508
flex_ev_smart_use,Hydrogen Import Price,0.04053664137729473,0.0511398147749693,0.059445046104089606
flex_ev_smart_use,Biomass Import Potential,0.03873173252155552,0.04893519614843512,0.05790085876776869
flex_ev_smart_use,Biomass Import Price,0.03684858873315983,0.04752078771843299,0.055782690268403254
flex_ev_smart_use,Ammonia Import Potential,0.032711783288431405,0.04550216613006887,0.054688257672199314
flex_ev_smart_use,Ammonia Import Price,0.034494843980722556,0.04528016658418393,0.05429703953620835
flex_ev_smart_use,CCS potential,0.03361381790462875,0.04519812224982913,0.055692010820948906
flex_ev_smart_use,Flexibility Costs,0.039224069974155076,0.04804022752199242,0.05719183284901492
flex_ev_smart_use,LNG Price,0.03401242222078004,0.04620433574255581,0.05468953906076935
flex_ev_smart_use,Electricity Trade Price,0.032632785390710836,0.04418239440644676,0.05466430021363373
flex_ev_smart_use,Weather Conditions,0.034314358949530624,0.04558469421465972,0.05533495634091751
flex_ev_smart_use,Electricity Trade Ratio,0.03778159916783764,0.047304678400759796,0.054983748438451885
flex_ev_smart_use,Electricity Trade Volume,0.036608617159779686,0.04790929331997247,0.05633556394349532
flex_ev_smart_use,WACC,0.03585157576059257,0.044147149553309215,0.05552525373721506
flex_ev_smart_use,Bunker Emission Reduction,0.03644185980158141,0.04823292007634462,0.05646070035396399
flex_ev_smart_use,End-of-Life Emission Reduction,0.03320529262002323,0.04544480020137494,0.053913760667508914
battery_capacity,CO2 Cap,0.024038974487001687,0.02877268239273342,0.0384178843199012
battery_capacity,Buildings demand,0.026010309695890643,0.030018450316130013,0.0409653074584102
battery_capacity,Steel Production,0.026195835812149793,0.031211885179587662,0.04016321344346701
battery_capacity,Chemical Production,0.028450552735190173,0.03268793043053197,0.04040267397510169
battery_capacity,Passenger Cars,0.6224294659007104,0.6203740916602029,0.6239142347540348
battery_capacity,Bunker aviation,0.0224356492524414,0.028600918505289126,0.038167757390668015
battery_capacity,Bunker navigation,0.021141166761145247,0.027813237461920198,0.03646454779229779
battery_capacity,Agriculture neGHG CH4,0.024894834027389182,0.02900988838437034,0.038644410427637506
battery_capacity,Agriculture neGHG N2O,0.025988533908586447,0.029669092159427292,0.038582846021195286
battery_capacity,Wind offshore Costs,0.027378895467531538,0.031148625357820273,0.03984506660827609
battery_capacity,Wind offshore Potential,0.024252275735052314,0.030190542111722334,0.03902540634826089
battery_capacity,Solar PV Costs,0.025769941332542262,0.03064323163156331,0.041121953784993406
battery_capacity,Solar PV Potential,0.02389771472293724,0.030123494946636086,0.039173532175909506
battery_capacity,Nuclear Costs,0.021551291453354562,0.027588959535019265,0.03800267835463007
battery_capacity,Nuclear Potential,0.030233889082799947,0.03181890890072866,0.04044437371495823
battery_capacity,Hydrogen Import Potential,0.02383078235774867,0.030550953668556327,0.038814727652766536
battery_capacity,Hydrogen Import Price,0.02795670320076927,0.03124601164463954,0.041173255415069235
battery_capacity,Biomass Import Potential,0.025417439247893456,0.0300569726835747,0.039296887908776695
battery_capacity,Biomass Import Price,0.02652342390862114,0.0304859154557024,0.04145052570891131
battery_capacity,Ammonia Import Potential,0.02516183407016,0.029500961460789784,0.03954550308429459
battery_capacity,Ammonia Import Price,0.027567399841861417,0.030355522500426946,0.039728388153536465
battery_capacity,CCS potential,0.02360288944758116,0.028448272107886086,0.03765220145994408
battery_capacity,Flexibility Costs,0.023031694098905243,0.029148447175359738,0.03860894447923904
battery_capacity,LNG Price,0.019934372568897993,0.02861157858380542,0.037317545803050245
battery_capacity,Electricity Trade Price,0.02430293084994134,0.02955636017516986,0.03937184154455486
battery_capacity,Weather Conditions,0.023793763658743555,0.02986781351930299,0.038465851829626224
battery_capacity,Electricity Trade Ratio,0.024277864327439037,0.029930442403917498,0.04090744122566423
battery_capacity,Electricity Trade Volume,0.025305143743343285,0.031150656865764768,0.03832953656194869
battery_capacity,WACC,0.02888194171358098,0.0314618286996308,0.04091304577099941
battery_capacity,Bunker Emission Reduction,0.026054277974474356,0.030680299265003357,0.04056086787173156
battery_capacity,End-of-Life Emission Reduction,0.019821902089149468,0.027567569505642327,0.03608598772896349
battery_use,CO2 Cap,0.030766692022970644,0.03872804624707057,0.04859555482680612
battery_use,Buildings demand,0.03132474480559621,0.04160356373934639,0.05126319623368524
battery_use,Steel Production,0.03209217628229797,0.04136806673524188,0.05065009136471292
battery_use,Chemical Production,0.035302921480609886,0.04175320689756436,0.053256432666170334
battery_use,Passenger Cars,0.7096817933366497,0.7069987505176475,0.712090144155728
battery_use,Bunker aviation,0.031122909120077723,0.04028284648366584,0.049707032497001244
battery_use,Bunker navigation,0.030693270003491657,0.04013087951439897,0.04728405739394556
battery_use,Agriculture neGHG CH4,0.03119525695824294,0.0390533081605128,0.04871887018039474
battery_use,Agriculture neGHG N2O,0.031309806988979554,0.040145348416029444,0.047358304574070906
battery_use,Wind offshore Costs,0.03479361010819195,0.043208496556905736,0.05311443884383139
battery_use,Wind offshore Potential,0.032851936737946785,0.0409640577546114,0.04947918278258768
battery_use,Solar PV Costs,0.03316145165867815,0.04153990268934015,0.05161680035057157
battery_use,Solar PV Potential,0.03156284429059413,0.04043504021468065,0.050638958259917856
battery_use,Nuclear Costs,0.028532758364483823,0.03812949788534753,0.04813043006953763
battery_use,Nuclear Potential,0.03634598592789979,0.04096973006668632,0.05074992155747544
battery_use,Hydrogen Import Potential,0.03101318038166785,0.0384756467385435,0.04883579470126109
battery_use,Hydrogen Import Price,0.03536563733018318,0.042617038732276076,0.05175971174170308
battery_use,Biomass Import Potential,0.03506486608984673,0.04263709142160603,0.05261754975411158
battery_use,Biomass Import Price,0.03364299070673046,0.04055982415082619,0.05091502557517274
battery_use,Ammonia Import Potential,0.030599357534620335,0.04106549900603979,0.049084797282850784
battery_use,Ammonia Import Price,0.03253546236105753,0.04009099953986023,0.04984663682741983
battery_use,CCS potential,0.03213255811609151,0.04076705554175276,0.04985673503178353
battery_use,Flexibility Costs,0.03222829234187417,0.041050916753210404,0.048278505275475475
battery_use,LNG Price,0.02804100413599154,0.038427246314228065,0.04734276044039106
battery_use,Electricity Trade Price,0.030959380128448448,0.03982596286166818,0.048909243490726444
battery_use,Weather Conditions,0.030160782814073177,0.03936754280660774,0.04961223866003111
battery_use,Electricity Trade Ratio,0.03374031918637766,0.04130649056208248,0.05016748206325035
battery_use,Electricity Trade Volume,0.03167117437704268,0.03935419902101973,0.05076091085227135
battery_use,WACC,0.03299350716466156,0.04128139406756436,0.049635297373759955
battery_use,Bunker Emission Reduction,0.033407109963643544,0.04221530478740042,0.04964474666595163
battery_use,End-of-Life Emission Reduction,0.027934954561569112,0.03844404754431604,0.04604750753969487
grid_storage_capacity,CO2 Cap,0.0034665307090483983,0.003224473171352997,0.004525385995187612
grid_storage_capacity,Buildings demand,0.003289700642742998,0.003094929523868493,0.004377462957603061
grid_storage_capacity,Steel Production,0.0031682823640666806,0.0030685797063414845,0.004192471591479056
grid_storage_capacity,Chemical Production,0.0032789345917416794,0.003037304301312687,0.004348882533231671
grid_storage_capacity,Passenger Cars,0.002979468062890452,0.0030083589069328388,0.0041461156355477105
grid_storage_capacity,Bunker aviation,0.0031279044957454485,0.002991422130885607,0.004220110830503942
grid_storage_capacity,Bunker navigation,0.003132157528187,0.00308945578852606,0.004255006156360082
grid_storage_capacity,Agriculture neGHG CH4,0.0032551531173516707,0.003077364257303751,0.004407502440980057
grid_storage_capacity,Agriculture neGHG N2O,0.003133801366030527,0.003055756051835452,0.004401931023947351
grid_storage_capacity,Wind offshore Costs,0.0030489561991652574,0.0030267390703958875,0.0040780860612154345
grid_storage_capacity,Wind offshore Potential,0.003488361109655582,0.0033397443538970666,0.004490766753987404
grid_storage_capacity,Solar PV Costs,0.003162222583532692,0.0030547833451906176,0.004173878131646774
grid_storage_capacity,Solar PV Potential,0.003103061913240235,0.0030516115317781745,0.0041813941058421065
grid_storage_capacity,Nuclear Costs,0.003135544423224359,0.0029757776527403524,0.00421361220996324
grid_storage_capacity,Nuclear Potential,0.0033656724079837116,0.00316136457785843,0.004427992064753167
grid_storage_capacity,Hydrogen Import Potential,0.0037696885071457366,0.0033093568821156395,0.004795571936422522
grid_storage_capacity,Hydrogen Import Price,0.0028591054204535624,0.0029570883637154467,0.004128772901607738
grid_storage_capacity,Biomass Import Potential,0.003298973285011308,0.0030088056068250193,0.004322083780604801
grid_storage_capacity,Biomass Import Price,0.0032684008092719718,0.0030994745676700564,0.004397313677046105
grid_storage_capacity,Ammonia Import Potential,0.0041377205060883935,0.0037772956318923956,0.005183283094141327
grid_storage_capacity,Ammonia Import Price,0.0032807893433889584,0.0030925036714121506,0.004413960931729971
grid_storage_capacity,CCS potential,0.003907083982372249,0.0034854287319071725,0.004988027593988405
grid_storage_capacity,Flexibility Costs,0.0031789957899014086,0.0030076135280802316,0.004390108128440424
grid_storage_capacity,LNG Price,0.002894006108255074,0.0029406368000064412,0.003967787423134124
grid_storage_capacity,Electricity Trade Price,0.0032450360481927265,0.003167288288374267,0.004577016001989698
grid_storage_capacity,Weather Conditions,0.0034940167922644844,0.003095145510428762,0.004450582039417179
grid_storage_capacity,Electricity Trade Ratio,0.0037141559199749172,0.0033721704095024934,0.004719818244497301
grid_storage_capacity,Electricity Trade Volume,0.0034304462016236438,0.003123534819897989,0.004490302707325801
grid_storage_capacity,WACC,0.0030160413184391888,0.002988686241208188,0.004116954168161796
grid_storage_capacity,Bunker Emission Reduction,0.003260369807733213,0.003078308669173491,0.004560439427009925
grid_storage_capacity,End-of-Life Emission Reduction,0.003215402812847707,0.003141420416035831,0.004321357720345966
flex_capacity_installed,CO2 Cap,0.059912622926318396,0.06527640452887294,0.07689490483181155
flex_capacity_installed,Buildings demand,0.18166925790212243,0.17896439640160067,0.19113552429826017
flex_capacity_installed,Steel Production,0.03733091658272691,0.049160116630192485,0.05815090194998727
flex_capacity_installed,Chemical Production,0.04897864959277409,0.05702356031257852,0.06651383343269336
flex_capacity_installed,Passenger Cars,0.05868909534099755,0.0632551322653169,0.07521016475344457
flex_capacity_installed,Bunker aviation,0.04192946193441679,0.051914143824108805,0.06050499097573583
flex_capacity_installed,Bunker navigation,0.06359787453017747,0.06949019068655406,0.07971042076061928
flex_capacity_installed,Agriculture neGHG CH4,0.039894681711473104,0.05074499589025255,0.060199022169731276
flex_capacity_installed,Agriculture neGHG N2O,0.035796188237207135,0.04739820666439751,0.057162349501750656
flex_capacity_installed,Wind offshore Costs,0.04704756263492328,0.056181386317883046,0.06585250858567362
flex_capacity_installed,Wind offshore Potential,0.04013921761801949,0.049090192645302164,0.059210844745853024
flex_capacity_installed,Solar PV Costs,0.038347496291118985,0.04990722238146964,0.0571104918579993
flex_capacity_installed,Solar PV Potential,0.032494094276209605,0.04492079538504968,0.05454523889552327
flex_capacity_installed,Nuclear Costs,0.039552268680216635,0.049087014184135365,0.059545794298568135
flex_capacity_installed,Nuclear Potential,0.03218933574023533,0.04536212306341584,0.05425626665987479
flex_capacity_installed,Hydrogen Import Potential,0.0524522434613548,0.05932638827746656,0.07029347909636917
flex_capacity_installed,Hydrogen Import Price,0.06226037832258097,0.06596009544370102,0.07836479030598992
flex_capacity_installed,Biomass Import Potential,0.06608568887555427,0.06794795776190404,0.08090582046842316
flex_capacity_installed,Biomass Import Price,0.09965587647727965,0.10010144662894395,0.1141837847322589
flex_capacity_installed,Ammonia Import Potential,0.10045820559307474,0.10238899880591537,0.11522761288875555
flex_capacity_installed,Ammonia Import Price,0.0905667236285108,0.09269972231361967,0.10416565624152856
flex_capacity_installed,CCS potential,0.10729655083907992,0.10688085046035364,0.12000870733393257
flex_capacity_installed,Flexibility Costs,0.03766239041635321,0.04802819100931445,0.057467030261938716
flex_capacity_installed,LNG Price,0.042933840476741716,0.05209495667227826,0.06224783226792149
flex_capacity_installed,Electricity Trade Price,0.037750261316273875,0.04795117611646463,0.05847742305978685
flex_capacity_installed,Weather Conditions,0.14193338852848536,0.14079940568157742,0.15486648809008244
flex_capacity_installed,Electricity Trade Ratio,0.14782885357050088,0.14413997641771487,0.15798721657863937
flex_capacity_installed,Electricity Trade Volume,0.04794226250384878,0.0541774924412513,0.06488529715004443
flex_capacity_installed,WACC,0.11879805814570833,0.11709063532255458,0.13008452864122005
flex_capacity_installed,Bunker Emission Reduction,0.04572459598093628,0.05511585822338337,0.06469530480573009
flex_capacity_installed,End-of-Life Emission Reduction,0.05247688961673119,0.05909582172262014,0.0701769116440347
biofuel_imports,CO2 Cap,0.041021305393181974,0.04759772693162863,0.05755557435772005
biofuel_imports,Buildings demand,0.03348481167856342,0.0411785451631752,0.049034591661953494
biofuel_imports,Steel Production,0.028190974828784254,0.03687303239118994,0.04479830326432561
biofuel_imports,Chemical Production,0.15505237056570828,0.1532693839450067,0.16397333361284178
biofuel_imports,Passenger Cars,0.03454197607574679,0.040089461319518016,0.052385222990655005
biofuel_imports,Bunker aviation,0.03136590352706672,0.03869347046067288,0.04902940984187129
biofuel_imports,Bunker navigation,0.05373705455798062,0.055485606687425394,0.06520150511869091
biofuel_imports,Agriculture neGHG CH4,0.03335027570337998,0.04167449194983509,0.050646786777244976
biofuel_imports,Agriculture neGHG N2O,0.028594481966427943,0.03661628489945002,0.04527304886916184
biofuel_imports,Wind offshore Costs,0.03472819311925935,0.040356966026085794,0.05053821897248428
biofuel_imports,Wind offshore Potential,0.024983701792360084,0.034580631161949954,0.044227990769676616
biofuel_imports,Solar PV Costs,0.026898073523260544,0.03616715949560342,0.04483427007659672
biofuel_imports,Solar PV Potential,0.029023272377592627,0.03737866132147412,0.04678465242841507
biofuel_imports,Nuclear Costs,0.0351037163421888,0.041458380869623175,0.0507520433676455
biofuel_imports,Nuclear Potential,0.03409179749732548,0.039773347682551696,0.049882217790984354
biofuel_imports,Hydrogen Import Potential,0.030543785149358852,0.03815719658416488,0.04837276459225234
biofuel_imports,Hydrogen Import Price,0.056214261066752196,0.05972743400063884,0.06919962301843342
biofuel_imports,Biomass Import Potential,0.048075096994649916,0.0518518953425591,0.0633193032165351
biofuel_imports,Biomass Import Price,0.11308418323544224,0.11254745255521305,0.12550563951635188
biofuel_imports,Ammonia Import Potential,0.08165644347045851,0.08152372404028893,0.09146675114295166
biofuel_imports,Ammonia Import Price,0.11367157299293729,0.11106629893022298,0.12343054854491779
biofuel_imports,CCS potential,0.11642760840436067,0.11330449846197221,0.12531143643944367
biofuel_imports,Flexibility Costs,0.03413506384768212,0.03821496221718681,0.04804418520507936
biofuel_imports,LNG Price,0.029224173339075708,0.037800070063908335,0.04657503320384285
biofuel_imports,Electricity Trade Price,0.03485978839801449,0.040072498056388836,0.05044532202365831
biofuel_imports,Weather Conditions,0.042489587993108584,0.04668187993060982,0.05560933047880092
biofuel_imports,Electricity Trade Ratio,0.06280255458060308,0.06386731756939958,0.07485375279230255
biofuel_imports,Electricity Trade Volume,0.058363562314424314,0.05981932338912408,0.07182032081757192
biofuel_imports,WACC,0.06610538292759124,0.0674015998128538,0.07861342186145727
biofuel_imports,Bunker Emission Reduction,0.041392445854440296,0.04322139056362487,0.05516342524229036
biofuel_imports,End-of-Life Emission Reduction,0.296448657915824,0.2942285571478469,0.30339532881632836
h2_imports,CO2 Cap,0.04926658914305142,0.05645351676316526,0.06587760336765455
h2_imports,Buildings demand,0.04687640816680602,0.054937695842626894,0.06515532728513362
h2_imports,Steel Production,0.037082089656623386,0.04660239494421944,0.05622631663914663
h2_imports,Chemical Production,0.04450555692029176,0.05301429309076415,0.06260588884244908
h2_imports,Passenger Cars,0.03465165814505954,0.04671795627804676,0.05379571591054894
h2_imports,Bunker aviation,0.040136114880380394,0.04820839038061009,0.057312767598797366
h2_imports,Bunker navigation,0.051536404064857204,0.060091481685830936,0.06985894145723882
h2_imports,Agriculture neGHG CH4,0.03872001591368282,0.048337429863899155,0.05743908647703206
h2_imports,Agriculture neGHG N2O,0.03447873410510522,0.0446062242140831,0.05455841908490515
h2_imports,Wind offshore Costs,0.040205608476013725,0.04975277249200077,0.060163481944338015
h2_imports,Wind offshore Potential,0.03492619046632938,0.047452017906707764,0.056925357316331006
h2_imports,Solar PV Costs,0.036471078290922165,0.04841858181551298,0.05697552270023283
h2_imports,Solar PV Potential,0.037776208557268084,0.046999754511215165,0.058156489241024414
h2_imports,Nuclear Costs,0.03723446805175794,0.048021958606802945,0.05707218801784536
h2_imports,Nuclear Potential,0.03535405051623751,0.04663495589586062,0.0551352599155429
h2_imports,Hydrogen Import Potential,0.11873600530562085,0.12169192900560238,0.13108806378163457
h2_imports,Hydrogen Import Price,0.3121636646575914,0.30852390901507,0.3201340325995309
h2_imports,Biomass Import Potential,0.045213078033109,0.053664610069055894,0.0633636474042713
h2_imports,Biomass Import Price,0.04936950728714724,0.056317658270189884,0.06441422944237125
h2_imports,Ammonia Import Potential,0.06894999789723465,0.07464444829090165,0.08769953819280196
h2_imports,Ammonia Import Price,0.05675429295112475,0.06255216356766365,0.07275413379589635
h2_imports,CCS potential,0.0772651627075666,0.08169214293964544,0.09301224420028888
h2_imports,Flexibility Costs,0.0351520032124923,0.04507889154130126,0.05296360719961415
h2_imports,LNG Price,0.037159111398873255,0.04766825325714803,0.058279578782390574
h2_imports,Electricity Trade Price,0.03663860210449538,0.04787870318650342,0.05673311837135656
h2_imports,Weather Conditions,0.043967459604338684,0.05323036495130379,0.06424745593757274
h2_imports,Electricity Trade Ratio,0.055119491093076574,0.061936864162424804,0.07204261627364408
h2_imports,Electricity Trade Volume,0.05068484344318741,0.058210295044707795,0.07047365588165869
h2_imports,WACC,0.05074548109697176,0.05873049103109559,0.06819229596498791
h2_imports,Bunker Emission Reduction,0.047781043294250904,0.0547160065390957,0.06752515958920245
h2_imports,End-of-Life Emission Reduction,0.056781019289859014,0.06254888541807133,0.07268860712130477
elec_imports,CO2 Cap,0.03249578723624712,0.045283943091180154,0.05332452131299708
elec_imports,Buildings demand,0.03734252064996819,0.0470710673355254,0.05671282558315023
elec_imports,Steel Production,0.035459058001136905,0.0464639772901759,0.05435275728555254
elec_imports,Chemical Production,0.03322922992653735,0.04691809937343904,0.05422142592583079
elec_imports,Passenger Cars,0.038491524686514046,0.04775957973578063,0.055558489134940735
elec_imports,Bunker aviation,0.03628590855125193,0.048048372588470556,0.0564187363650868
elec_imports,Bunker navigation,0.035843879239061675,0.0480279836351872,0.05510092426581274
elec_imports,Agriculture neGHG CH4,0.036814662361927104,0.04765450619046111,0.05639308062806782
elec_imports,Agriculture neGHG N2O,0.03697627849888548,0.046982407079546776,0.056637236262477526
elec_imports,Wind offshore Costs,0.038902644814665696,0.04809200580420907,0.05942398516284855
elec_imports,Wind offshore Potential,0.034667055096976276,0.046422055789978586,0.054317301681600635
elec_imports,Solar PV Costs,0.03523387117453018,0.04511720935852972,0.05477822802218377
elec_imports,Solar PV Potential,0.03298976795804829,0.04531852396285685,0.05532437464497243
elec_imports,Nuclear Costs,0.03718687300061201,0.047312119667969874,0.05725161376817824
elec_imports,Nuclear Potential,0.035237929868946236,0.046759662943669816,0.05521346455166718
elec_imports,Hydrogen Import Potential,0.03602767064817557,0.04803411092771172,0.055165659320764955
elec_imports,Hydrogen Import Price,0.035650454592764516,0.04735954894429075,0.05458374465331901
elec_imports,Biomass Import Potential,0.032629770334607816,0.04508140874679135,0.0544772412643083
elec_imports,Biomass Import Price,0.036143632540596146,0.04773704142044084,0.05539504545996562
elec_imports,Ammonia Import Potential,0.033887303269783814,0.04522432905399314,0.052854017768830405
elec_imports,Ammonia Import Price,0.042079717969217265,0.050434779699861515,0.05809466912700045
elec_imports,CCS potential,0.04002388937568557,0.04971570610980988,0.05885723349500023
elec_imports,Flexibility Costs,0.03391622861290584,0.04482463197710187,0.05541367392163394
elec_imports,LNG Price,0.03283373837249439,0.04521384388773355,0.05448754893379139
elec_imports,Electricity Trade Price,0.06985862235757649,0.07408772378208739,0.08441675357698115
elec_imports,Weather Conditions,0.06316407109343083,0.06963454275035161,0.07804051367658572
elec_imports,Electricity Trade Ratio,0.41492619929420466,0.41111849578005655,0.4210312313993301
elec_imports,Electricity Trade Volume,0.2785952920691869,0.27666363161296953,0.2867102715652914
elec_imports,WACC,0.04005013923208378,0.04989292540260729,0.0577968650492776
elec_imports,Bunker Emission Reduction,0.03656508936121021,0.0469677018559536,0.05648583366912831
elec_imports,End-of-Life Emission Reduction,0.034699814700833886,0.04651694717831055,0.053319518444478436
nuclear_capacity,CO2 Cap,0.0379211494484706,0.04175182889517365,0.05088999571953771
nuclear_capacity,Buildings demand,0.025689374761681753,0.030314476279048232,0.03938249789704297
nuclear_capacity,Steel Production,0.028785715305331836,0.033482235786956055,0.04319830528318318
nuclear_capacity,Chemical Production,0.036613043469821305,0.038314557437572005,0.04835101592948447
nuclear_capacity,Passenger Cars,0.02461217980864213,0.031604280208026914,0.040772110695822594
nuclear_capacity,Bunker aviation,0.028744937861568672,0.03382748648488082,0.042241769641453084
nuclear_capacity,Bunker navigation,0.037562116729960064,0.04047458712317876,0.05041736579428066
nuclear_capacity,Agriculture neGHG CH4,0.029013979676459748,0.03407891082830712,0.04313283673979249
nuclear_capacity,Agriculture neGHG N2O,0.02363874689164135,0.029639338790770915,0.0386746305916087
nuclear_capacity,Wind offshore Costs,0.03947530903806358,0.04222815995962461,0.05152955988981797
nuclear_capacity,Wind offshore Potential,0.032604127931567015,0.03526306627973429,0.04455199412618684
nuclear_capacity,Solar PV Costs,0.0305461885325094,0.03391706365774223,0.04252036230761409
nuclear_capacity,Solar PV Potential,0.0284930256095939,0.033226220717114285,0.04001364255627818
nuclear_capacity,Nuclear Costs,0.26451880854534127,0.2598132481341339,0.27124774701590443
nuclear_capacity,Nuclear Potential,0.16561150502897815,0.16299335557711334,0.17304996781640142
nuclear_capacity,Hydrogen Import Potential,0.02640798207479571,0.03186077973196898,0.03947429934080114
nuclear_capacity,Hydrogen Import Price,0.032272389470132216,0.03733396427512903,0.04469718469509066
nuclear_capacity,Biomass Import Potential,0.03875436073142495,0.0401157834079589,0.05118773069136407
nuclear_capacity,Biomass Import Price,0.04786299869571694,0.0491678727263886,0.05947730129925141
nuclear_capacity,Ammonia Import Potential,0.05301663642051848,0.05491551246692183,0.06767653664436281
nuclear_capacity,Ammonia Import Price,0.03869138790982462,0.04160925454028121,0.05060038187653732
nuclear_capacity,CCS potential,0.05792556793876609,0.05725643848181105,0.06869854568458211
nuclear_capacity,Flexibility Costs,0.023295545346361246,0.029655204468434705,0.03851668499911602
nuclear_capacity,LNG Price,0.021778166859884603,0.030534248183297072,0.03826551652592396
nuclear_capacity,Electricity Trade Price,0.020729266013711518,0.029564429152222103,0.037141331883352155
nuclear_capacity,Weather Conditions,0.055880809291406146,0.055428270681593186,0.06544654433609054
nuclear_capacity,Electricity Trade Ratio,0.06717606162458725,0.06732600078408733,0.07799916323838527
nuclear_capacity,Electricity Trade Volume,0.05962168367473669,0.060565362717516016,0.07031526970102502
nuclear_capacity,WACC,0.07957172519695963,0.07628661164510488,0.09049106327429714
nuclear_capacity,Bunker Emission Reduction,0.0341767605311268,0.037895011073094204,0.047792587265639154
nuclear_capacity,End-of-Life Emission Reduction,0.03696338047643526,0.03970074857152995,0.049145596926210254
wind_offshore_capacity,CO2 Cap,0.04926545081067645,0.06113643973453196,0.06933974016250567
wind_offshore_capacity,Buildings demand,0.07068739199404371,0.07890711244793469,0.08908048781849855
wind_offshore_capacity,Steel Production,0.042276741684166216,0.05537096158790607,0.06562624924928556
wind_offshore_capacity,Chemical Production,0.07589183946810356,0.08169858049713193,0.09259573404228653
wind_offshore_capacity,Passenger Cars,0.0417428620082501,0.05257492399492007,0.06329361276285406
wind_offshore_capacity,Bunker aviation,0.04056862969243682,0.054673933735740296,0.06415624747091361
wind_offshore_capacity,Bunker navigation,0.0595632730234368,0.0673643579373316,0.07952977389112703
wind_offshore_capacity,Agriculture neGHG CH4,0.04161246374708667,0.055670509861173084,0.06522856159430548
wind_offshore_capacity,Agriculture neGHG N2O,0.04432425384064115,0.05619965694640949,0.0669520056212053
wind_offshore_capacity,Wind offshore Costs,0.12246585296573603,0.12362348716649739,0.13508474932378892
wind_offshore_capacity,Wind offshore Potential,0.1325873393412273,0.13813078075430693,0.14948903597318608
wind_offshore_capacity,Solar PV Costs,0.04315149419284198,0.057812838306373425,0.06723890367468233
wind_offshore_capacity,Solar PV Potential,0.04542642219636185,0.05834880674397949,0.06768169752026014
wind_offshore_capacity,Nuclear Costs,0.08322766026200844,0.08929965435741048,0.09906136223882818
wind_offshore_capacity,Nuclear Potential,0.04086235142788184,0.05554753045517582,0.06477424995009974
wind_offshore_capacity,Hydrogen Import Potential,0.03835009456688779,0.054476632347217745,0.062092895395226125
wind_offshore_capacity,Hydrogen Import Price,0.06324840276346298,0.07007927840616417,0.08086999835760884
wind_offshore_capacity,Biomass Import Potential,0.05547681864286969,0.06517882184280968,0.07558092307231072
wind_offshore_capacity,Biomass Import Price,0.07078063638558764,0.07574586007116271,0.08860958675270601
wind_offshore_capacity,Ammonia Import Potential,0.08220822553608344,0.08785625277951487,0.09774545154802959
wind_offshore_capacity,Ammonia Import Price,0.07033015399504153,0.0779389252116344,0.09014501164474525
wind_offshore_capacity,CCS potential,0.06862479519679265,0.07645301453822372,0.08722986847558903
wind_offshore_capacity,Flexibility Costs,0.04104454294399662,0.055668093968723575,0.06386028919078242
wind_offshore_capacity,LNG Price,0.03973440025062739,0.054956148632844794,0.06474928249304986
wind_offshore_capacity,Electricity Trade Price,0.054464201452405,0.0640327616400864,0.07419275431199619
wind_offshore_capacity,Weather Conditions,0.08400303628466209,0.08927375106391748,0.10042800829096933
wind_offshore_capacity,Electricity Trade Ratio,0.19446530615196922,0.19068334988507443,0.20405635156976182
wind_offshore_capacity,Electricity Trade Volume,0.07008200494061852,0.077291576279077,0.08723831066900678
wind_offshore_capacity,WACC,0.08794359758915697,0.09185652645450294,0.10415253013307067
wind_offshore_capacity,Bunker Emission Reduction,0.05049136103153845,0.061525691654577525,0.07176466886624204
wind_offshore_capacity,End-of-Life Emission Reduction,0.061665219823474914,0.06909480137890751,0.07904926561263091
wind_onshore_capacity,CO2 Cap,0.014193916700594816,0.015122088077604982,0.024276265375580502
wind_onshore_capacity,Buildings demand,0.016064849696566547,0.016549306394091953,0.0256192880716554
wind_onshore_capacity,Steel Production,0.014718055068614353,0.014817425520549113,0.023842126843927672
wind_onshore_capacity,Chemical Production,0.020557744895998646,0.02013400286620779,0.02807228062257764
wind_onshore_capacity,Passenger Cars,0.015117018197824936,0.017167894195306732,0.0255219083815238
wind_onshore_capacity,Bunker aviation,0.012452853934304736,0.015295797135023544,0.023024936813203098
wind_onshore_capacity,Bunker navigation,0.013820088947661338,0.014808490741915478,0.024300479507369358
wind_onshore_capacity,Agriculture neGHG CH4,0.01242817500753354,0.014244727085463505,0.023158718789048318
wind_onshore_capacity,Agriculture neGHG N2O,0.01281757277562902,0.014917336149988929,0.023489191991964538
wind_onshore_capacity,Wind offshore Costs,0.04504613862790138,0.04203340073199907,0.05241543241473806
wind_onshore_capacity,Wind offshore Potential,0.029554352687127923,0.028251242552122878,0.03812376747655211
wind_onshore_capacity,Solar PV Costs,0.014146029728903614,0.015232304995899035,0.023152917180709384
wind_onshore_capacity,Solar PV Potential,0.011632125372396756,0.013980573354032558,0.021307632860358472
wind_onshore_capacity,Nuclear Costs,0.017754663533238332,0.01887316119180271,0.027871247889762626
wind_onshore_capacity,Nuclear Potential,0.012387640513889527,0.014211877989143905,0.021855141735694854
wind_onshore_capacity,Hydrogen Import Potential,0.012626250717398669,0.014300610663790222,0.021707161474907064
wind_onshore_capacity,Hydrogen Import Price,0.018469248966170772,0.018574956331292514,0.027916919739692934
wind_onshore_capacity,Biomass Import Potential,0.014051866856159438,0.014799287626052461,0.025302330009305447
wind_onshore_capacity,Biomass Import Price,0.020829898317357914,0.019853827101910543,0.02938340629654321
wind_onshore_capacity,Ammonia Import Potential,0.024896779922305375,0.023031884058038892,0.03374568244419006
wind_onshore_capacity,Ammonia Import Price,0.015956074938385384,0.017250514973711054,0.02698043864825822
wind_onshore_capacity,CCS potential,0.022792512368382332,0.022799769772911392,0.03240101604256864
wind_onshore_capacity,Flexibility Costs,0.012817912834332191,0.015386747823589684,0.023374682115029757
wind_onshore_capacity,LNG Price,0.013686743836845695,0.016130797129863605,0.024307667797628486
wind_onshore_capacity,Electricity Trade Price,0.016344542702076543,0.016438018407451186,0.023437724050866724
wind_onshore_capacity,Weather Conditions,0.26657872526056076,0.26268919656845685,0.2728707793824385
wind_onshore_capacity,Electricity Trade Ratio,0.027948587074076624,0.025796247038154457,0.03677995765134748
wind_onshore_capacity,Electricity Trade Volume,0.01781272434519146,0.018551430351465514,0.027189832955248305
wind_onshore_capacity,WACC,0.012788531649305327,0.01554956829655061,0.02450213668091269
wind_onshore_capacity,Bunker Emission Reduction,0.021039846978662072,0.020160748412566074,0.031239029430757626
wind_onshore_capacity,End-of-Life Emission Reduction,0.02087593351722075,0.02046028036042629,0.02937045426254157
methanol_production,CO2 Cap,0.039330514351667,0.04841391134182401,0.058268214886612636
methanol_production,Buildings demand,0.03918789892824199,0.04743236906952766,0.0581941023197933
methanol_production,Steel Production,0.032861725358095666,0.04506358269943585,0.05336454005220451
methanol_production,Chemical Production,0.20716904792462637,0.20550496197880888,0.2140549711763834
methanol_production,Passenger Cars,0.0388182786428046,0.04734950660500242,0.059637201415388884
methanol_production,Bunker aviation,0.0431047370591713,0.05058236327392181,0.0604663589252292
methanol_production,Bunker navigation,0.03987922380246201,0.05004661858980898,0.06015032564824442
methanol_production,Agriculture neGHG CH4,0.03563762816402292,0.046818716216730914,0.055107946001968944
methanol_production,Agriculture neGHG N2O,0.03349507425790342,0.04558058626373418,0.05616560556108666
methanol_production,Wind offshore Costs,0.03893914146134169,0.04771523991942748,0.05757720050662255
methanol_production,Wind offshore Potential,0.03550711134585853,0.046902990825847,0.0559495836881647
methanol_production,Solar PV Costs,0.032635701086567964,0.04533591727080255,0.054647274574214165
methanol_production,Solar PV Potential,0.03684012923218176,0.04698914246889182,0.0582384763779038
methanol_production,Nuclear Costs,0.03856145018434472,0.048524310015800265,0.05632408000864475
methanol_production,Nuclear Potential,0.038132444856685765,0.047752150702032224,0.05806025131155839
methanol_production,Hydrogen Import Potential,0.045213880892932434,0.0532295385146383,0.061654872757946566
methanol_production,Hydrogen Import Price,0.057053814897863105,0.06371844569023043,0.07418258507469715
methanol_production,Biomass Import Potential,0.0523452903580904,0.059163343165441244,0.06943381556068164
methanol_production,Biomass Import Price,0.0893241218846079,0.09049585777036838,0.10141737936052483
methanol_production,Ammonia Import Potential,0.04779087577667427,0.05539850495341418,0.06287608272180376
methanol_production,Ammonia Import Price,0.04156741307024783,0.05009923061146348,0.06222108311076341
methanol_production,CCS potential,0.046137592390200405,0.0539630944756591,0.06384606524210484
methanol_production,Flexibility Costs,0.03370686996751682,0.045464979667058786,0.054978285623915095
methanol_production,LNG Price,0.036580440253663866,0.04832574140166917,0.05646154557055083
methanol_production,Electricity Trade Price,0.03826031834912577,0.0469085301389015,0.058408743995904316
methanol_production,Weather Conditions,0.043349732570973576,0.051569127420422065,0.06224861159961498
methanol_production,Electricity Trade Ratio,0.04164098618083799,0.05174940338664993,0.06179870038434899
methanol_production,Electricity Trade Volume,0.04000627656136175,0.050376389102597056,0.058480747818138536
methanol_production,WACC,0.043474374662540796,0.05168405034111674,0.062053374426814516
methanol_production,Bunker Emission Reduction,0.0664657868847715,0.07078039843939106,0.0819351991427886
methanol_production,End-of-Life Emission Reduction,0.36388249122153327,0.35940627526801794,0.3704654349064037
hydrogen_production,CO2 Cap,0.04463832047959271,0.05024164152300683,0.05958397111264021
hydrogen_production,Buildings demand,0.03686921121112331,0.04658040463377098,0.057732657696093106
hydrogen_production,Steel Production,0.02929292503111743,0.04100504395835864,0.050659112351692445
hydrogen_production,Chemical Production,0.045831247553122005,0.052476606727297634,0.062179101149484904
hydrogen_production,Passenger Cars,0.030532708281876153,0.04217010791552339,0.05101382204371564
hydrogen_production,Bunker aviation,0.052400736668410455,0.056262719349865986,0.0679852855313333
hydrogen_production,Bunker navigation,0.04999959227307329,0.05619926359136051,0.06579263471190419
hydrogen_production,Agriculture neGHG CH4,0.03320611855087104,0.04322642308597332,0.05284972185186488
hydrogen_production,Agriculture neGHG N2O,0.03394493321306667,0.04497434024438743,0.05529531992498526
hydrogen_production,Wind offshore Costs,0.03772279743585671,0.045618739878520775,0.05660806856859981
hydrogen_production,Wind offshore Potential,0.036038926625296244,0.04496865065753496,0.054345232706115944
hydrogen_production,Solar PV Costs,0.03297211424473235,0.043621492991608266,0.05236096768429065
hydrogen_production,Solar PV Potential,0.03660499109104547,0.04553730247762554,0.055696178766961105
hydrogen_production,Nuclear Costs,0.03595932456755239,0.045077761978368124,0.054200307808634135
hydrogen_production,Nuclear Potential,0.03322654169362469,0.04407994969671833,0.05324515175562228
hydrogen_production,Hydrogen Import Potential,0.07597955807329285,0.07921000356539619,0.09057844043628611
hydrogen_production,Hydrogen Import Price,0.26519751356070154,0.26341660130781763,0.273766382467449
hydrogen_production,Biomass Import Potential,0.11213519549207396,0.1095064747517595,0.12375838206615661
hydrogen_production,Biomass Import Price,0.12782229821512117,0.12628496046929663,0.14123322514049075
hydrogen_production,Ammonia Import Potential,0.057175305211017775,0.06163458713442165,0.07308243444186738
hydrogen_production,Ammonia Import Price,0.05067417657437319,0.055935085372379505,0.06755146819564706
hydrogen_production,CCS potential,0.05837979324419732,0.061483039213839165,0.0726352979885126
hydrogen_production,Flexibility Costs,0.031242436268569772,0.042904016248492945,0.05201475266211636
hydrogen_production,LNG Price,0.036423411668769126,0.04450408241221461,0.05390079194527506
hydrogen_production,Electricity Trade Price,0.03689962099649105,0.044283972594885965,0.054704660660874205
hydrogen_production,Weather Conditions,0.03871796728790669,0.04814649417312178,0.05758910011165061
hydrogen_production,Electricity Trade Ratio,0.050498639939877146,0.05578691426815533,0.0663282671577215
hydrogen_production,Electricity Trade Volume,0.0459258056406259,0.054308117650296014,0.06552974006814274
hydrogen_production,WACC,0.04505467243310452,0.052028938351953664,0.06266936843996676
hydrogen_production,Bunker Emission Reduction,0.061968068067790705,0.06646081970828016,0.07633041157173884
hydrogen_production,End-of-Life Emission Reduction,0.1324222253805957,0.13065623277425994,0.14209339991544748
synfuel_production,CO2 Cap,0.03599829434301716,0.04505013475990378,0.052660710399759135
synfuel_production,Buildings demand,0.030918198259984507,0.04130729490094057,0.0491143565298325
synfuel_production,Steel Production,0.02863061283054656,0.03961854117042139,0.04738960212928817
synfuel_production,Chemical Production,0.03967500793348397,0.04646754979859212,0.056627903773153875
synfuel_production,Passenger Cars,0.02949184022318867,0.039169415239189535,0.04806511403223353
synfuel_production,Bunker aviation,0.06017311470904079,0.06497528554343641,0.07518599912614819
synfuel_production,Bunker navigation,0.042694410977616504,0.05045507770584647,0.05900679778035645
synfuel_production,Agriculture neGHG CH4,0.0284165322687435,0.040127589950386726,0.05035573763726637
synfuel_production,Agriculture neGHG N2O,0.028689598897556064,0.040581074024964796,0.04796261721383527
synfuel_production,Wind offshore Costs,0.03253551949140275,0.04073099500526607,0.05021859493590828
synfuel_production,Wind offshore Potential,0.031038542435150834,0.041703832099842006,0.04914045060675276
synfuel_production,Solar PV Costs,0.03532260126591102,0.04292465217860769,0.05310867114553366
synfuel_production,Solar PV Potential,0.03295734646730376,0.04193508185498504,0.05032175410402576
synfuel_production,Nuclear Costs,0.034189446966028235,0.04268204234395355,0.050798295428284145
synfuel_production,Nuclear Potential,0.03372092073069722,0.04152270721619697,0.05028480741913882
synfuel_production,Hydrogen Import Potential,0.03409177464174522,0.04140083126766745,0.049894587093432655
synfuel_production,Hydrogen Import Price,0.03276911472538157,0.042661802962946256,0.05288790167220353
synfuel_production,Biomass Import Potential,0.10426279691212255,0.10374828201629843,0.1173292362145306
synfuel_production,Biomass Import Price,0.10774168201382034,0.10813486880026649,0.11922860865074202
synfuel_production,Ammonia Import Potential,0.04664365473833722,0.05216154095409451,0.06121489406879631
synfuel_production,Ammonia Import Price,0.042363577014142326,0.05094392915462661,0.05874978458350601
synfuel_production,CCS potential,0.0555549226174299,0.060024427989239806,0.07237050767917791
synfuel_production,Flexibility Costs,0.03117132438828906,0.04222650040862193,0.0505875087770996
synfuel_production,LNG Price,0.051891378459860915,0.056387244938011095,0.068269602475671
synfuel_production,Electricity Trade Price,0.032484555306542456,0.04073710392917797,0.051041803097521564
synfuel_production,Weather Conditions,0.031833088161448066,0.04086675936159203,0.05024626056558055
synfuel_production,Electricity Trade Ratio,0.03356365755695075,0.0424099440778872,0.05111621110507419
synfuel_production,Electricity Trade Volume,0.03422395873584457,0.04260583931109458,0.051159455366767664
synfuel_production,WACC,0.03710622338237775,0.04488375746910324,0.054410299033604524
synfuel_production,Bunker Emission Reduction,0.3430728424177413,0.3389643839116272,0.35372635127350344
synfuel_production,End-of-Life Emission Reduction,0.10837476693139864,0.10904002801427898,0.12086955940329822
unserved_energy,CO2 Cap,0.03795571616010379,0.047611884945935615,0.056682842493478346
unserved_energy,Buildings demand,0.05553212867552336,0.06248631586275019,0.0730636571299388
unserved_energy,Steel Production,0.03457920379198038,0.04642446969999157,0.05505430287765795
unserved_energy,Chemical Production,0.03987600624669702,0.0501851771669617,0.05855799659500441
unserved_energy,Passenger Cars,0.03836902635943208,0.048126939119792954,0.05733666156161814
unserved_energy,Bunker aviation,0.03794023108772618,0.04790336174726691,0.05837961675276388
unserved_energy,Bunker navigation,0.0470511943644909,0.05358619720530841,0.06341239810407749
unserved_energy,Agriculture neGHG CH4,0.03583497468839975,0.04716021567065889,0.05616839468654765
unserved_energy,Agriculture neGHG N2O,0.0346668486445372,0.045395760269812166,0.055509692178640234
unserved_energy,Wind offshore Costs,0.04191645071373124,0.0521144860203349,0.06128037638913339
unserved_energy,Wind offshore Potential,0.039693770505108326,0.05043138279547407,0.0592776531092062
unserved_energy,Solar PV Costs,0.03888646119238017,0.051352339946369494,0.058979750886927196
unserved_energy,Solar PV Potential,0.040891864883087964,0.05033992859639069,0.059337279384755144
unserved_energy,Nuclear Costs,0.03821416235475346,0.04965618819321269,0.05763427150488121
unserved_energy,Nuclear Potential,0.032999220626588395,0.04601974682481623,0.053911881141092424
unserved_energy,Hydrogen Import Potential,0.038895803217550116,0.048620118055035175,0.058883795132213736
unserved_energy,Hydrogen Import Price,0.03769307007609799,0.04906425784215346,0.05667324449852921
unserved_energy,Biomass Import Potential,0.048894770300230386,0.05519395175331135,0.06620833975955043
unserved_energy,Biomass Import Price,0.04841518345779923,0.05498409705539299,0.06619157318596665
unserved_energy,Ammonia Import Potential,0.052767670316609186,0.0603362254428088,0.07036740988625634
unserved_energy,Ammonia Import Price,0.052344803329016934,0.06000064611424304,0.06962966091384876
unserved_energy,CCS potential,0.054882309881177066,0.06122726287026302,0.07383350951540449
unserved_energy,Flexibility Costs,0.060098151934632235,0.06672153339489018,0.07518974741911973
unserved_energy,LNG Price,0.03307808132231575,0.045586613958907916,0.054880044352777185
unserved_energy,Electricity Trade Price,0.062096711252322495,0.06692587270043446,0.07834698733058137
unserved_energy,Weather Conditions,0.13650607758357958,0.1341139130890101,0.14510238128490677
unserved_energy,Electricity Trade Ratio,0.28312198047567677,0.28127837100942554,0.2917184348794005
unserved_energy,Electricity Trade Volume,0.13250316864349923,0.1337975685502726,0.14554007281925993
unserved_energy,WACC,0.05043489582617136,0.05836881815211856,0.06900227420697466
unserved_energy,Bunker Emission Reduction,0.04133795902650347,0.051175452025739,0.059721019192382624
unserved_energy,End-of-Life Emission Reduction,0.038416264179959136,0.049084330291625074,0.05755089752179142
