kpi,parameter,delta,delta_unclipped,raw,noise_floor,floor_sd,classes,significant
battery_capacity,CO2 Cap,0.001036977170767929,0.001036977170767929,0.02449145055724744,0.02345447338647951,0.002368436960352675,13,False
battery_capacity,Buildings demand,0.0009527572192348684,0.0009527572192348684,0.02440723060571438,0.02345447338647951,0.002368436960352675,13,False
battery_capacity,Steel Production,0.002936107028287536,0.002936107028287536,0.026390580414767047,0.02345447338647951,0.002368436960352675,13,False
battery_capacity,Chemical Production,0.005667441145029577,0.005667441145029577,0.02912191453150909,0.02345447338647951,0.002368436960352675,13,True
battery_capacity,Passenger Cars,0.5789759931710072,0.5789759931710072,0.6024304665574868,0.02345447338647951,0.002368436960352675,13,True
battery_capacity,Bunker aviation,0.0,-0.0013011508655370561,0.022153322520942455,0.02345447338647951,0.002368436960352675,13,False
battery_capacity,Bunker navigation,0.0,-0.0028060438867348048,0.020648429499744707,0.02345447338647951,0.002368436960352675,13,False
battery_capacity,Agriculture neGHG CH4,9.992048561975261e-05,9.992048561975261e-05,0.023554393872099264,0.02345447338647951,0.002368436960352675,13,False
battery_capacity,Agriculture neGHG N2O,0.00186543208973702,0.00186543208973702,0.02531990547621653,0.02345447338647951,0.002368436960352675,13,False
battery_capacity,Wind offshore Costs,0.0027037880115030263,0.0027037880115030263,0.026158261397982538,0.02345447338647951,0.002368436960352675,13,False
battery_capacity,Wind offshore Potential,9.718824165022219e-05,9.718824165022219e-05,0.023551661628129734,0.02345447338647951,0.002368436960352675,13,False
battery_capacity,Solar PV Costs,0.0012519691432808545,0.0012519691432808545,0.024706442529760366,0.02345447338647951,0.002368436960352675,13,False
battery_capacity,Solar PV Potential,0.0013347143763810694,0.0013347143763810694,0.02478918776286058,0.02345447338647951,0.002368436960352675,13,False
battery_capacity,Nuclear Costs,0.0,-0.0015548458893520044,0.021899627497127507,0.02345447338647951,0.002368436960352675,13,False
battery_capacity,Nuclear Potential,0.006374130139132669,0.006374130139132669,0.02982860352561218,0.02345447338647951,0.002368436960352675,13,True
battery_capacity,Hydrogen Import Potential,0.0002331439099319474,0.0002331439099319474,0.02368761729641146,0.02345447338647951,0.002368436960352675,13,False
battery_capacity,Hydrogen Import Price,0.003658700819385602,0.003658700819385602,0.027113174205865113,0.02345447338647951,0.002368436960352675,13,False
battery_capacity,Biomass Import Potential,0.0017653574581275935,0.0017653574581275935,0.025219830844607105,0.02345447338647951,0.002368436960352675,13,False
battery_capacity,Biomass Import Price,0.001836603966868862,0.001836603966868862,0.025291077353348373,0.02345447338647951,0.002368436960352675,13,False
battery_capacity,Ammonia Import Potential,0.0,-5.922695023259997e-05,0.02339524643624691,0.02345447338647951,0.002368436960352675,13,False
battery_capacity,Ammonia Import Price,0.003193427860217056,0.003193427860217056,0.026647901246696568,0.02345447338647951,0.002368436960352675,13,False
battery_capacity,CCS potential,0.0009759449874959525,0.0009759449874959525,0.024430418373975464,0.02345447338647951,0.002368436960352675,13,False
battery_capacity,Flexibility Costs,0.0009118303924980191,0.0009118303924980191,0.02436630377897753,0.02345447338647951,0.002368436960352675,13,False
battery_capacity,LNG Price,0.0,-0.0035360872895208485,0.019918386096958663,0.02345447338647951,0.002368436960352675,13,False
battery_capacity,Electricity Trade Price,0.0,-0.00043745775422388694,0.023017015632255625,0.02345447338647951,0.002368436960352675,13,False
battery_capacity,Weather Conditions,5.9434002482885995e-05,5.9434002482885995e-05,0.023513907388962398,0.02345447338647951,0.002368436960352675,13,False
battery_capacity,Electricity Trade Ratio,0.001465800791685165,0.001465800791685165,0.024920274178164677,0.02345447338647951,0.002368436960352675,13,False
battery_capacity,Electricity Trade Volume,0.0005618123407577849,0.0005618123407577849,0.024016285727237296,0.02345447338647951,0.002368436960352675,13,False
battery_capacity,WACC,0.004633245229654165,0.004633245229654165,0.028087718616133676,0.02345447338647951,0.002368436960352675,13,False
battery_capacity,Bunker Emission Reduction,0.0013844446982152966,0.0013844446982152966,0.024838918084694808,0.02345447338647951,0.002368436960352675,13,False
battery_capacity,End-of-Life Emission Reduction,0.0,-0.0025603116053901642,0.020894161781089347,0.02345447338647951,0.002368436960352675,13,False
battery_use,CO2 Cap,0.0,-3.485806150621551e-05,0.03098610821097706,0.031020966272483276,0.0022078345937077276,13,False
battery_use,Buildings demand,0.00023943351849126798,0.00023943351849126798,0.031260399790974544,0.031020966272483276,0.0022078345937077276,13,False
battery_use,Steel Production,0.0015772553128452216,0.0015772553128452216,0.0325982215853285,0.031020966272483276,0.0022078345937077276,13,False
battery_use,Chemical Production,0.003355861262318495,0.003355861262318495,0.03437682753480177,0.031020966272483276,0.0022078345937077276,13,False
battery_use,Passenger Cars,0.6787056085991306,0.6787056085991306,0.709726574871614,0.031020966272483276,0.0022078345937077276,13,True
battery_use,Bunker aviation,0.0,-0.00012622911453756547,0.03089473715794571,0.031020966272483276,0.0022078345937077276,13,False
battery_use,Bunker navigation,0.0,-0.0006285234803452,0.030392442792138076,0.031020966272483276,0.0022078345937077276,13,False
battery_use,Agriculture neGHG CH4,0.0001230908310668223,0.0001230908310668223,0.0311440571035501,0.031020966272483276,0.0022078345937077276,13,False
battery_use,Agriculture neGHG N2O,0.0004175006447220339,0.0004175006447220339,0.03143846691720531,0.031020966272483276,0.0022078345937077276,13,False
battery_use,Wind offshore Costs,0.0035763216759744296,0.0035763216759744296,0.034597287948457706,0.031020966272483276,0.0022078345937077276,13,False
battery_use,Wind offshore Potential,0.001590231611612515,0.001590231611612515,0.03261119788409579,0.031020966272483276,0.0022078345937077276,13,False
battery_use,Solar PV Costs,0.0022120125206129826,0.0022120125206129826,0.03323297879309626,0.031020966272483276,0.0022078345937077276,13,False
battery_use,Solar PV Potential,0.0013059002486784585,0.0013059002486784585,0.032326866521161735,0.031020966272483276,0.0022078345937077276,13,False
battery_use,Nuclear Costs,0.0,-0.0024658689593796725,0.028555097313103604,0.031020966272483276,0.0022078345937077276,13,False
battery_use,Nuclear Potential,0.004906998607775333,0.004906998607775333,0.03592796488025861,0.031020966272483276,0.0022078345937077276,13,True
battery_use,Hydrogen Import Potential,0.00036574873983538647,0.00036574873983538647,0.03138671501231866,0.031020966272483276,0.0022078345937077276,13,False
battery_use,Hydrogen Import Price,0.004581749974682178,0.004581749974682178,0.035602716247165454,0.031020966272483276,0.0022078345937077276,13,True
battery_use,Biomass Import Potential,0.004093776330446393,0.004093776330446393,0.03511474260292967,0.031020966272483276,0.0022078345937077276,13,False
battery_use,Biomass Import Price,0.0027248748371425033,0.0027248748371425033,0.03374584110962578,0.031020966272483276,0.0022078345937077276,13,False
battery_use,Ammonia Import Potential,0.0,-0.0004312590702877546,0.03058970720219552,0.031020966272483276,0.0022078345937077276,13,False
battery_use,Ammonia Import Price,0.001602342172880869,0.001602342172880869,0.032623308445364145,0.031020966272483276,0.0022078345937077276,13,False
battery_use,CCS potential,0.001312689334002498,0.001312689334002498,0.032333655606485774,0.031020966272483276,0.0022078345937077276,13,False
battery_use,Flexibility Costs,0.001381919205696934,0.001381919205696934,0.03240288547818021,0.031020966272483276,0.0022078345937077276,13,False
battery_use,LNG Price,0.0,-0.0031650120769824916,0.027855954195500784,0.031020966272483276,0.0022078345937077276,13,False
battery_use,Electricity Trade Price,0.0,-0.00013807737982361734,0.03088288889265966,0.031020966272483276,0.0022078345937077276,13,False
battery_use,Weather Conditions,0.0,-0.0003387340339352299,0.030682232238548046,0.031020966272483276,0.0022078345937077276,13,False
battery_use,Electricity Trade Ratio,0.003332459683349241,0.003332459683349241,0.03435342595583252,0.031020966272483276,0.0022078345937077276,13,False
battery_use,Electricity Trade Volume,0.0010899017382255682,0.0010899017382255682,0.032110868010708844,0.031020966272483276,0.0022078345937077276,13,False
battery_use,WACC,0.0021176356648925573,0.0021176356648925573,0.03313860193737583,0.031020966272483276,0.0022078345937077276,13,False
battery_use,Bunker Emission Reduction,0.0021709126387229397,0.0021709126387229397,0.033191878911206216,0.031020966272483276,0.0022078345937077276,13,False
battery_use,End-of-Life Emission Reduction,0.0,-0.0025405238342411963,0.02848044243824208,0.031020966272483276,0.0022078345937077276,13,False
beccs_use,CO2 Cap,0.01623652282077348,0.01623652282077348,0.05635089378262777,0.04011437096185429,0.0023686260891760827,13,True
beccs_use,Buildings demand,0.002777014721242234,0.002777014721242234,0.04289138568309652,0.04011437096185429,0.0023686260891760827,13,False
beccs_use,Steel Production,0.002146950627766403,0.002146950627766403,0.04226132158962069,0.04011437096185429,0.0023686260891760827,13,False
beccs_use,Chemical Production,0.022889404338329686,0.022889404338329686,0.06300377530018397,0.04011437096185429,0.0023686260891760827,13,True
beccs_use,Passenger Cars,0.0,-0.0012629357280150855,0.0388514352338392,0.04011437096185429,0.0023686260891760827,13,False
beccs_use,Bunker aviation,0.005179223527530717,0.005179223527530717,0.045293594489385004,0.04011437096185429,0.0023686260891760827,13,True
beccs_use,Bunker navigation,0.0045930140420436735,0.0045930140420436735,0.04470738500389796,0.04011437096185429,0.0023686260891760827,13,False
beccs_use,Agriculture neGHG CH4,0.003148905614868025,0.003148905614868025,0.04326327657672231,0.04011437096185429,0.0023686260891760827,13,False
beccs_use,Agriculture neGHG N2O,0.0,-0.008454365552289421,0.031660005409564866,0.04011437096185429,0.0023686260891760827,13,False
beccs_use,Wind offshore Costs,0.007381591494081574,0.007381591494081574,0.04749596245593586,0.04011437096185429,0.0023686260891760827,13,True
beccs_use,Wind offshore Potential,0.0,-0.002315796062387368,0.03779857489946692,0.04011437096185429,0.0023686260891760827,13,False
beccs_use,Solar PV Costs,0.0030889737174939758,0.0030889737174939758,0.04320334467934826,0.04011437096185429,0.0023686260891760827,13,False
beccs_use,Solar PV Potential,0.001586716701617391,0.001586716701617391,0.04170108766347168,0.04011437096185429,0.0023686260891760827,13,False
beccs_use,Nuclear Costs,0.011508767762545238,0.011508767762545238,0.051623138724399525,0.04011437096185429,0.0023686260891760827,13,True
beccs_use,Nuclear Potential,0.0,-0.001222717442529997,0.03889165351932429,0.04011437096185429,0.0023686260891760827,13,False
beccs_use,Hydrogen Import Potential,0.0001303133455007946,0.0001303133455007946,0.04024468430735508,0.04011437096185429,0.0023686260891760827,13,False
beccs_use,Hydrogen Import Price,0.016518457732933603,0.016518457732933603,0.05663282869478789,0.04011437096185429,0.0023686260891760827,13,True
beccs_use,Biomass Import Potential,0.07095528550608271,0.07095528550608271,0.111069656467937,0.04011437096185429,0.0023686260891760827,13,True
beccs_use,Biomass Import Price,0.16128279963564357,0.16128279963564357,0.20139717059749787,0.04011437096185429,0.0023686260891760827,13,True
beccs_use,Ammonia Import Potential,0.00822507771138032,0.00822507771138032,0.04833944867323461,0.04011437096185429,0.0023686260891760827,13,True
beccs_use,Ammonia Import Price,0.0092318797572154,0.0092318797572154,0.04934625071906969,0.04011437096185429,0.0023686260891760827,13,True
beccs_use,CCS potential,0.009384620305468626,0.009384620305468626,0.04949899126732291,0.04011437096185429,0.0023686260891760827,13,True
beccs_use,Flexibility Costs,0.0,-0.0006255581039730854,0.0394888128578812,0.04011437096185429,0.0023686260891760827,13,False
beccs_use,LNG Price,0.0030438884487269877,0.0030438884487269877,0.043158259410581275,0.04011437096185429,0.0023686260891760827,13,False
beccs_use,Electricity Trade Price,0.0020896313950342082,0.0020896313950342082,0.042204002356888495,0.04011437096185429,0.0023686260891760827,13,False
beccs_use,Weather Conditions,0.007315208508404364,0.007315208508404364,0.04742957947025865,0.04011437096185429,0.0023686260891760827,13,True
beccs_use,Electricity Trade Ratio,0.021747546828891948,0.021747546828891948,0.061861917790746235,0.04011437096185429,0.0023686260891760827,13,True
beccs_use,Electricity Trade Volume,0.017376506689510095,0.017376506689510095,0.05749087765136438,0.04011437096185429,0.0023686260891760827,13,True
beccs_use,WACC,0.021228374034392636,0.021228374034392636,0.06134274499624692,0.04011437096185429,0.0023686260891760827,13,True
beccs_use,Bunker Emission Reduction,0.025185738022910728,0.025185738022910728,0.06530010898476502,0.04011437096185429,0.0023686260891760827,13,True
beccs_use,End-of-Life Emission Reduction,0.15736234956984296,0.15736234956984296,0.19747672053169724,0.04011437096185429,0.0023686260891760827,13,True
biofuel_imports,CO2 Cap,0.01146327444998092,0.01146327444998092,0.04065424273674872,0.029190968286767798,0.002541850444844375,13,True
biofuel_imports,Buildings demand,0.004298024031913931,0.004298024031913931,0.03348899231868173,0.029190968286767798,0.002541850444844375,13,False
biofuel_imports,Steel Production,0.0,-0.0009451328966101034,0.028245835390157695,0.029190968286767798,0.002541850444844375,13,False
biofuel_imports,Chemical Production,0.12503020656406846,0.12503020656406846,0.15422117485083625,0.029190968286767798,0.002541850444844375,13,True
biofuel_imports,Passenger Cars,0.005629227798912773,0.005629227798912773,0.03482019608568057,0.029190968286767798,0.002541850444844375,13,True
biofuel_imports,Bunker aviation,0.0024431718834195294,0.0024431718834195294,0.03163414017018733,0.029190968286767798,0.002541850444844375,13,False
biofuel_imports,Bunker navigation,0.024035253475757686,0.024035253475757686,0.053226221762525484,0.029190968286767798,0.002541850444844375,13,True
biofuel_imports,Agriculture neGHG CH4,0.0036876417739214636,0.0036876417739214636,0.03287861006068926,0.029190968286767798,0.002541850444844375,13,False
biofuel_imports,Agriculture neGHG N2O,0.0,-0.0010228804970223541,0.028168087789745444,0.029190968286767798,0.002541850444844375,13,False
biofuel_imports,Wind offshore Costs,0.006353168652541884,0.006353168652541884,0.03554413693930968,0.029190968286767798,0.002541850444844375,13,True
biofuel_imports,Wind offshore Potential,0.0,-0.0032821558873946353,0.025908812399373163,0.029190968286767798,0.002541850444844375,13,False
biofuel_imports,Solar PV Costs,0.0,-0.00240235727404825,0.026788611012719548,0.029190968286767798,0.002541850444844375,13,False
biofuel_imports,Solar PV Potential,9.583287567679552e-05,9.583287567679552e-05,0.029286801162444594,0.029190968286767798,0.002541850444844375,13,False
biofuel_imports,Nuclear Costs,0.006050216084593999,0.006050216084593999,0.0352411843713618,0.029190968286767798,0.002541850444844375,13,True
biofuel_imports,Nuclear Potential,0.004596560119496853,0.004596560119496853,0.03378752840626465,0.029190968286767798,0.002541850444844375,13,False
biofuel_imports,Hydrogen Import Potential,0.0015022990551778123,0.0015022990551778123,0.03069326734194561,0.029190968286767798,0.002541850444844375,13,False
biofuel_imports,Hydrogen Import Price,0.026928079128445758,0.026928079128445758,0.056119047415213556,0.029190968286767798,0.002541850444844375,13,True
biofuel_imports,Biomass Import Potential,0.01792326107002575,0.01792326107002575,0.04711422935679355,0.029190968286767798,0.002541850444844375,13,True
biofuel_imports,Biomass Import Price,0.08412250914899798,0.08412250914899798,0.11331347743576578,0.029190968286767798,0.002541850444844375,13,True
biofuel_imports,Ammonia Import Potential,0.05076495534005898,0.05076495534005898,0.07995592362682678,0.029190968286767798,0.002541850444844375,13,True
biofuel_imports,Ammonia Import Price,0.08430994773717115,0.08430994773717115,0.11350091602393896,0.029190968286767798,0.002541850444844375,13,True
biofuel_imports,CCS potential,0.08623869657462412,0.08623869657462412,0.11542966486139192,0.029190968286767798,0.002541850444844375,13,True
biofuel_imports,Flexibility Costs,0.004496651941343192,0.004496651941343192,0.03368762022811099,0.029190968286767798,0.002541850444844375,13,False
biofuel_imports,LNG Price,0.00048135479151379876,0.00048135479151379876,0.029672323078281597,0.029190968286767798,0.002541850444844375,13,False
biofuel_imports,Electricity Trade Price,0.005832262129854587,0.005832262129854587,0.035023230416622385,0.029190968286767798,0.002541850444844375,13,True
biofuel_imports,Weather Conditions,0.012943855236903296,0.012943855236903296,0.042134823523671094,0.029190968286767798,0.002541850444844375,13,True
biofuel_imports,Electricity Trade Ratio,0.03353040705614803,0.03353040705614803,0.06272137534291583,0.029190968286767798,0.002541850444844375,13,True
biofuel_imports,Electricity Trade Volume,0.02893681239583033,0.02893681239583033,0.05812778068259813,0.029190968286767798,0.002541850444844375,13,True
biofuel_imports,WACC,0.036500289169027436,0.036500289169027436,0.06569125745579524,0.029190968286767798,0.002541850444844375,13,True
biofuel_imports,Bunker Emission Reduction,0.011499120989068964,0.011499120989068964,0.04069008927583676,0.029190968286767798,0.002541850444844375,13,True
biofuel_imports,End-of-Life Emission Reduction,0.2660101063110429,0.2660101063110429,0.2952010745978107,0.029190968286767798,0.002541850444844375,13,True
biomass_imports,CO2 Cap,0.010879358156580823,0.010879358156580823,0.05040468231677364,0.03952532416019282,0.00241245108983786,13,True
biomass_imports,Buildings demand,0.006010917019295153,0.006010917019295153,0.04553624117948797,0.03952532416019282,0.00241245108983786,13,True
biomass_imports,Steel Production,0.0014041965710196308,0.0014041965710196308,0.04092952073121245,0.03952532416019282,0.00241245108983786,13,False
biomass_imports,Chemical Production,0.022084146117930935,0.022084146117930935,0.06160947027812375,0.03952532416019282,0.00241245108983786,13,True
biomass_imports,Passenger Cars,0.0,-0.004745204269463579,0.03478011989072924,0.03952532416019282,0.00241245108983786,13,False
biomass_imports,Bunker aviation,0.0051875185795403345,0.0051875185795403345,0.04471284273973315,0.03952532416019282,0.00241245108983786,13,True
biomass_imports,Bunker navigation,0.009041128819337697,0.009041128819337697,0.048566452979530515,0.03952532416019282,0.00241245108983786,13,True
biomass_imports,Agriculture neGHG CH4,0.005235334648886564,0.005235334648886564,0.04476065880907938,0.03952532416019282,0.00241245108983786,13,True
biomass_imports,Agriculture neGHG N2O,0.0,-0.002446958703124835,0.03707836545706798,0.03952532416019282,0.00241245108983786,13,False
biomass_imports,Wind offshore Costs,0.0040261322942188454,0.0040261322942188454,0.04355145645441166,0.03952532416019282,0.00241245108983786,13,False
biomass_imports,Wind offshore Potential,0.0,-0.0033121322308946807,0.03621319192929814,0.03952532416019282,0.00241245108983786,13,False
biomass_imports,Solar PV Costs,0.00033194140704755765,0.00033194140704755765,0.039857265567240376,0.03952532416019282,0.00241245108983786,13,False
biomass_imports,Solar PV Potential,0.005300113718598877,0.005300113718598877,0.044825437878791695,0.03952532416019282,0.00241245108983786,13,True
biomass_imports,Nuclear Costs,0.0011422667666743241,0.0011422667666743241,0.04066759092686714,0.03952532416019282,0.00241245108983786,13,False
biomass_imports,Nuclear Potential,0.0,-0.0032420936380354523,0.036283230522157366,0.03952532416019282,0.00241245108983786,13,False
biomass_imports,Hydrogen Import Potential,0.0,-0.0014400219682420695,0.03808530219195075,0.03952532416019282,0.00241245108983786,13,False
biomass_imports,Hydrogen Import Price,0.005924150813207074,0.005924150813207074,0.04544947497339989,0.03952532416019282,0.00241245108983786,13,True
biomass_imports,Biomass Import Potential,0.33068041391412284,0.33068041391412284,0.37020573807431567,0.03952532416019282,0.00241245108983786,13,True
biomass_imports,Biomass Import Price,0.1733533726719177,0.1733533726719177,0.21287869683211053,0.03952532416019282,0.00241245108983786,13,True
biomass_imports,Ammonia Import Potential,0.02123993692121541,0.02123993692121541,0.06076526108140823,0.03952532416019282,0.00241245108983786,13,True
biomass_imports,Ammonia Import Price,0.025609422435906276,0.025609422435906276,0.0651347465960991,0.03952532416019282,0.00241245108983786,13,True
biomass_imports,CCS potential,0.038543489344438284,0.038543489344438284,0.0780688135046311,0.03952532416019282,0.00241245108983786,13,True
biomass_imports,Flexibility Costs,0.0,-0.0005818370289972924,0.038943487131195526,0.03952532416019282,0.00241245108983786,13,False
biomass_imports,LNG Price,0.0010811108539924494,0.0010811108539924494,0.04060643501418527,0.03952532416019282,0.00241245108983786,13,False
biomass_imports,Electricity Trade Price,0.0,-0.0007176233038112267,0.03880770085638159,0.03952532416019282,0.00241245108983786,13,False
biomass_imports,Weather Conditions,0.0035218025234501626,0.0035218025234501626,0.04304712668364298,0.03952532416019282,0.00241245108983786,13,False
biomass_imports,Electricity Trade Ratio,0.021959254714273978,0.021959254714273978,0.061484578874466796,0.03952532416019282,0.00241245108983786,13,True
biomass_imports,Electricity Trade Volume,0.014796459820228439,0.014796459820228439,0.05432178398042126,0.03952532416019282,0.00241245108983786,13,True
biomass_imports,WACC,0.016433894543987013,0.016433894543987013,0.05595921870417983,0.03952532416019282,0.00241245108983786,13,True
biomass_imports,Bunker Emission Reduction,0.02931135854651798,0.02931135854651798,0.0688366827067108,0.03952532416019282,0.00241245108983786,13,True
biomass_imports,End-of-Life Emission Reduction,0.06976635174784916,0.06976635174784916,0.10929167590804198,0.03952532416019282,0.00241245108983786,13,True
ccs_volume,CO2 Cap,0.0,-0.002172237985840361,0.032888921171546064,0.035061159157386425,0.002410908774427208,13,False
ccs_volume,Buildings demand,0.0019514264858799396,0.0019514264858799396,0.037012585643266364,0.035061159157386425,0.002410908774427208,13,False
ccs_volume,Steel Production,0.0018440659443885732,0.0018440659443885732,0.036905225101775,0.035061159157386425,0.002410908774427208,13,False
ccs_volume,Chemical Production,0.003326114896918468,0.003326114896918468,0.03838727405430489,0.035061159157386425,0.002410908774427208,13,False
ccs_volume,Passenger Cars,0.0,-0.0017712657028607429,0.03328989345452568,0.035061159157386425,0.002410908774427208,13,False
ccs_volume,Bunker aviation,0.0,-0.0009243233901480227,0.0341368357672384,0.035061159157386425,0.002410908774427208,13,False
ccs_volume,Bunker navigation,0.0014494087341191397,0.0014494087341191397,0.036510567891505565,0.035061159157386425,0.002410908774427208,13,False
ccs_volume,Agriculture neGHG CH4,0.002627441276835188,0.002627441276835188,0.03768860043422161,0.035061159157386425,0.002410908774427208,13,False
ccs_volume,Agriculture neGHG N2O,0.0022375593451796003,0.0022375593451796003,0.037298718502566025,0.035061159157386425,0.002410908774427208,13,False
ccs_volume,Wind offshore Costs,0.002025448105431364,0.002025448105431364,0.03708660726281779,0.035061159157386425,0.002410908774427208,13,False
ccs_volume,Wind offshore Potential,0.0008251620721923258,0.0008251620721923258,0.03588632122957875,0.035061159157386425,0.002410908774427208,13,False
ccs_volume,Solar PV Costs,0.0,-0.002827435227249049,0.032233723930137376,0.035061159157386425,0.002410908774427208,13,False
ccs_volume,Solar PV Potential,0.0,-0.004255012790353646,0.03080614636703278,0.035061159157386425,0.002410908774427208,13,False
ccs_volume,Nuclear Costs,0.0,-0.0005380699812568904,0.034523089176129534,0.035061159157386425,0.002410908774427208,13,False
ccs_volume,Nuclear Potential,0.003197286462540423,0.003197286462540423,0.03825844561992685,0.035061159157386425,0.002410908774427208,13,False
ccs_volume,Hydrogen Import Potential,0.0,-0.0012820871492194574,0.03377907200816697,0.035061159157386425,0.002410908774427208,13,False
ccs_volume,Hydrogen Import Price,0.0,-0.000466963741861004,0.03459419541552542,0.035061159157386425,0.002410908774427208,13,False
ccs_volume,Biomass Import Potential,0.004022766733178348,0.004022766733178348,0.03908392589056477,0.035061159157386425,0.002410908774427208,13,False
ccs_volume,Biomass Import Price,0.00402068980759266,0.00402068980759266,0.039081848964979085,0.035061159157386425,0.002410908774427208,13,False
ccs_volume,Ammonia Import Potential,0.0020754423824123694,0.0020754423824123694,0.037136601539798794,0.035061159157386425,0.002410908774427208,13,False
ccs_volume,Ammonia Import Price,0.0033583961686968547,0.0033583961686968547,0.03841955532608328,0.035061159157386425,0.002410908774427208,13,False
ccs_volume,CCS potential,0.7355540382528185,0.7355540382528185,0.7706151974102049,0.035061159157386425,0.002410908774427208,13,True
ccs_volume,Flexibility Costs,0.0,-0.00017898895137222898,0.034882170206014196,0.035061159157386425,0.002410908774427208,13,False
ccs_volume,LNG Price,0.00162770772638135,0.00162770772638135,0.036688866883767775,0.035061159157386425,0.002410908774427208,13,False
ccs_volume,Electricity Trade Price,0.0004214419069688627,0.0004214419069688627,0.03548260106435529,0.035061159157386425,0.002410908774427208,13,False
ccs_volume,Weather Conditions,0.00031118901776635427,0.00031118901776635427,0.03537234817515278,0.035061159157386425,0.002410908774427208,13,False
ccs_volume,Electricity Trade Ratio,0.0,-0.001339936957045311,0.033721222200341114,0.035061159157386425,0.002410908774427208,13,False
ccs_volume,Electricity Trade Volume,0.0,-0.0022843109433672917,0.03277684821401913,0.035061159157386425,0.002410908774427208,13,False
ccs_volume,WACC,0.0,-0.0012045434579537814,0.03385661569943264,0.035061159157386425,0.002410908774427208,13,False
ccs_volume,Bunker Emission Reduction,0.0,-0.001993603360490058,0.03306755579689637,0.035061159157386425,0.002410908774427208,13,False
ccs_volume,End-of-Life Emission Reduction,0.0,-0.0004827520870684665,0.03457840707031796,0.035061159157386425,0.002410908774427208,13,False
co2_price,CO2 Cap,0.030782165998821116,0.030782165998821116,0.07751905859000031,0.0467368925911792,0.002356276816180176,13,True
co2_price,Buildings demand,0.00348955897778213,0.00348955897778213,0.05022645156896133,0.0467368925911792,0.002356276816180176,13,False
co2_price,Steel Production,0.0008309140774194479,0.0008309140774194479,0.047567806668598646,0.0467368925911792,0.002356276816180176,13,False
co2_price,Chemical Production,0.009080230671750969,0.009080230671750969,0.05581712326293017,0.0467368925911792,0.002356276816180176,13,True
co2_price,Passenger Cars,0.0,-0.0027830187138436976,0.0439538738773355,0.0467368925911792,0.002356276816180176,13,False
co2_price,Bunker aviation,0.003281296972362867,0.003281296972362867,0.050018189563542065,0.0467368925911792,0.002356276816180176,13,False
co2_price,Bunker navigation,0.030604090231326132,0.030604090231326132,0.07734098282250533,0.0467368925911792,0.002356276816180176,13,True
co2_price,Agriculture neGHG CH4,0.00969289813554388,0.00969289813554388,0.05642979072672308,0.0467368925911792,0.002356276816180176,13,True
co2_price,Agriculture neGHG N2O,0.0042195829027489445,0.0042195829027489445,0.05095647549392814,0.0467368925911792,0.002356276816180176,13,False
co2_price,Wind offshore Costs,0.0037370441960687326,0.0037370441960687326,0.05047393678724793,0.0467368925911792,0.002356276816180176,13,False
co2_price,Wind offshore Potential,0.000461936947340473,0.000461936947340473,0.04719882953851967,0.0467368925911792,0.002356276816180176,13,False
co2_price,Solar PV Costs,0.0,-0.002253788150643664,0.044483104440535534,0.0467368925911792,0.002356276816180176,13,False
co2_price,Solar PV Potential,0.0013861392340423634,0.0013861392340423634,0.04812303182522156,0.0467368925911792,0.002356276816180176,13,False
co2_price,Nuclear Costs,0.010062748141124511,0.010062748141124511,0.05679964073230371,0.0467368925911792,0.002356276816180176,13,True
co2_price,Nuclear Potential,0.0004185224373698601,0.0004185224373698601,0.04715541502854906,0.0467368925911792,0.002356276816180176,13,False
co2_price,Hydrogen Import Potential,0.0011461696230396015,0.0011461696230396015,0.0478830622142188,0.0467368925911792,0.002356276816180176,13,False
co2_price,Hydrogen Import Price,0.0388867384297524,0.0388867384297524,0.0856236310209316,0.0467368925911792,0.002356276816180176,13,True
co2_price,Biomass Import Potential,0.033598689027645394,0.033598689027645394,0.08033558161882459,0.0467368925911792,0.002356276816180176,13,True
co2_price,Biomass Import Price,0.13753200543053307,0.13753200543053307,0.18426889802171226,0.0467368925911792,0.002356276816180176,13,True
co2_price,Ammonia Import Potential,0.06892441532628835,0.06892441532628835,0.11566130791746754,0.0467368925911792,0.002356276816180176,13,True
co2_price,Ammonia Import Price,0.14118896508765544,0.14118896508765544,0.18792585767883463,0.0467368925911792,0.002356276816180176,13,True
co2_price,CCS potential,0.11762569966846878,0.11762569966846878,0.16436259225964797,0.0467368925911792,0.002356276816180176,13,True
co2_price,Flexibility Costs,0.0007753270935624765,0.0007753270935624765,0.047512219684741674,0.0467368925911792,0.002356276816180176,13,False
co2_price,LNG Price,0.0,-0.004501740858857545,0.04223515173232165,0.0467368925911792,0.002356276816180176,13,False
co2_price,Electricity Trade Price,0.0077858445050576555,0.0077858445050576555,0.054522737096236853,0.0467368925911792,0.002356276816180176,13,True
co2_price,Weather Conditions,0.014213635351567229,0.014213635351567229,0.06095052794274643,0.0467368925911792,0.002356276816180176,13,True
co2_price,Electricity Trade Ratio,0.04596259265932832,0.04596259265932832,0.09269948525050752,0.0467368925911792,0.002356276816180176,13,True
co2_price,Electricity Trade Volume,0.04078242596872513,0.04078242596872513,0.08751931855990433,0.0467368925911792,0.002356276816180176,13,True
co2_price,WACC,0.020003947124202483,0.020003947124202483,0.06674083971538168,0.0467368925911792,0.002356276816180176,13,True
co2_price,Bunker Emission Reduction,0.014725066303584923,0.014725066303584923,0.06146195889476412,0.0467368925911792,0.002356276816180176,13,True
co2_price,End-of-Life Emission Reduction,0.020084023507609995,0.020084023507609995,0.0668209160987892,0.0467368925911792,0.002356276816180176,13,True
dac_volume,CO2 Cap,0.0280513945165777,0.0280513945165777,0.05819647014552198,0.030145075628944275,0.0024319930546872733,13,True
dac_volume,Buildings demand,0.0,-0.0005590910088029075,0.029585984620141368,0.030145075628944275,0.0024319930546872733,13,False
dac_volume,Steel Production,0.0013796679355340298,0.0013796679355340298,0.031524743564478305,0.030145075628944275,0.0024319930546872733,13,False
dac_volume,Chemical Production,0.019683614011904705,0.019683614011904705,0.04982868964084898,0.030145075628944275,0.0024319930546872733,13,True
dac_volume,Passenger Cars,0.0,-0.0018430632400033183,0.028302012388940957,0.030145075628944275,0.0024319930546872733,13,False
dac_volume,Bunker aviation,0.002085352136585828,0.002085352136585828,0.032230427765530104,0.030145075628944275,0.0024319930546872733,13,False
dac_volume,Bunker navigation,0.009355631024387055,0.009355631024387055,0.03950070665333133,0.030145075628944275,0.0024319930546872733,13,True
dac_volume,Agriculture neGHG CH4,0.009531134606510918,0.009531134606510918,0.039676210235455193,0.030145075628944275,0.0024319930546872733,13,True
dac_volume,Agriculture neGHG N2O,0.002929603995519555,0.002929603995519555,0.03307467962446383,0.030145075628944275,0.0024319930546872733,13,False
dac_volume,Wind offshore Costs,0.008447365182527863,0.008447365182527863,0.03859244081147214,0.030145075628944275,0.0024319930546872733,13,True
dac_volume,Wind offshore Potential,0.0038226137467382397,0.0038226137467382397,0.033967689375682515,0.030145075628944275,0.0024319930546872733,13,False
dac_volume,Solar PV Costs,0.001853227051548622,0.001853227051548622,0.0319983026804929,0.030145075628944275,0.0024319930546872733,13,False
dac_volume,Solar PV Potential,0.0026447936843903043,0.0026447936843903043,0.03278986931333458,0.030145075628944275,0.0024319930546872733,13,False
dac_volume,Nuclear Costs,0.0,-0.001982219791817702,0.028162855837126573,0.030145075628944275,0.0024319930546872733,13,False
dac_volume,Nuclear Potential,0.0,-0.005310398912227263,0.024834676716717012,0.030145075628944275,0.0024319930546872733,13,False
dac_volume,Hydrogen Import Potential,0.005443893098295866,0.005443893098295866,0.03558896872724014,0.030145075628944275,0.0024319930546872733,13,True
dac_volume,Hydrogen Import Price,0.012830980155812705,0.012830980155812705,0.04297605578475698,0.030145075628944275,0.0024319930546872733,13,True
dac_volume,Biomass Import Potential,0.08643663914592407,0.08643663914592407,0.11658171477486835,0.030145075628944275,0.0024319930546872733,13,True
dac_volume,Biomass Import Price,0.14389999034796422,0.14389999034796422,0.1740450659769085,0.030145075628944275,0.0024319930546872733,13,True
dac_volume,Ammonia Import Potential,0.02834698293208925,0.02834698293208925,0.058492058561033525,0.030145075628944275,0.0024319930546872733,13,True
dac_volume,Ammonia Import Price,0.042544907597453316,0.042544907597453316,0.0726899832263976,0.030145075628944275,0.0024319930546872733,13,True
dac_volume,CCS potential,0.09436206483559297,0.09436206483559297,0.12450714046453724,0.030145075628944275,0.0024319930546872733,13,True
dac_volume,Flexibility Costs,0.008297068437023065,0.008297068437023065,0.03844214406596734,0.030145075628944275,0.0024319930546872733,13,True
dac_volume,LNG Price,0.010824549499327391,0.010824549499327391,0.04096962512827167,0.030145075628944275,0.0024319930546872733,13,True
dac_volume,Electricity Trade Price,0.0,-0.0019207176297434785,0.028224357999200797,0.030145075628944275,0.0024319930546872733,13,False
dac_volume,Weather Conditions,0.008105088740931066,0.008105088740931066,0.03825016436987534,0.030145075628944275,0.0024319930546872733,13,True
dac_volume,Electricity Trade Ratio,0.01079681561410838,0.01079681561410838,0.040941891243052655,0.030145075628944275,0.0024319930546872733,13,True
dac_volume,Electricity Trade Volume,0.009568914250669597,0.009568914250669597,0.03971398987961387,0.030145075628944275,0.0024319930546872733,13,True
dac_volume,WACC,0.01914639100721297,0.01914639100721297,0.049291466636157244,0.030145075628944275,0.0024319930546872733,13,True
dac_volume,Bunker Emission Reduction,0.02413278477723425,0.02413278477723425,0.054277860406178526,0.030145075628944275,0.0024319930546872733,13,True
dac_volume,End-of-Life Emission Reduction,0.06086006593654135,0.06086006593654135,0.09100514156548563,0.030145075628944275,0.0024319930546872733,13,True
elec_generation,CO2 Cap,0.004508883893836822,0.004508883893836822,0.04444624133582701,0.03993735744199019,0.002156567015373832,13,True
elec_generation,Buildings demand,0.0326630996490308,0.0326630996490308,0.07260045709102099,0.03993735744199019,0.002156567015373832,13,True
elec_generation,Steel Production,0.00440271323704583,0.00440271323704583,0.04434007067903602,0.03993735744199019,0.002156567015373832,13,True
elec_generation,Chemical Production,0.040178407669634306,0.040178407669634306,0.08011576511162449,0.03993735744199019,0.002156567015373832,13,True
elec_generation,Passenger Cars,0.004293919098295747,0.004293919098295747,0.044231276540285934,0.03993735744199019,0.002156567015373832,13,False
elec_generation,Bunker aviation,0.005255308279169438,0.005255308279169438,0.045192665721159625,0.03993735744199019,0.002156567015373832,13,True
elec_generation,Bunker navigation,0.0164387868916444,0.0164387868916444,0.05637614433363459,0.03993735744199019,0.002156567015373832,13,True
elec_generation,Agriculture neGHG CH4,0.0,-0.0002614470895063309,0.039675910352483856,0.03993735744199019,0.002156567015373832,13,False
elec_generation,Agriculture neGHG N2O,0.0015569386102890076,0.0015569386102890076,0.041494296052279195,0.03993735744199019,0.002156567015373832,13,False
elec_generation,Wind offshore Costs,0.019390853215333452,0.019390853215333452,0.05932821065732364,0.03993735744199019,0.002156567015373832,13,True
elec_generation,Wind offshore Potential,0.008703276478746379,0.008703276478746379,0.048640633920736566,0.03993735744199019,0.002156567015373832,13,True
elec_generation,Solar PV Costs,0.0018547643391722199,0.0018547643391722199,0.04179212178116241,0.03993735744199019,0.002156567015373832,13,False
elec_generation,Solar PV Potential,0.0016698921284542742,0.0016698921284542742,0.04160724957044446,0.03993735744199019,0.002156567015373832,13,False
elec_generation,Nuclear Costs,0.0002533171472508533,0.0002533171472508533,0.04019067458924104,0.03993735744199019,0.002156567015373832,13,False
elec_generation,Nuclear Potential,0.0013116815411318428,0.0013116815411318428,0.04124903898312203,0.03993735744199019,0.002156567015373832,13,False
elec_generation,Hydrogen Import Potential,0.0055682423113578156,0.0055682423113578156,0.045505599753348,0.03993735744199019,0.002156567015373832,13,True
elec_generation,Hydrogen Import Price,0.01985481541777185,0.01985481541777185,0.05979217285976204,0.03993735744199019,0.002156567015373832,13,True
elec_generation,Biomass Import Potential,0.006560111619802654,0.006560111619802654,0.04649746906179284,0.03993735744199019,0.002156567015373832,13,True
elec_generation,Biomass Import Price,0.03512258199432432,0.03512258199432432,0.0750599394363145,0.03993735744199019,0.002156567015373832,13,True
elec_generation,Ammonia Import Potential,0.04379358932095609,0.04379358932095609,0.08373094676294628,0.03993735744199019,0.002156567015373832,13,True
elec_generation,Ammonia Import Price,0.026424080815407314,0.026424080815407314,0.0663614382573975,0.03993735744199019,0.002156567015373832,13,True
elec_generation,CCS potential,0.027329398693429277,0.027329398693429277,0.06726675613541946,0.03993735744199019,0.002156567015373832,13,True
elec_generation,Flexibility Costs,0.001458493012000947,0.001458493012000947,0.041395850453991134,0.03993735744199019,0.002156567015373832,13,False
elec_generation,LNG Price,0.0,-0.0024343603096845245,0.03750299713230566,0.03993735744199019,0.002156567015373832,13,False
elec_generation,Electricity Trade Price,0.011110417701749274,0.011110417701749274,0.05104777514373946,0.03993735744199019,0.002156567015373832,13,True
elec_generation,Weather Conditions,0.036039402287388916,0.036039402287388916,0.0759767597293791,0.03993735744199019,0.002156567015373832,13,True
elec_generation,Electricity Trade Ratio,0.2544175718074672,0.2544175718074672,0.2943549292494574,0.03993735744199019,0.002156567015373832,13,True
elec_generation,Electricity Trade Volume,0.05858063596872046,0.05858063596872046,0.09851799341071064,0.03993735744199019,0.002156567015373832,13,True
elec_generation,WACC,0.041268343100596544,0.041268343100596544,0.08120570054258673,0.03993735744199019,0.002156567015373832,13,True
elec_generation,Bunker Emission Reduction,0.005023930624507851,0.005023930624507851,0.04496128806649804,0.03993735744199019,0.002156567015373832,13,True
elec_generation,End-of-Life Emission Reduction,0.01714697180683561,0.01714697180683561,0.057084329248825796,0.03993735744199019,0.002156567015373832,13,True
elec_imports,CO2 Cap,0.0,-0.0030659149367927366,0.03216493280764867,0.03523084774444141,0.0024306911745981155,13,False
elec_imports,Buildings demand,0.0021305187116587437,0.0021305187116587437,0.03736136645610015,0.03523084774444141,0.0024306911745981155,13,False
elec_imports,Steel Production,0.00015005897359930687,0.00015005897359930687,0.035380906718040714,0.03523084774444141,0.0024306911745981155,13,False
elec_imports,Chemical Production,0.0,-0.0015119241224996471,0.03371892362194176,0.03523084774444141,0.0024306911745981155,13,False
elec_imports,Passenger Cars,0.0035896503552611744,0.0035896503552611744,0.03882049809970258,0.03523084774444141,0.0024306911745981155,13,False
elec_imports,Bunker aviation,0.0011805541170025052,0.0011805541170025052,0.03641140186144391,0.03523084774444141,0.0024306911745981155,13,False
elec_imports,Bunker navigation,0.0011849085289117184,0.0011849085289117184,0.036415756273353125,0.03523084774444141,0.0024306911745981155,13,False
elec_imports,Agriculture neGHG CH4,0.00155314208346706,0.00155314208346706,0.03678398982790847,0.03523084774444141,0.0024306911745981155,13,False
elec_imports,Agriculture neGHG N2O,0.0014506453491057655,0.0014506453491057655,0.03668149309354717,0.03523084774444141,0.0024306911745981155,13,False
elec_imports,Wind offshore Costs,0.003784377197591171,0.003784377197591171,0.03901522494203258,0.03523084774444141,0.0024306911745981155,13,False
elec_imports,Wind offshore Potential,0.0,-0.00040394821776625067,0.034826899526675156,0.03523084774444141,0.0024306911745981155,13,False
elec_imports,Solar PV Costs,3.2495231882367914e-05,3.2495231882367914e-05,0.035263342976323775,0.03523084774444141,0.0024306911745981155,13,False
elec_imports,Solar PV Potential,0.0,-0.0026657692524810137,0.03256507849196039,0.03523084774444141,0.0024306911745981155,13,False
elec_imports,Nuclear Costs,0.0018391202550632757,0.0018391202550632757,0.03706996799950468,0.03523084774444141,0.0024306911745981155,13,False
elec_imports,Nuclear Potential,0.0,-0.0003772227069237244,0.03485362503751768,0.03523084774444141,0.0024306911745981155,13,False
elec_imports,Hydrogen Import Potential,0.000823089584367595,0.000823089584367595,0.036053937328809,0.03523084774444141,0.0024306911745981155,13,False
elec_imports,Hydrogen Import Price,0.0005857979947365005,0.0005857979947365005,0.03581664573917791,0.03523084774444141,0.0024306911745981155,13,False
elec_imports,Biomass Import Potential,0.0,-0.002230258136167562,0.033000589608273845,0.03523084774444141,0.0024306911745981155,13,False
elec_imports,Biomass Import Price,0.0014020344279982444,0.0014020344279982444,0.03663288217243965,0.03523084774444141,0.0024306911745981155,13,False
elec_imports,Ammonia Import Potential,0.0,-0.001538403964481079,0.03369244377996033,0.03523084774444141,0.0024306911745981155,13,False
elec_imports,Ammonia Import Price,0.007468141664749323,0.007468141664749323,0.04269898940919073,0.03523084774444141,0.0024306911745981155,13,True
elec_imports,CCS potential,0.004509243245433281,0.004509243245433281,0.03974009098987469,0.03523084774444141,0.0024306911745981155,13,False
elec_imports,Flexibility Costs,0.0,-0.0011953075053293821,0.034035540239112025,0.03523084774444141,0.0024306911745981155,13,False
elec_imports,LNG Price,0.0,-0.002349465737552958,0.03288138200688845,0.03523084774444141,0.0024306911745981155,13,False
elec_imports,Electricity Trade Price,0.03477660743265998,0.03477660743265998,0.07000745517710139,0.03523084774444141,0.0024306911745981155,13,True
elec_imports,Weather Conditions,0.027704643537550977,0.027704643537550977,0.06293549128199238,0.03523084774444141,0.0024306911745981155,13,True
elec_imports,Electricity Trade Ratio,0.3795550659539174,0.3795550659539174,0.4147859136983588,0.03523084774444141,0.0024306911745981155,13,True
elec_imports,Electricity Trade Volume,0.24306818810566716,0.24306818810566716,0.27829903585010857,0.03523084774444141,0.0024306911745981155,13,True
elec_imports,WACC,0.004877012021329757,0.004877012021329757,0.040107859765771164,0.03523084774444141,0.0024306911745981155,13,True
elec_imports,Bunker Emission Reduction,0.0012933212791572946,0.0012933212791572946,0.0365241690235987,0.03523084774444141,0.0024306911745981155,13,False
elec_imports,End-of-Life Emission Reduction,0.0,-0.0007634315594515148,0.03446741618498989,0.03523084774444141,0.0024306911745981155,13,False
elec_price_hv,CO2 Cap,0.000182233548248977,0.000182233548248977,0.002240065910835086,0.002057832362586109,0.00013073123992406055,13,False
elec_price_hv,Buildings demand,0.0,-9.800278212001743e-05,0.0019598295804660916,0.002057832362586109,0.00013073123992406055,13,False
elec_price_hv,Steel Production,0.0,-0.00011519479884379048,0.0019426375637423185,0.002057832362586109,0.00013073123992406055,13,False
elec_price_hv,Chemical Production,0.0,-5.2210799468999265e-06,0.002052611282639209,0.002057832362586109,0.00013073123992406055,13,False
elec_price_hv,Passenger Cars,0.0,-0.00015951716743004603,0.001898315195156063,0.002057832362586109,0.00013073123992406055,13,False
elec_price_hv,Bunker aviation,0.0,-7.75162974980489e-05,0.00198031606508806,0.002057832362586109,0.00013073123992406055,13,False
elec_price_hv,Bunker navigation,6.602618395465908e-05,6.602618395465908e-05,0.002123858546540768,0.002057832362586109,0.00013073123992406055,13,False
elec_price_hv,Agriculture neGHG CH4,0.0,-4.955645534522775e-05,0.0020082759072408813,0.002057832362586109,0.00013073123992406055,13,False
elec_price_hv,Agriculture neGHG N2O,9.050742820770896e-05,9.050742820770896e-05,0.002148339790793818,0.002057832362586109,0.00013073123992406055,13,False
elec_price_hv,Wind offshore Costs,0.0,-6.626523496269625e-05,0.0019915671276234128,0.002057832362586109,0.00013073123992406055,13,False
elec_price_hv,Wind offshore Potential,1.1868241468135799e-05,1.1868241468135799e-05,0.002069700604054245,0.002057832362586109,0.00013073123992406055,13,False
elec_price_hv,Solar PV Costs,0.0,-6.238933569777116e-05,0.001995443026888338,0.002057832362586109,0.00013073123992406055,13,False
elec_price_hv,Solar PV Potential,6.239083391140071e-05,6.239083391140071e-05,0.0021202231964975097,0.002057832362586109,0.00013073123992406055,13,False
elec_price_hv,Nuclear Costs,0.0,-0.00021045307361900736,0.0018473792889671017,0.002057832362586109,0.00013073123992406055,13,False
elec_price_hv,Nuclear Potential,0.0003062912249277212,0.0003062912249277212,0.00236412358751383,0.002057832362586109,0.00013073123992406055,13,True
elec_price_hv,Hydrogen Import Potential,0.0,-0.00018704106831454498,0.001870791294271564,0.002057832362586109,0.00013073123992406055,13,False
elec_price_hv,Hydrogen Import Price,9.222843894243337e-05,9.222843894243337e-05,0.0021500608015285424,0.002057832362586109,0.00013073123992406055,13,False
elec_price_hv,Biomass Import Potential,8.195557353292198e-05,8.195557353292198e-05,0.002139787936119031,0.002057832362586109,0.00013073123992406055,13,False
elec_price_hv,Biomass Import Price,0.00013820254832428748,0.00013820254832428748,0.0021960349109103965,0.002057832362586109,0.00013073123992406055,13,False
elec_price_hv,Ammonia Import Potential,0.0,-2.4955515689946157e-05,0.002032876846896163,0.002057832362586109,0.00013073123992406055,13,False
elec_price_hv,Ammonia Import Price,0.0,-0.0001362326987041475,0.0019215996638819615,0.002057832362586109,0.00013073123992406055,13,False
elec_price_hv,CCS potential,0.0,-4.925453902302965e-05,0.0020085778235630794,0.002057832362586109,0.00013073123992406055,13,False
elec_price_hv,Flexibility Costs,8.578412575330555e-05,8.578412575330555e-05,0.0021436164883394146,0.002057832362586109,0.00013073123992406055,13,False
elec_price_hv,LNG Price,0.0,-2.0136930171847558e-05,0.0020376954324142615,0.002057832362586109,0.00013073123992406055,13,False
elec_price_hv,Electricity Trade Price,0.0001663255204757022,0.0001663255204757022,0.0022241578830618112,0.002057832362586109,0.00013073123992406055,13,False
elec_price_hv,Weather Conditions,0.00025160701239034487,0.00025160701239034487,0.002309439374976454,0.002057832362586109,0.00013073123992406055,13,False
elec_price_hv,Electricity Trade Ratio,0.0002066286127568001,0.0002066286127568001,0.002264460975342909,0.002057832362586109,0.00013073123992406055,13,False
elec_price_hv,Electricity Trade Volume,0.0001765427853700624,0.0001765427853700624,0.0022343751479561714,0.002057832362586109,0.00013073123992406055,13,False
elec_price_hv,WACC,0.0,-4.975179671538876e-07,0.002057334844618955,0.002057832362586109,0.00013073123992406055,13,False
elec_price_hv,Bunker Emission Reduction,0.0,-7.982423350256281e-05,0.0019780081290835462,0.002057832362586109,0.00013073123992406055,13,False
elec_price_hv,End-of-Life Emission Reduction,0.0,-0.00017455866917183188,0.0018832736934142771,0.002057832362586109,0.00013073123992406055,13,False
elec_price_hv_std,CO2 Cap,0.00031929403122225863,0.00031929403122225863,0.036389114807453965,0.036069820776231706,0.00245365303489862,13,False
elec_price_hv_std,Buildings demand,0.011169004591163677,0.011169004591163677,0.04723882536739538,0.036069820776231706,0.00245365303489862,13,True
elec_price_hv_std,Steel Production,0.00032853602645387114,0.00032853602645387114,0.03639835680268558,0.036069820776231706,0.00245365303489862,13,False
elec_price_hv_std,Chemical Production,0.0008046811018453184,0.0008046811018453184,0.036874501878077025,0.036069820776231706,0.00245365303489862,13,False
elec_price_hv_std,Passenger Cars,0.005737300399044028,0.005737300399044028,0.041807121175275734,0.036069820776231706,0.00245365303489862,13,True
elec_price_hv_std,Bunker aviation,8.241922821648068e-05,8.241922821648068e-05,0.03615224000444819,0.036069820776231706,0.00245365303489862,13,False
elec_price_hv_std,Bunker navigation,0.006642908846477072,0.006642908846477072,0.04271272962270878,0.036069820776231706,0.00245365303489862,13,True
elec_price_hv_std,Agriculture neGHG CH4,8.740188133003757e-05,8.740188133003757e-05,0.036157222657561744,0.036069820776231706,0.00245365303489862,13,False
elec_price_hv_std,Agriculture neGHG N2O,0.0010291658438876666,0.0010291658438876666,0.03709898662011937,0.036069820776231706,0.00245365303489862,13,False
elec_price_hv_std,Wind offshore Costs,0.0011880034224205083,0.0011880034224205083,0.037257824198652215,0.036069820776231706,0.00245365303489862,13,False
elec_price_hv_std,Wind offshore Potential,0.004539795251567391,0.004539795251567391,0.0406096160277991,0.036069820776231706,0.00245365303489862,13,False
elec_price_hv_std,Solar PV Costs,0.0026556200854667075,0.0026556200854667075,0.038725440861698414,0.036069820776231706,0.00245365303489862,13,False
elec_price_hv_std,Solar PV Potential,0.0006664782568018557,0.0006664782568018557,0.03673629903303356,0.036069820776231706,0.00245365303489862,13,False
elec_price_hv_std,Nuclear Costs,0.0036258044667104306,0.0036258044667104306,0.03969562524294214,0.036069820776231706,0.00245365303489862,13,False
elec_price_hv_std,Nuclear Potential,0.0,-0.00047932857442328086,0.035590492201808425,0.036069820776231706,0.00245365303489862,13,False
elec_price_hv_std,Hydrogen Import Potential,0.0053308723515532175,0.0053308723515532175,0.041400693127784924,0.036069820776231706,0.00245365303489862,13,True
elec_price_hv_std,Hydrogen Import Price,0.0024678415198163065,0.0024678415198163065,0.03853766229604801,0.036069820776231706,0.00245365303489862,13,False
elec_price_hv_std,Biomass Import Potential,0.01261545628289204,0.01261545628289204,0.04868527705912375,0.036069820776231706,0.00245365303489862,13,True
elec_price_hv_std,Biomass Import Price,0.017568445911102362,0.017568445911102362,0.05363826668733407,0.036069820776231706,0.00245365303489862,13,True
elec_price_hv_std,Ammonia Import Potential,0.017017274990121484,0.017017274990121484,0.05308709576635319,0.036069820776231706,0.00245365303489862,13,True
elec_price_hv_std,Ammonia Import Price,0.017046259616893142,0.017046259616893142,0.05311608039312485,0.036069820776231706,0.00245365303489862,13,True
elec_price_hv_std,CCS potential,0.022376277045335173,0.022376277045335173,0.05844609782156688,0.036069820776231706,0.00245365303489862,13,True
elec_price_hv_std,Flexibility Costs,0.06988051495965611,0.06988051495965611,0.10595033573588782,0.036069820776231706,0.00245365303489862,13,True
elec_price_hv_std,LNG Price,0.0,-0.0018931520171113145,0.03417666875912039,0.036069820776231706,0.00245365303489862,13,False
elec_price_hv_std,Electricity Trade Price,0.02696360923914999,0.02696360923914999,0.0630334300153817,0.036069820776231706,0.00245365303489862,13,True
elec_price_hv_std,Weather Conditions,0.06787840996447002,0.06787840996447002,0.10394823074070172,0.036069820776231706,0.00245365303489862,13,True
elec_price_hv_std,Electricity Trade Ratio,0.2693242986322782,0.2693242986322782,0.3053941194085099,0.036069820776231706,0.00245365303489862,13,True
elec_price_hv_std,Electricity Trade Volume,0.14514887770914386,0.14514887770914386,0.18121869848537556,0.036069820776231706,0.00245365303489862,13,True
elec_price_hv_std,WACC,0.04817932439876703,0.04817932439876703,0.08424914517499874,0.036069820776231706,0.00245365303489862,13,True
elec_price_hv_std,Bunker Emission Reduction,0.007002002990144772,0.007002002990144772,0.04307182376637648,0.036069820776231706,0.00245365303489862,13,True
elec_price_hv_std,End-of-Life Emission Reduction,0.009954504201897058,0.009954504201897058,0.046024324978128764,0.036069820776231706,0.00245365303489862,13,True
elec_price_lv,CO2 Cap,0.0024444417733901352,0.0024444417733901352,0.053004337490868414,0.05055989571747828,0.002353914128410441,13,False
elec_price_lv,Buildings demand,0.006374826270843778,0.006374826270843778,0.05693472198832206,0.05055989571747828,0.002353914128410441,13,True
elec_price_lv,Steel Production,0.0030589258401637967,0.0030589258401637967,0.053618821557642075,0.05055989571747828,0.002353914128410441,13,False
elec_price_lv,Chemical Production,0.006368950236944927,0.006368950236944927,0.056928845954423206,0.05055989571747828,0.002353914128410441,13,True
elec_price_lv,Passenger Cars,0.0014830723646361843,0.0014830723646361843,0.05204296808211446,0.05055989571747828,0.002353914128410441,13,False
elec_price_lv,Bunker aviation,0.0019085840629623277,0.0019085840629623277,0.052468479780440606,0.05055989571747828,0.002353914128410441,13,False
elec_price_lv,Bunker navigation,0.003557512968378869,0.003557512968378869,0.05411740868585715,0.05055989571747828,0.002353914128410441,13,False
elec_price_lv,Agriculture neGHG CH4,0.0034821438162336155,0.0034821438162336155,0.054042039533711894,0.05055989571747828,0.002353914128410441,13,False
elec_price_lv,Agriculture neGHG N2O,0.0,-0.0011104931936132684,0.04944940252386501,0.05055989571747828,0.002353914128410441,13,False
elec_price_lv,Wind offshore Costs,0.002192457826320049,0.002192457826320049,0.05275235354379833,0.05055989571747828,0.002353914128410441,13,False
elec_price_lv,Wind offshore Potential,0.004270845996746896,0.004270845996746896,0.054830741714225174,0.05055989571747828,0.002353914128410441,13,False
elec_price_lv,Solar PV Costs,0.0,-0.002317111334702582,0.0482427843827757,0.05055989571747828,0.002353914128410441,13,False
elec_price_lv,Solar PV Potential,0.0026255428556898053,0.0026255428556898053,0.053185438573168084,0.05055989571747828,0.002353914128410441,13,False
elec_price_lv,Nuclear Costs,0.0015133434229460188,0.0015133434229460188,0.0520732391404243,0.05055989571747828,0.002353914128410441,13,False
elec_price_lv,Nuclear Potential,0.008168904730734283,0.008168904730734283,0.05872880044821256,0.05055989571747828,0.002353914128410441,13,True
elec_price_lv,Hydrogen Import Potential,0.0,-0.0010879956128433607,0.04947190010463492,0.05055989571747828,0.002353914128410441,13,False
elec_price_lv,Hydrogen Import Price,0.004886194054157696,0.004886194054157696,0.055446089771635974,0.05055989571747828,0.002353914128410441,13,True
elec_price_lv,Biomass Import Potential,0.007480809772953331,0.007480809772953331,0.05804070549043161,0.05055989571747828,0.002353914128410441,13,True
elec_price_lv,Biomass Import Price,0.01869256904475028,0.01869256904475028,0.06925246476222856,0.05055989571747828,0.002353914128410441,13,True
elec_price_lv,Ammonia Import Potential,0.015892828878304857,0.015892828878304857,0.06645272459578314,0.05055989571747828,0.002353914128410441,13,True
elec_price_lv,Ammonia Import Price,0.014517042240259986,0.014517042240259986,0.06507693795773827,0.05055989571747828,0.002353914128410441,13,True
elec_price_lv,CCS potential,0.015621800651235876,0.015621800651235876,0.06618169636871415,0.05055989571747828,0.002353914128410441,13,True
elec_price_lv,Flexibility Costs,0.0,-0.0015167683001623966,0.04904312741731588,0.05055989571747828,0.002353914128410441,13,False
elec_price_lv,LNG Price,0.0,-0.004741350077171268,0.04581854564030701,0.05055989571747828,0.002353914128410441,13,False
elec_price_lv,Electricity Trade Price,0.000499128043452729,0.000499128043452729,0.05105902376093101,0.05055989571747828,0.002353914128410441,13,False
elec_price_lv,Weather Conditions,0.04537588596170582,0.04537588596170582,0.0959357816791841,0.05055989571747828,0.002353914128410441,13,True
elec_price_lv,Electricity Trade Ratio,0.020613125663072523,0.020613125663072523,0.0711730213805508,0.05055989571747828,0.002353914128410441,13,True
elec_price_lv,Electricity Trade Volume,0.03478793588699057,0.03478793588699057,0.08534783160446885,0.05055989571747828,0.002353914128410441,13,True
elec_price_lv,WACC,0.0026958679263448734,0.0026958679263448734,0.05325576364382315,0.05055989571747828,0.002353914128410441,13,False
elec_price_lv,Bunker Emission Reduction,0.0,-0.0004556608114148278,0.05010423490606345,0.05055989571747828,0.002353914128410441,13,False
elec_price_lv,End-of-Life Emission Reduction,0.02063437335704288,0.02063437335704288,0.07119426907452116,0.05055989571747828,0.002353914128410441,13,True
electricity_share_supply,CO2 Cap,0.007658463499584524,0.007658463499584524,0.04754449467678207,0.039886031177197544,0.0021352064453523086,13,True
electricity_share_supply,Buildings demand,0.021107856228604248,0.021107856228604248,0.06099388740580179,0.039886031177197544,0.0021352064453523086,13,True
electricity_share_supply,Steel Production,0.0,-0.0029240615702776918,0.03696196960691985,0.039886031177197544,0.0021352064453523086,13,False
electricity_share_supply,Chemical Production,0.0033472768804200387,0.0033472768804200387,0.04323330805761758,0.039886031177197544,0.0021352064453523086,13,False
electricity_share_supply,Passenger Cars,0.0014739089613526601,0.0014739089613526601,0.041359940138550204,0.039886031177197544,0.0021352064453523086,13,False
electricity_share_supply,Bunker aviation,0.0005987725670994898,0.0005987725670994898,0.040484803744297033,0.039886031177197544,0.0021352064453523086,13,False
electricity_share_supply,Bunker navigation,0.0022695766682642032,0.0022695766682642032,0.04215560784546175,0.039886031177197544,0.0021352064453523086,13,False
electricity_share_supply,Agriculture neGHG CH4,0.003052442903744665,0.003052442903744665,0.04293847408094221,0.039886031177197544,0.0021352064453523086,13,False
electricity_share_supply,Agriculture neGHG N2O,0.001022348733135274,0.001022348733135274,0.04090837991033282,0.039886031177197544,0.0021352064453523086,13,False
electricity_share_supply,Wind offshore Costs,0.031195645172359808,0.031195645172359808,0.07108167634955735,0.039886031177197544,0.0021352064453523086,13,True
electricity_share_supply,Wind offshore Potential,0.014382638114631086,0.014382638114631086,0.05426866929182863,0.039886031177197544,0.0021352064453523086,13,True
electricity_share_supply,Solar PV Costs,0.005174185505294603,0.005174185505294603,0.045060216682492146,0.039886031177197544,0.0021352064453523086,13,True
electricity_share_supply,Solar PV Potential,0.0,-0.002126976532141993,0.03775905464505555,0.039886031177197544,0.0021352064453523086,13,False
electricity_share_supply,Nuclear Costs,0.03166667494876398,0.03166667494876398,0.07155270612596153,0.039886031177197544,0.0021352064453523086,13,True
electricity_share_supply,Nuclear Potential,0.0011906798226400742,0.0011906798226400742,0.04107671099983762,0.039886031177197544,0.0021352064453523086,13,False
electricity_share_supply,Hydrogen Import Potential,0.0031804286768743334,0.0031804286768743334,0.04306645985407188,0.039886031177197544,0.0021352064453523086,13,False
electricity_share_supply,Hydrogen Import Price,0.026070589854665684,0.026070589854665684,0.06595662103186323,0.039886031177197544,0.0021352064453523086,13,True
electricity_share_supply,Biomass Import Potential,0.05315667735473852,0.05315667735473852,0.09304270853193607,0.039886031177197544,0.0021352064453523086,13,True
electricity_share_supply,Biomass Import Price,0.09542286899175337,0.09542286899175337,0.13530890016895092,0.039886031177197544,0.0021352064453523086,13,True
electricity_share_supply,Ammonia Import Potential,0.04356077567024553,0.04356077567024553,0.08344680684744307,0.039886031177197544,0.0021352064453523086,13,True
electricity_share_supply,Ammonia Import Price,0.031123349238278357,0.031123349238278357,0.0710093804154759,0.039886031177197544,0.0021352064453523086,13,True
electricity_share_supply,CCS potential,0.07769765780233887,0.07769765780233887,0.11758368897953642,0.039886031177197544,0.0021352064453523086,13,True
electricity_share_supply,Flexibility Costs,0.0023798183637465664,0.0023798183637465664,0.04226584954094411,0.039886031177197544,0.0021352064453523086,13,False
electricity_share_supply,LNG Price,0.004366676099256839,0.004366676099256839,0.04425270727645438,0.039886031177197544,0.0021352064453523086,13,True
electricity_share_supply,Electricity Trade Price,0.00466597921459002,0.00466597921459002,0.044552010391787564,0.039886031177197544,0.0021352064453523086,13,True
electricity_share_supply,Weather Conditions,0.045368534266646506,0.045368534266646506,0.08525456544384405,0.039886031177197544,0.0021352064453523086,13,True
electricity_share_supply,Electricity Trade Ratio,0.06479752631047758,0.06479752631047758,0.10468355748767513,0.039886031177197544,0.0021352064453523086,13,True
electricity_share_supply,Electricity Trade Volume,0.0408179545450501,0.0408179545450501,0.08070398572224764,0.039886031177197544,0.0021352064453523086,13,True
electricity_share_supply,WACC,0.05127532283346347,0.05127532283346347,0.09116135401066101,0.039886031177197544,0.0021352064453523086,13,True
electricity_share_supply,Bunker Emission Reduction,0.0012515457612481407,0.0012515457612481407,0.041137576938445684,0.039886031177197544,0.0021352064453523086,13,False
electricity_share_supply,End-of-Life Emission Reduction,0.01787298450963027,0.01787298450963027,0.057759015686827814,0.039886031177197544,0.0021352064453523086,13,True
feedstock_co2_price,CO2 Cap,0.00019811656018812324,0.00019811656018812324,0.04370539195833433,0.04350727539814621,0.0023537269627835126,13,False
feedstock_co2_price,Buildings demand,0.0019449008548971108,0.0019449008548971108,0.04545217625304332,0.04350727539814621,0.0023537269627835126,13,False
feedstock_co2_price,Steel Production,0.0,-0.0030290502601928934,0.040478225137953315,0.04350727539814621,0.0023537269627835126,13,False
feedstock_co2_price,Chemical Production,0.0690937383005257,0.0690937383005257,0.11260101369867191,0.04350727539814621,0.0023537269627835126,13,True
feedstock_co2_price,Passenger Cars,0.0033505570912178567,0.0033505570912178567,0.046857832489364065,0.04350727539814621,0.0023537269627835126,13,False
feedstock_co2_price,Bunker aviation,0.005305531673576898,0.005305531673576898,0.048812807071723106,0.04350727539814621,0.0023537269627835126,13,True
feedstock_co2_price,Bunker navigation,0.0038414152363500723,0.0038414152363500723,0.04734869063449628,0.04350727539814621,0.0023537269627835126,13,False
feedstock_co2_price,Agriculture neGHG CH4,0.0,-0.0014631726233113249,0.042044102774834884,0.04350727539814621,0.0023537269627835126,13,False
feedstock_co2_price,Agriculture neGHG N2O,0.0,-0.0028096370344056695,0.04069763836374054,0.04350727539814621,0.0023537269627835126,13,False
feedstock_co2_price,Wind offshore Costs,0.008785833748145067,0.008785833748145067,0.052293109146291275,0.04350727539814621,0.0023537269627835126,13,True
feedstock_co2_price,Wind offshore Potential,0.0,-0.0010216064685598242,0.042485668929586384,0.04350727539814621,0.0023537269627835126,13,False
feedstock_co2_price,Solar PV Costs,0.0,-0.004638464639272741,0.03886881075887347,0.04350727539814621,0.0023537269627835126,13,False
feedstock_co2_price,Solar PV Potential,0.0,-0.0023459423061481174,0.04116133309199809,0.04350727539814621,0.0023537269627835126,13,False
feedstock_co2_price,Nuclear Costs,0.001492705144686246,0.001492705144686246,0.044999980542832455,0.04350727539814621,0.0023537269627835126,13,False
feedstock_co2_price,Nuclear Potential,0.0,-0.004809174499683662,0.03869810089846255,0.04350727539814621,0.0023537269627835126,13,False
feedstock_co2_price,Hydrogen Import Potential,9.084749968394507e-05,9.084749968394507e-05,0.043598122897830154,0.04350727539814621,0.0023537269627835126,13,False
feedstock_co2_price,Hydrogen Import Price,0.004462204146582806,0.004462204146582806,0.047969479544729014,0.04350727539814621,0.0023537269627835126,13,False
feedstock_co2_price,Biomass Import Potential,0.008378086250013114,0.008378086250013114,0.05188536164815932,0.04350727539814621,0.0023537269627835126,13,True
feedstock_co2_price,Biomass Import Price,0.024883691858395063,0.024883691858395063,0.06839096725654127,0.04350727539814621,0.0023537269627835126,13,True
feedstock_co2_price,Ammonia Import Potential,0.011412094513616515,0.011412094513616515,0.054919369911762723,0.04350727539814621,0.0023537269627835126,13,True
feedstock_co2_price,Ammonia Import Price,0.010919595229133508,0.010919595229133508,0.054426870627279716,0.04350727539814621,0.0023537269627835126,13,True
feedstock_co2_price,CCS potential,0.014919130870733044,0.014919130870733044,0.05842640626887925,0.04350727539814621,0.0023537269627835126,13,True
feedstock_co2_price,Flexibility Costs,0.004122495912270041,0.004122495912270041,0.04762977131041625,0.04350727539814621,0.0023537269627835126,13,False
feedstock_co2_price,LNG Price,0.0,-0.0037853743178599686,0.03972190108028624,0.04350727539814621,0.0023537269627835126,13,False
feedstock_co2_price,Electricity Trade Price,0.0020246633057235536,0.0020246633057235536,0.04553193870386976,0.04350727539814621,0.0023537269627835126,13,False
feedstock_co2_price,Weather Conditions,0.0033894653574413625,0.0033894653574413625,0.04689674075558757,0.04350727539814621,0.0023537269627835126,13,False
feedstock_co2_price,Electricity Trade Ratio,0.0030948053070016454,0.0030948053070016454,0.046602080705147854,0.04350727539814621,0.0023537269627835126,13,False
feedstock_co2_price,Electricity Trade Volume,0.0041435788543182014,0.0041435788543182014,0.04765085425246441,0.04350727539814621,0.0023537269627835126,13,False
feedstock_co2_price,WACC,0.00904625078756438,0.00904625078756438,0.05255352618571059,0.04350727539814621,0.0023537269627835126,13,True
feedstock_co2_price,Bunker Emission Reduction,0.003819821912920046,0.003819821912920046,0.047327097311066255,0.04350727539814621,0.0023537269627835126,13,False
feedstock_co2_price,End-of-Life Emission Reduction,0.4082406123043732,0.4082406123043732,0.4517478877025194,0.04350727539814621,0.0023537269627835126,13,True
flex_be_use,CO2 Cap,0.022822986497847766,0.022822986497847766,0.05921630246933214,0.036393315971484375,0.002282200160298888,13,True
flex_be_use,Buildings demand,0.1550675450392836,0.1550675450392836,0.19146086101076798,0.036393315971484375,0.002282200160298888,13,True
flex_be_use,Steel Production,0.0,-3.5117445056180585e-05,0.036358198526428194,0.036393315971484375,0.002282200160298888,13,False
flex_be_use,Chemical Production,0.011193729740357011,0.011193729740357011,0.047587045711841386,0.036393315971484375,0.002282200160298888,13,True
flex_be_use,Passenger Cars,0.0014614617338904665,0.0014614617338904665,0.03785477770537484,0.036393315971484375,0.002282200160298888,13,False
flex_be_use,Bunker aviation,0.005125528027181699,0.005125528027181699,0.04151884399866607,0.036393315971484375,0.002282200160298888,13,True
flex_be_use,Bunker navigation,0.02534519355760073,0.02534519355760073,0.061738509529085106,0.036393315971484375,0.002282200160298888,13,True
flex_be_use,Agriculture neGHG CH4,0.0040169369045426895,0.0040169369045426895,0.040410252876027064,0.036393315971484375,0.002282200160298888,13,False
flex_be_use,Agriculture neGHG N2O,0.0,-0.0008313137172556023,0.03556200225422877,0.036393315971484375,0.002282200160298888,13,False
flex_be_use,Wind offshore Costs,0.00890789867328156,0.00890789867328156,0.045301214644765934,0.036393315971484375,0.002282200160298888,13,True
flex_be_use,Wind offshore Potential,0.0026327889477570504,0.0026327889477570504,0.039026104919241425,0.036393315971484375,0.002282200160298888,13,False
flex_be_use,Solar PV Costs,0.002613915565662768,0.002613915565662768,0.03900723153714714,0.036393315971484375,0.002282200160298888,13,False
flex_be_use,Solar PV Potential,0.0,-0.004358388015178315,0.03203492795630606,0.036393315971484375,0.002282200160298888,13,False
flex_be_use,Nuclear Costs,0.0023538725961866486,0.0023538725961866486,0.03874718856767102,0.036393315971484375,0.002282200160298888,13,False
flex_be_use,Nuclear Potential,0.0,-0.004708641374538504,0.03168467459694587,0.036393315971484375,0.002282200160298888,13,False
flex_be_use,Hydrogen Import Potential,0.01483682759534801,0.01483682759534801,0.051230143566832385,0.036393315971484375,0.002282200160298888,13,True
flex_be_use,Hydrogen Import Price,0.024604999991841833,0.024604999991841833,0.06099831596332621,0.036393315971484375,0.002282200160298888,13,True
flex_be_use,Biomass Import Potential,0.029168150599336196,0.029168150599336196,0.06556146657082057,0.036393315971484375,0.002282200160298888,13,True
flex_be_use,Biomass Import Price,0.06165441680064425,0.06165441680064425,0.09804773277212862,0.036393315971484375,0.002282200160298888,13,True
flex_be_use,Ammonia Import Potential,0.06197062575617497,0.06197062575617497,0.09836394172765935,0.036393315971484375,0.002282200160298888,13,True
flex_be_use,Ammonia Import Price,0.05228277186795127,0.05228277186795127,0.08867608783943565,0.036393315971484375,0.002282200160298888,13,True
flex_be_use,CCS potential,0.0707900884677768,0.0707900884677768,0.10718340443926118,0.036393315971484375,0.002282200160298888,13,True
flex_be_use,Flexibility Costs,0.00042097650878770293,0.00042097650878770293,0.03681429248027208,0.036393315971484375,0.002282200160298888,13,False
flex_be_use,LNG Price,0.004971807506917697,0.004971807506917697,0.04136512347840207,0.036393315971484375,0.002282200160298888,13,True
flex_be_use,Electricity Trade Price,0.0,-0.000787313522051504,0.03560600244943287,0.036393315971484375,0.002282200160298888,13,False
flex_be_use,Weather Conditions,0.10359192894609245,0.10359192894609245,0.13998524491757683,0.036393315971484375,0.002282200160298888,13,True
flex_be_use,Electricity Trade Ratio,0.1095971455250642,0.1095971455250642,0.14599046149654857,0.036393315971484375,0.002282200160298888,13,True
flex_be_use,Electricity Trade Volume,0.008011500595849208,0.008011500595849208,0.04440481656733358,0.036393315971484375,0.002282200160298888,13,True
flex_be_use,WACC,0.08250511655414593,0.08250511655414593,0.1188984325256303,0.036393315971484375,0.002282200160298888,13,True
flex_be_use,Bunker Emission Reduction,0.00905297838331235,0.00905297838331235,0.045446294354796725,0.036393315971484375,0.002282200160298888,13,True
flex_be_use,End-of-Life Emission Reduction,0.013728484659859493,0.013728484659859493,0.05012180063134387,0.036393315971484375,0.002282200160298888,13,True
flex_capacity_installed,CO2 Cap,0.022112382729221704,0.022112382729221704,0.05922278121906697,0.037110398489845264,0.002296220133144745,13,True
flex_capacity_installed,Buildings demand,0.14595921793227787,0.14595921793227787,0.18306961642212313,0.037110398489845264,0.002296220133144745,13,True
flex_capacity_installed,Steel Production,0.00018284126109447546,0.00018284126109447546,0.03729323975093974,0.037110398489845264,0.002296220133144745,13,False
flex_capacity_installed,Chemical Production,0.010746492834094665,0.010746492834094665,0.04785689132393993,0.037110398489845264,0.002296220133144745,13,True
flex_capacity_installed,Passenger Cars,0.021627911456532693,0.021627911456532693,0.05873830994637796,0.037110398489845264,0.002296220133144745,13,True
flex_capacity_installed,Bunker aviation,0.004848984612909599,0.004848984612909599,0.04195938310275486,0.037110398489845264,0.002296220133144745,13,True
flex_capacity_installed,Bunker navigation,0.025293020957308433,0.025293020957308433,0.0624034194471537,0.037110398489845264,0.002296220133144745,13,True
flex_capacity_installed,Agriculture neGHG CH4,0.0022495105724893924,0.0022495105724893924,0.03935990906233466,0.037110398489845264,0.002296220133144745,13,False
flex_capacity_installed,Agriculture neGHG N2O,0.0,-0.0012501609635391098,0.035860237526306155,0.037110398489845264,0.002296220133144745,13,False
flex_capacity_installed,Wind offshore Costs,0.009640731734618796,0.009640731734618796,0.04675113022446406,0.037110398489845264,0.002296220133144745,13,True
flex_capacity_installed,Wind offshore Potential,0.0035911018564694433,0.0035911018564694433,0.04070150034631471,0.037110398489845264,0.002296220133144745,13,False
flex_capacity_installed,Solar PV Costs,0.000952279159534046,0.000952279159534046,0.03806267764937931,0.037110398489845264,0.002296220133144745,13,False
flex_capacity_installed,Solar PV Potential,0.0,-0.004861549875398337,0.03224884861444693,0.037110398489845264,0.002296220133144745,13,False
flex_capacity_installed,Nuclear Costs,0.0022377621493434377,0.0022377621493434377,0.0393481606391887,0.037110398489845264,0.002296220133144745,13,False
flex_capacity_installed,Nuclear Potential,0.0,-0.005589193859794311,0.03152120463005095,0.037110398489845264,0.002296220133144745,13,False
flex_capacity_installed,Hydrogen Import Potential,0.01505546929492603,0.01505546929492603,0.052165867784771294,0.037110398489845264,0.002296220133144745,13,True
flex_capacity_installed,Hydrogen Import Price,0.02463382756475154,0.02463382756475154,0.061744226054596806,0.037110398489845264,0.002296220133144745,13,True
flex_capacity_installed,Biomass Import Potential,0.028002016411662972,0.028002016411662972,0.06511241490150824,0.037110398489845264,0.002296220133144745,13,True
flex_capacity_installed,Biomass Import Price,0.06170583175208165,0.06170583175208165,0.09881623024192691,0.037110398489845264,0.002296220133144745,13,True
flex_capacity_installed,Ammonia Import Potential,0.06206677748217966,0.06206677748217966,0.09917717597202493,0.037110398489845264,0.002296220133144745,13,True
flex_capacity_installed,Ammonia Import Price,0.05259639303512735,0.05259639303512735,0.08970679152497261,0.037110398489845264,0.002296220133144745,13,True
flex_capacity_installed,CCS potential,0.06919009881261737,0.06919009881261737,0.10630049730246263,0.037110398489845264,0.002296220133144745,13,True
flex_capacity_installed,Flexibility Costs,0.00042646916338334034,0.00042646916338334034,0.037536867653228605,0.037110398489845264,0.002296220133144745,13,False
flex_capacity_installed,LNG Price,0.0059482623974861995,0.0059482623974861995,0.043058660887331464,0.037110398489845264,0.002296220133144745,13,True
flex_capacity_installed,Electricity Trade Price,0.000726657705044105,0.000726657705044105,0.03783705619488937,0.037110398489845264,0.002296220133144745,13,False
flex_capacity_installed,Weather Conditions,0.10433500368972393,0.10433500368972393,0.1414454021795692,0.037110398489845264,0.002296220133144745,13,True
flex_capacity_installed,Electricity Trade Ratio,0.11000593045360821,0.11000593045360821,0.14711632894345347,0.037110398489845264,0.002296220133144745,13,True
flex_capacity_installed,Electricity Trade Volume,0.009446168615743267,0.009446168615743267,0.04655656710558853,0.037110398489845264,0.002296220133144745,13,True
flex_capacity_installed,WACC,0.08138602888970978,0.08138602888970978,0.11849642737955504,0.037110398489845264,0.002296220133144745,13,True
flex_capacity_installed,Bunker Emission Reduction,0.00829819077553378,0.00829819077553378,0.045408589265379044,0.037110398489845264,0.002296220133144745,13,True
flex_capacity_installed,End-of-Life Emission Reduction,0.01443625235161728,0.01443625235161728,0.051546650841462545,0.037110398489845264,0.002296220133144745,13,True
flex_dr_use,CO2 Cap,0.00013413203914462777,0.00013413203914462777,0.001800918324653162,0.0016667862855085343,0.00011359798106001972,13,False
flex_dr_use,Buildings demand,0.0,-5.546456664378796e-05,0.0016113217188647464,0.0016667862855085343,0.00011359798106001972,13,False
flex_dr_use,Steel Production,0.0,-0.0002546618522873657,0.0014121244332211686,0.0016667862855085343,0.00011359798106001972,13,False
flex_dr_use,Chemical Production,0.0,-0.00016213768169577548,0.0015046486038127588,0.0016667862855085343,0.00011359798106001972,13,False
flex_dr_use,Passenger Cars,0.0,-6.351736773319168e-05,0.0016032689177753426,0.0016667862855085343,0.00011359798106001972,13,False
flex_dr_use,Bunker aviation,3.6395131301055796e-05,3.6395131301055796e-05,0.00170318141680959,0.0016667862855085343,0.00011359798106001972,13,False
flex_dr_use,Bunker navigation,0.00023580116070694808,0.00023580116070694808,0.0019025874462154824,0.0016667862855085343,0.00011359798106001972,13,True
flex_dr_use,Agriculture neGHG CH4,0.00013499855672133494,0.00013499855672133494,0.0018017848422298692,0.0016667862855085343,0.00011359798106001972,13,False
flex_dr_use,Agriculture neGHG N2O,0.0002347948278204402,0.0002347948278204402,0.0019015811133289745,0.0016667862855085343,0.00011359798106001972,13,True
flex_dr_use,Wind offshore Costs,0.00023475455378281084,0.00023475455378281084,0.0019015408392913451,0.0016667862855085343,0.00011359798106001972,13,True
flex_dr_use,Wind offshore Potential,0.0001353206628647561,0.0001353206628647561,0.0018021069483732904,0.0016667862855085343,0.00011359798106001972,13,False
flex_dr_use,Solar PV Costs,3.5814336497019166e-05,3.5814336497019166e-05,0.0017026006220055535,0.0016667862855085343,0.00011359798106001972,13,False
flex_dr_use,Solar PV Potential,3.641572279809279e-05,3.641572279809279e-05,0.001703202008306627,0.0016667862855085343,0.00011359798106001972,13,False
flex_dr_use,Nuclear Costs,0.0,-6.273668520010746e-05,0.0016040496003084269,0.0016667862855085343,0.00011359798106001972,13,False
flex_dr_use,Nuclear Potential,0.00013513666127445956,0.00013513666127445956,0.0018019229467829939,0.0016667862855085343,0.00011359798106001972,13,False
flex_dr_use,Hydrogen Import Potential,3.637490762586817e-05,3.637490762586817e-05,0.0017031611931344025,0.0016667862855085343,0.00011359798106001972,13,False
flex_dr_use,Hydrogen Import Price,0.0,-5.86542524183423e-05,0.001608132033090192,0.0016667862855085343,0.00011359798106001972,13,False
flex_dr_use,Biomass Import Potential,0.00023522661302235732,0.00023522661302235732,0.0019020128985308916,0.0016667862855085343,0.00011359798106001972,13,True
flex_dr_use,Biomass Import Price,4.083552092598846e-05,4.083552092598846e-05,0.0017076218064345228,0.0016667862855085343,0.00011359798106001972,13,False
flex_dr_use,Ammonia Import Potential,0.0003348242448556289,0.0003348242448556289,0.002001610530364163,0.0016667862855085343,0.00011359798106001972,13,True
flex_dr_use,Ammonia Import Price,0.00013653137771754177,0.00013653137771754177,0.001803317663226076,0.0016667862855085343,0.00011359798106001972,13,False
flex_dr_use,CCS potential,0.0003344819927298833,0.0003344819927298833,0.0020012682782384176,0.0016667862855085343,0.00011359798106001972,13,True
flex_dr_use,Flexibility Costs,0.0,-0.000258597252666463,0.0014081890328420713,0.0016667862855085343,0.00011359798106001972,13,False
flex_dr_use,LNG Price,0.00014045343095906424,0.00014045343095906424,0.0018072397164675986,0.0016667862855085343,0.00011359798106001972,13,False
flex_dr_use,Electricity Trade Price,0.0,-5.9288163635621985e-05,0.0016074981218729123,0.0016667862855085343,0.00011359798106001972,13,False
flex_dr_use,Weather Conditions,3.484145910008941e-05,3.484145910008941e-05,0.0017016277446086237,0.0016667862855085343,0.00011359798106001972,13,False
flex_dr_use,Electricity Trade Ratio,0.00023465236631417747,0.00023465236631417747,0.0019014386518227118,0.0016667862855085343,0.00011359798106001972,13,True
flex_dr_use,Electricity Trade Volume,4.2725859906444846e-05,4.2725859906444846e-05,0.0017095121454149792,0.0016667862855085343,0.00011359798106001972,13,False
flex_dr_use,WACC,0.0,-0.00025618633933621824,0.001410599946172316,0.0016667862855085343,0.00011359798106001972,13,False
flex_dr_use,Bunker Emission Reduction,3.893209318541228e-05,3.893209318541228e-05,0.0017057183786939466,0.0016667862855085343,0.00011359798106001972,13,False
flex_dr_use,End-of-Life Emission Reduction,0.00013826969069927913,0.00013826969069927913,0.0018050559762078134,0.0016667862855085343,0.00011359798106001972,13,False
flex_ev_smart_use,CO2 Cap,0.0005442160689533362,0.0005442160689533362,0.03541692733445204,0.03487271126549871,0.002389144577572864,13,False
flex_ev_smart_use,Buildings demand,0.0007216435609081473,0.0007216435609081473,0.035594354826406854,0.03487271126549871,0.002389144577572864,13,False
flex_ev_smart_use,Steel Production,0.0009036231458989311,0.0009036231458989311,0.03577633441139764,0.03487271126549871,0.002389144577572864,13,False
flex_ev_smart_use,Chemical Production,0.0023099649985954054,0.0023099649985954054,0.03718267626409411,0.03487271126549871,0.002389144577572864,13,False
flex_ev_smart_use,Passenger Cars,0.7445121602545074,0.7445121602545074,0.7793848715200061,0.03487271126549871,0.002389144577572864,13,True
flex_ev_smart_use,Bunker aviation,0.0,-0.0001705094446452851,0.03470220182085342,0.03487271126549871,0.002389144577572864,13,False
flex_ev_smart_use,Bunker navigation,0.0012469250115549266,0.0012469250115549266,0.036119636277053634,0.03487271126549871,0.002389144577572864,13,False
flex_ev_smart_use,Agriculture neGHG CH4,0.0,-0.0001228706257867182,0.03474984063971199,0.03487271126549871,0.002389144577572864,13,False
flex_ev_smart_use,Agriculture neGHG N2O,0.0,-0.0016161651389621293,0.03325654612653658,0.03487271126549871,0.002389144577572864,13,False
flex_ev_smart_use,Wind offshore Costs,0.0038668409151674105,0.0038668409151674105,0.03873955218066612,0.03487271126549871,0.002389144577572864,13,False
flex_ev_smart_use,Wind offshore Potential,0.0013855768250495074,0.0013855768250495074,0.036258288090548214,0.03487271126549871,0.002389144577572864,13,False
flex_ev_smart_use,Solar PV Costs,0.0017569036690179979,0.0017569036690179979,0.036629614934516705,0.03487271126549871,0.002389144577572864,13,False
flex_ev_smart_use,Solar PV Potential,0.0015657245767322428,0.0015657245767322428,0.03643843584223095,0.03487271126549871,0.002389144577572864,13,False
flex_ev_smart_use,Nuclear Costs,0.0,-0.0027298917495954186,0.03214281951590329,0.03487271126549871,0.002389144577572864,13,False
flex_ev_smart_use,Nuclear Potential,0.0034094733047911885,0.0034094733047911885,0.038282184570289896,0.03487271126549871,0.002389144577572864,13,False
flex_ev_smart_use,Hydrogen Import Potential,0.0,-0.00018741091286616357,0.03468530035263254,0.03487271126549871,0.002389144577572864,13,False
flex_ev_smart_use,Hydrogen Import Price,0.005823516879348338,0.005823516879348338,0.040696228144847045,0.03487271126549871,0.002389144577572864,13,True
flex_ev_smart_use,Biomass Import Potential,0.003990452774925123,0.003990452774925123,0.03886316404042383,0.03487271126549871,0.002389144577572864,13,False
flex_ev_smart_use,Biomass Import Price,0.0017177360248368106,0.0017177360248368106,0.03659044729033552,0.03487271126549871,0.002389144577572864,13,False
flex_ev_smart_use,Ammonia Import Potential,0.0,-0.0024667539763077242,0.03240595728919098,0.03487271126549871,0.002389144577572864,13,False
flex_ev_smart_use,Ammonia Import Price,0.0,-0.0005469425177536749,0.03432576874774503,0.03487271126549871,0.002389144577572864,13,False
flex_ev_smart_use,CCS potential,0.0,-0.0008787399984558006,0.033993971267042906,0.03487271126549871,0.002389144577572864,13,False
flex_ev_smart_use,Flexibility Costs,0.004360056719675501,0.004360056719675501,0.03923276798517421,0.03487271126549871,0.002389144577572864,13,False
flex_ev_smart_use,LNG Price,0.0,-0.001236119762589423,0.033636591502909284,0.03487271126549871,0.002389144577572864,13,False
flex_ev_smart_use,Electricity Trade Price,0.0,-0.0025078385926533414,0.032364872672845366,0.03487271126549871,0.002389144577572864,13,False
flex_ev_smart_use,Weather Conditions,0.0,-0.00010637618578920177,0.034766335079709505,0.03487271126549871,0.002389144577572864,13,False
flex_ev_smart_use,Electricity Trade Ratio,0.003182947938668551,0.003182947938668551,0.03805565920416726,0.03487271126549871,0.002389144577572864,13,False
flex_ev_smart_use,Electricity Trade Volume,0.0017051555083484327,0.0017051555083484327,0.03657786677384714,0.03487271126549871,0.002389144577572864,13,False
flex_ev_smart_use,WACC,0.0008933003190244246,0.0008933003190244246,0.03576601158452313,0.03487271126549871,0.002389144577572864,13,False
flex_ev_smart_use,Bunker Emission Reduction,0.0014168713025059926,0.0014168713025059926,0.0362895825680047,0.03487271126549871,0.002389144577572864,13,False
flex_ev_smart_use,End-of-Life Emission Reduction,0.0,-0.001039758000828124,0.03383295326467058,0.03487271126549871,0.002389144577572864,13,False
flex_use_per_generation,CO2 Cap,0.00527375200958087,0.00527375200958087,0.04800756720574529,0.04273381519616442,0.0023901217953622308,13,True
flex_use_per_generation,Buildings demand,0.004428533143228025,0.004428533143228025,0.047162348339392444,0.04273381519616442,0.0023901217953622308,13,False
flex_use_per_generation,Steel Production,0.0,-0.0030921674319232192,0.0396416477642412,0.04273381519616442,0.0023901217953622308,13,False
flex_use_per_generation,Chemical Production,0.04796603472195599,0.04796603472195599,0.09069984991812041,0.04273381519616442,0.0023901217953622308,13,True
flex_use_per_generation,Passenger Cars,0.02633021372728555,0.02633021372728555,0.06906402892344997,0.04273381519616442,0.0023901217953622308,13,True
flex_use_per_generation,Bunker aviation,0.0,-0.00045258984485088694,0.04228122535131353,0.04273381519616442,0.0023901217953622308,13,False
flex_use_per_generation,Bunker navigation,0.0017371898890455664,0.0017371898890455664,0.044471005085209986,0.04273381519616442,0.0023901217953622308,13,False
flex_use_per_generation,Agriculture neGHG CH4,0.00020427005462043263,0.00020427005462043263,0.04293808525078485,0.04273381519616442,0.0023901217953622308,13,False
flex_use_per_generation,Agriculture neGHG N2O,0.0,-0.0018499056126956778,0.04088390958346874,0.04273381519616442,0.0023901217953622308,13,False
flex_use_per_generation,Wind offshore Costs,0.015940042675067344,0.015940042675067344,0.05867385787123176,0.04273381519616442,0.0023901217953622308,13,True
flex_use_per_generation,Wind offshore Potential,0.004372198587035296,0.004372198587035296,0.047106013783199716,0.04273381519616442,0.0023901217953622308,13,False
flex_use_per_generation,Solar PV Costs,0.0,-0.00017718868150260608,0.04255662651466181,0.04273381519616442,0.0023901217953622308,13,False
flex_use_per_generation,Solar PV Potential,0.00144092815351312,0.00144092815351312,0.04417474334967754,0.04273381519616442,0.0023901217953622308,13,False
flex_use_per_generation,Nuclear Costs,0.012891188302228442,0.012891188302228442,0.05562500349839286,0.04273381519616442,0.0023901217953622308,13,True
flex_use_per_generation,Nuclear Potential,0.0,-0.0013879640459978151,0.041345851150166604,0.04273381519616442,0.0023901217953622308,13,False
flex_use_per_generation,Hydrogen Import Potential,0.0012909611421694153,0.0012909611421694153,0.044024776338333835,0.04273381519616442,0.0023901217953622308,13,False
flex_use_per_generation,Hydrogen Import Price,0.00389639254111554,0.00389639254111554,0.04663020773727996,0.04273381519616442,0.0023901217953622308,13,False
flex_use_per_generation,Biomass Import Potential,0.000222588753627663,0.000222588753627663,0.04295640394979208,0.04273381519616442,0.0023901217953622308,13,False
flex_use_per_generation,Biomass Import Price,0.009918891116399285,0.009918891116399285,0.052652706312563705,0.04273381519616442,0.0023901217953622308,13,True
flex_use_per_generation,Ammonia Import Potential,0.006567496547002838,0.006567496547002838,0.04930131174316726,0.04273381519616442,0.0023901217953622308,13,True
flex_use_per_generation,Ammonia Import Price,0.008476168974554096,0.008476168974554096,0.051209984170718516,0.04273381519616442,0.0023901217953622308,13,True
flex_use_per_generation,CCS potential,0.019549487759219275,0.019549487759219275,0.062283302955383694,0.04273381519616442,0.0023901217953622308,13,True
flex_use_per_generation,Flexibility Costs,0.0,-0.0016899516553872326,0.04104386354077719,0.04273381519616442,0.0023901217953622308,13,False
flex_use_per_generation,LNG Price,0.00036093339054771995,0.00036093339054771995,0.04309474858671214,0.04273381519616442,0.0023901217953622308,13,False
flex_use_per_generation,Electricity Trade Price,0.0046090297881961825,0.0046090297881961825,0.0473428449843606,0.04273381519616442,0.0023901217953622308,13,False
flex_use_per_generation,Weather Conditions,0.09643325706445893,0.09643325706445893,0.13916707226062336,0.04273381519616442,0.0023901217953622308,13,True
flex_use_per_generation,Electricity Trade Ratio,0.1798147777539445,0.1798147777539445,0.22254859295010893,0.04273381519616442,0.0023901217953622308,13,True
flex_use_per_generation,Electricity Trade Volume,0.057417370020348114,0.057417370020348114,0.10015118521651253,0.04273381519616442,0.0023901217953622308,13,True
flex_use_per_generation,WACC,0.0065330980845078115,0.0065330980845078115,0.04926691328067223,0.04273381519616442,0.0023901217953622308,13,True
flex_use_per_generation,Bunker Emission Reduction,0.0012919309786330532,0.0012919309786330532,0.04402574617479747,0.04273381519616442,0.0023901217953622308,13,False
flex_use_per_generation,End-of-Life Emission Reduction,0.016142134869994433,0.016142134869994433,0.05887595006615885,0.04273381519616442,0.0023901217953622308,13,True
flex_use_total,CO2 Cap,0.02051488526141787,0.02051488526141787,0.05763680942967519,0.03712192416825732,0.002408295069327645,13,True
flex_use_total,Buildings demand,0.12757851912379722,0.12757851912379722,0.16470044329205455,0.03712192416825732,0.002408295069327645,13,True
flex_use_total,Steel Production,2.2721134074102367e-05,2.2721134074102367e-05,0.03714464530233142,0.03712192416825732,0.002408295069327645,13,False
flex_use_total,Chemical Production,0.010181153464873131,0.010181153464873131,0.04730307763313045,0.03712192416825732,0.002408295069327645,13,True
flex_use_total,Passenger Cars,0.04821095396773129,0.04821095396773129,0.08533287813598861,0.03712192416825732,0.002408295069327645,13,True
flex_use_total,Bunker aviation,0.004369239252479076,0.004369239252479076,0.041491163420736395,0.03712192416825732,0.002408295069327645,13,False
flex_use_total,Bunker navigation,0.024878698496413394,0.024878698496413394,0.06200062266467071,0.03712192416825732,0.002408295069327645,13,True
flex_use_total,Agriculture neGHG CH4,0.0014503401844155397,0.0014503401844155397,0.03857226435267286,0.03712192416825732,0.002408295069327645,13,False
flex_use_total,Agriculture neGHG N2O,0.0,-0.001802066700507414,0.035319857467749904,0.03712192416825732,0.002408295069327645,13,False
flex_use_total,Wind offshore Costs,0.010817781973232327,0.010817781973232327,0.047939706141489645,0.03712192416825732,0.002408295069327645,13,True
flex_use_total,Wind offshore Potential,0.004058198706499684,0.004058198706499684,0.041180122874757,0.03712192416825732,0.002408295069327645,13,False
flex_use_total,Solar PV Costs,0.0,-0.0011607028068346265,0.03596122136142269,0.03712192416825732,0.002408295069327645,13,False
flex_use_total,Solar PV Potential,0.0,-0.003314895801840717,0.0338070283664166,0.03712192416825732,0.002408295069327645,13,False
flex_use_total,Nuclear Costs,0.001391356410719767,0.001391356410719767,0.038513280578977085,0.03712192416825732,0.002408295069327645,13,False
flex_use_total,Nuclear Potential,0.0,-0.005355583723851198,0.03176634044440612,0.03712192416825732,0.002408295069327645,13,False
flex_use_total,Hydrogen Import Potential,0.014401920542277895,0.014401920542277895,0.05152384471053521,0.03712192416825732,0.002408295069327645,13,True
flex_use_total,Hydrogen Import Price,0.023171985531628483,0.023171985531628483,0.0602939096998858,0.03712192416825732,0.002408295069327645,13,True
flex_use_total,Biomass Import Potential,0.02686531045350165,0.02686531045350165,0.06398723462175897,0.03712192416825732,0.002408295069327645,13,True
flex_use_total,Biomass Import Price,0.061310057239098374,0.061310057239098374,0.09843198140735569,0.03712192416825732,0.002408295069327645,13,True
flex_use_total,Ammonia Import Potential,0.061060297765415446,0.061060297765415446,0.09818222193367276,0.03712192416825732,0.002408295069327645,13,True
flex_use_total,Ammonia Import Price,0.05129551266549657,0.05129551266549657,0.08841743683375389,0.03712192416825732,0.002408295069327645,13,True
flex_use_total,CCS potential,0.06608583292184686,0.06608583292184686,0.10320775709010417,0.03712192416825732,0.002408295069327645,13,True
flex_use_total,Flexibility Costs,0.0016079422499662988,0.0016079422499662988,0.03872986641822362,0.03712192416825732,0.002408295069327645,13,False
flex_use_total,LNG Price,0.0055105158076183755,0.0055105158076183755,0.042632439975875694,0.03712192416825732,0.002408295069327645,13,True
flex_use_total,Electricity Trade Price,0.0006482592595515105,0.0006482592595515105,0.03777018342780883,0.03712192416825732,0.002408295069327645,13,False
flex_use_total,Weather Conditions,0.10095408742504808,0.10095408742504808,0.1380760115933054,0.03712192416825732,0.002408295069327645,13,True
flex_use_total,Electricity Trade Ratio,0.10942526821860613,0.10942526821860613,0.14654719238686345,0.03712192416825732,0.002408295069327645,13,True
flex_use_total,Electricity Trade Volume,0.00982093167491075,0.00982093167491075,0.04694285584316807,0.03712192416825732,0.002408295069327645,13,True
flex_use_total,WACC,0.07846291451175641,0.07846291451175641,0.11558483868001372,0.03712192416825732,0.002408295069327645,13,True
flex_use_total,Bunker Emission Reduction,0.006715525198996049,0.006715525198996049,0.04383744936725337,0.03712192416825732,0.002408295069327645,13,True
flex_use_total,End-of-Life Emission Reduction,0.015108002755834612,0.015108002755834612,0.05222992692409193,0.03712192416825732,0.002408295069327645,13,True
fossil_imports,CO2 Cap,0.058715896474323,0.058715896474323,0.09859064128997407,0.039874744815651064,0.002294488125090908,13,True
fossil_imports,Buildings demand,0.0,-0.0006121026641537214,0.03926264215149734,0.039874744815651064,0.002294488125090908,13,False
fossil_imports,Steel Production,0.0,-0.002432431753016523,0.03744231306263454,0.039874744815651064,0.002294488125090908,13,False
fossil_imports,Chemical Production,0.03879869695824659,0.03879869695824659,0.07867344177389765,0.039874744815651064,0.002294488125090908,13,True
fossil_imports,Passenger Cars,0.00016841946861397006,0.00016841946861397006,0.040043164284265034,0.039874744815651064,0.002294488125090908,13,False
fossil_imports,Bunker aviation,0.0008183902661348941,0.0008183902661348941,0.04069313508178596,0.039874744815651064,0.002294488125090908,13,False
fossil_imports,Bunker navigation,0.003416328116933161,0.003416328116933161,0.043291072932584225,0.039874744815651064,0.002294488125090908,13,False
fossil_imports,Agriculture neGHG CH4,0.018420417338768494,0.018420417338768494,0.05829516215441956,0.039874744815651064,0.002294488125090908,13,True
fossil_imports,Agriculture neGHG N2O,0.008679939130208321,0.008679939130208321,0.048554683945859385,0.039874744815651064,0.002294488125090908,13,True
fossil_imports,Wind offshore Costs,0.003474353405967648,0.003474353405967648,0.04334909822161871,0.039874744815651064,0.002294488125090908,13,False
fossil_imports,Wind offshore Potential,0.0,-0.005759529125945212,0.03411521568970585,0.039874744815651064,0.002294488125090908,13,False
fossil_imports,Solar PV Costs,0.0,-0.0017324309139770191,0.038142313901674045,0.039874744815651064,0.002294488125090908,13,False
fossil_imports,Solar PV Potential,0.0,-0.0008000134664923886,0.039074731349158676,0.039874744815651064,0.002294488125090908,13,False
fossil_imports,Nuclear Costs,0.0,-0.0018883800231246917,0.03798636479252637,0.039874744815651064,0.002294488125090908,13,False
fossil_imports,Nuclear Potential,0.0,-0.001207662878078157,0.03866708193757291,0.039874744815651064,0.002294488125090908,13,False
fossil_imports,Hydrogen Import Potential,0.0,-0.001486002103002905,0.03838874271264816,0.039874744815651064,0.002294488125090908,13,False
fossil_imports,Hydrogen Import Price,0.0,-0.003590722291121076,0.03628402252452999,0.039874744815651064,0.002294488125090908,13,False
fossil_imports,Biomass Import Potential,0.0030711033350835568,0.0030711033350835568,0.04294584815073462,0.039874744815651064,0.002294488125090908,13,False
fossil_imports,Biomass Import Price,0.0,-0.001330949690158137,0.03854379512549293,0.039874744815651064,0.002294488125090908,13,False
fossil_imports,Ammonia Import Potential,0.003256644548154053,0.003256644548154053,0.04313138936380512,0.039874744815651064,0.002294488125090908,13,False
fossil_imports,Ammonia Import Price,0.0,-0.0033796183459583323,0.03649512646969273,0.039874744815651064,0.002294488125090908,13,False
fossil_imports,CCS potential,0.3975978107090301,0.3975978107090301,0.4374725555246812,0.039874744815651064,0.002294488125090908,13,True
fossil_imports,Flexibility Costs,0.00015471233815729513,0.00015471233815729513,0.04002945715380836,0.039874744815651064,0.002294488125090908,13,False
fossil_imports,LNG Price,0.004856009324751484,0.004856009324751484,0.04473075414040255,0.039874744815651064,0.002294488125090908,13,True
fossil_imports,Electricity Trade Price,0.0,-0.0013536503528806046,0.03852109446277046,0.039874744815651064,0.002294488125090908,13,False
fossil_imports,Weather Conditions,0.0003991386844438491,0.0003991386844438491,0.04027388350009491,0.039874744815651064,0.002294488125090908,13,False
fossil_imports,Electricity Trade Ratio,0.0035099487276980743,0.0035099487276980743,0.04338469354334914,0.039874744815651064,0.002294488125090908,13,False
fossil_imports,Electricity Trade Volume,0.0,-0.004081450830354889,0.035793293985296175,0.039874744815651064,0.002294488125090908,13,False
fossil_imports,WACC,0.0,-0.0018432890946263741,0.03803145572102469,0.039874744815651064,0.002294488125090908,13,False
fossil_imports,Bunker Emission Reduction,0.023758095458658368,0.023758095458658368,0.06363284027430943,0.039874744815651064,0.002294488125090908,13,True
fossil_imports,End-of-Life Emission Reduction,0.049093572474432745,0.049093572474432745,0.08896831729008381,0.039874744815651064,0.002294488125090908,13,True
gas_import_share,CO2 Cap,0.056778600308344994,0.056778600308344994,0.09634773012125669,0.0395691298129117,0.0024915103645041354,13,True
gas_import_share,Buildings demand,0.01132470108994068,0.01132470108994068,0.05089383090285238,0.0395691298129117,0.0024915103645041354,13,True
gas_import_share,Steel Production,0.0035698660799411627,0.0035698660799411627,0.04313899589285286,0.0395691298129117,0.0024915103645041354,13,False
gas_import_share,Chemical Production,0.005682039608669462,0.005682039608669462,0.04525116942158116,0.0395691298129117,0.0024915103645041354,13,True
gas_import_share,Passenger Cars,0.0,-0.00030318221603715945,0.03926594759687454,0.0395691298129117,0.0024915103645041354,13,False
gas_import_share,Bunker aviation,0.001143770579163525,0.001143770579163525,0.04071290039207522,0.0395691298129117,0.0024915103645041354,13,False
gas_import_share,Bunker navigation,0.003158812153241243,0.003158812153241243,0.04272794196615294,0.0395691298129117,0.0024915103645041354,13,False
gas_import_share,Agriculture neGHG CH4,0.02614177079209453,0.02614177079209453,0.06571090060500623,0.0395691298129117,0.0024915103645041354,13,True
gas_import_share,Agriculture neGHG N2O,0.005684404443697853,0.005684404443697853,0.04525353425660955,0.0395691298129117,0.0024915103645041354,13,True
gas_import_share,Wind offshore Costs,0.0003271064060223969,0.0003271064060223969,0.039896236218934095,0.0395691298129117,0.0024915103645041354,13,False
gas_import_share,Wind offshore Potential,0.0,-0.003225972262961084,0.036343157549950614,0.0395691298129117,0.0024915103645041354,13,False
gas_import_share,Solar PV Costs,0.0005564808056237394,0.0005564808056237394,0.04012561061853544,0.0395691298129117,0.0024915103645041354,13,False
gas_import_share,Solar PV Potential,0.0,-0.003067770302080844,0.036501359510830854,0.0395691298129117,0.0024915103645041354,13,False
gas_import_share,Nuclear Costs,0.015898567102897096,0.015898567102897096,0.055467696915808794,0.0395691298129117,0.0024915103645041354,13,True
gas_import_share,Nuclear Potential,0.0,-0.005088356515136096,0.0344807732977756,0.0395691298129117,0.0024915103645041354,13,False
gas_import_share,Hydrogen Import Potential,0.0,-0.0009723032613435031,0.038596826551568195,0.0395691298129117,0.0024915103645041354,13,False
gas_import_share,Hydrogen Import Price,0.0023175408625223035,0.0023175408625223035,0.041886670675434,0.0395691298129117,0.0024915103645041354,13,False
gas_import_share,Biomass Import Potential,0.0008814852724084096,0.0008814852724084096,0.04045061508532011,0.0395691298129117,0.0024915103645041354,13,False
gas_import_share,Biomass Import Price,0.00335073026255122,0.00335073026255122,0.04291986007546292,0.0395691298129117,0.0024915103645041354,13,False
gas_import_share,Ammonia Import Potential,0.0029570276563088485,0.0029570276563088485,0.042526157469220546,0.0395691298129117,0.0024915103645041354,13,False
gas_import_share,Ammonia Import Price,0.0,-0.0013278066685488282,0.03824132314436287,0.0395691298129117,0.0024915103645041354,13,False
gas_import_share,CCS potential,0.37780651377274516,0.37780651377274516,0.4173756435856569,0.0395691298129117,0.0024915103645041354,13,True
gas_import_share,Flexibility Costs,0.0,-0.003339087192704031,0.03623004262020767,0.0395691298129117,0.0024915103645041354,13,False
gas_import_share,LNG Price,0.011174136117222705,0.011174136117222705,0.0507432659301344,0.0395691298129117,0.0024915103645041354,13,True
gas_import_share,Electricity Trade Price,0.0017386363669565155,0.0017386363669565155,0.04130776617986821,0.0395691298129117,0.0024915103645041354,13,False
gas_import_share,Weather Conditions,0.0016941123173336847,0.0016941123173336847,0.04126324213024538,0.0395691298129117,0.0024915103645041354,13,False
gas_import_share,Electricity Trade Ratio,0.03600976298964546,0.03600976298964546,0.07557889280255715,0.0395691298129117,0.0024915103645041354,13,True
gas_import_share,Electricity Trade Volume,0.0,-0.0017907597376667292,0.03777837007524497,0.0395691298129117,0.0024915103645041354,13,False
gas_import_share,WACC,0.0013766342148421248,0.0013766342148421248,0.04094576402775382,0.0395691298129117,0.0024915103645041354,13,False
gas_import_share,Bunker Emission Reduction,0.021042897326124896,0.021042897326124896,0.060612027139036594,0.0395691298129117,0.0024915103645041354,13,True
gas_import_share,End-of-Life Emission Reduction,0.04826786683190925,0.04826786683190925,0.08783699664482095,0.0395691298129117,0.0024915103645041354,13,True
grid_storage_capacity,CO2 Cap,0.0001226196382798229,0.0001226196382798229,0.0015549459836238855,0.0014323263453440626,9.147928091659312e-05,13,False
grid_storage_capacity,Buildings demand,0.0,-1.9610003231259427e-05,0.0014127163421128032,0.0014323263453440626,9.147928091659312e-05,13,False
grid_storage_capacity,Steel Production,0.0,-0.0001772771018051845,0.0012550492435388781,0.0014323263453440626,9.147928091659312e-05,13,False
grid_storage_capacity,Chemical Production,0.0,-3.858249171876955e-06,0.0014284680961721857,0.0014323263453440626,9.147928091659312e-05,13,False
grid_storage_capacity,Passenger Cars,3.085780444318288e-05,3.085780444318288e-05,0.0014631841497872455,0.0014323263453440626,9.147928091659312e-05,13,False
grid_storage_capacity,Bunker aviation,2.744344689108451e-05,2.744344689108451e-05,0.0014597697922351471,0.0014323263453440626,9.147928091659312e-05,13,False
grid_storage_capacity,Bunker navigation,0.0,-2.2071052569701223e-05,0.0014102552927743614,0.0014323263453440626,9.147928091659312e-05,13,False
grid_storage_capacity,Agriculture neGHG CH4,3.8380185978600326e-05,3.8380185978600326e-05,0.001470706531322663,0.0014323263453440626,9.147928091659312e-05,13,False
grid_storage_capacity,Agriculture neGHG N2O,0.0,-1.4135373809230503e-05,0.0014181909715348321,0.0014323263453440626,9.147928091659312e-05,13,False
grid_storage_capacity,Wind offshore Costs,5.868587331055511e-05,5.868587331055511e-05,0.0014910122186546177,0.0014323263453440626,9.147928091659312e-05,13,False
grid_storage_capacity,Wind offshore Potential,6.265070141784897e-05,6.265070141784897e-05,0.0014949770467619116,0.0014323263453440626,9.147928091659312e-05,13,False
grid_storage_capacity,Solar PV Costs,0.0,-1.8972589938128425e-05,0.0014133537554059342,0.0014323263453440626,9.147928091659312e-05,13,False
grid_storage_capacity,Solar PV Potential,0.0,-0.00010511014225448364,0.001327216203089579,0.0014323263453440626,9.147928091659312e-05,13,False
grid_storage_capacity,Nuclear Costs,0.0,-0.00012343493174817792,0.0013088914135958847,0.0014323263453440626,9.147928091659312e-05,13,False
grid_storage_capacity,Nuclear Potential,6.188931345646248e-05,6.188931345646248e-05,0.0014942156588005251,0.0014323263453440626,9.147928091659312e-05,13,False
grid_storage_capacity,Hydrogen Import Potential,4.7232524955626194e-05,4.7232524955626194e-05,0.0014795588702996888,0.0014323263453440626,9.147928091659312e-05,13,False
grid_storage_capacity,Hydrogen Import Price,0.0,-0.000125456747725094,0.0013068695976189686,0.0014323263453440626,9.147928091659312e-05,13,False
grid_storage_capacity,Biomass Import Potential,0.00013788360387616402,0.00013788360387616402,0.0015702099492202267,0.0014323263453440626,9.147928091659312e-05,13,False
grid_storage_capacity,Biomass Import Price,4.4724860061605594e-05,4.4724860061605594e-05,0.0014770512054056682,0.0014323263453440626,9.147928091659312e-05,13,False
grid_storage_capacity,Ammonia Import Potential,0.00021530292102395578,0.00021530292102395578,0.0016476292663680184,0.0014323263453440626,9.147928091659312e-05,13,True
grid_storage_capacity,Ammonia Import Price,0.0,-2.997947932202984e-05,0.0014023468660220328,0.0014323263453440626,9.147928091659312e-05,13,False
grid_storage_capacity,CCS potential,0.0002177073286412463,0.0002177073286412463,0.001650033673985309,0.0014323263453440626,9.147928091659312e-05,13,True
grid_storage_capacity,Flexibility Costs,0.0,-0.00010359190007642647,0.0013287344452676362,0.0014323263453440626,9.147928091659312e-05,13,False
grid_storage_capacity,LNG Price,0.0,-0.00011744922677945778,0.0013148771185646049,0.0014323263453440626,9.147928091659312e-05,13,False
grid_storage_capacity,Electricity Trade Price,0.0,-6.053761912771811e-06,0.0014262725834312908,0.0014323263453440626,9.147928091659312e-05,13,False
grid_storage_capacity,Weather Conditions,3.794701982533688e-05,3.794701982533688e-05,0.0014702733651693995,0.0014323263453440626,9.147928091659312e-05,13,False
grid_storage_capacity,Electricity Trade Ratio,0.00030524854907923254,0.00030524854907923254,0.0017375748944232952,0.0014323263453440626,9.147928091659312e-05,13,True
grid_storage_capacity,Electricity Trade Volume,0.00013127326955600068,0.00013127326955600068,0.0015635996149000633,0.0014323263453440626,9.147928091659312e-05,13,False
grid_storage_capacity,WACC,0.0,-0.00010820190510472992,0.0013241244402393327,0.0014323263453440626,9.147928091659312e-05,13,False
grid_storage_capacity,Bunker Emission Reduction,0.0,-2.1013063158842587e-05,0.00141131328218522,0.0014323263453440626,9.147928091659312e-05,13,False
grid_storage_capacity,End-of-Life Emission Reduction,6.514797648780467e-05,6.514797648780467e-05,0.0014974743218318673,0.0014323263453440626,9.147928091659312e-05,13,False
h2_imports,CO2 Cap,0.013577169447984441,0.013577169447984441,0.04883877436210202,0.03526160491411758,0.002083634709120201,13,True
h2_imports,Buildings demand,0.010699136297638114,0.010699136297638114,0.045960741211755696,0.03526160491411758,0.002083634709120201,13,True
h2_imports,Steel Production,0.0018863482376085677,0.0018863482376085677,0.03714795315172615,0.03526160491411758,0.002083634709120201,13,False
h2_imports,Chemical Production,0.0087999821138856,0.0087999821138856,0.04406158702800318,0.03526160491411758,0.002083634709120201,13,True
h2_imports,Passenger Cars,0.00020666400950028474,0.00020666400950028474,0.03546826892361787,0.03526160491411758,0.002083634709120201,13,False
h2_imports,Bunker aviation,0.004821360237332102,0.004821360237332102,0.040082965151449684,0.03526160491411758,0.002083634709120201,13,True
h2_imports,Bunker navigation,0.015642632273416647,0.015642632273416647,0.05090423718753423,0.03526160491411758,0.002083634709120201,13,True
h2_imports,Agriculture neGHG CH4,0.0027990221088977155,0.0027990221088977155,0.0380606270230153,0.03526160491411758,0.002083634709120201,13,False
h2_imports,Agriculture neGHG N2O,0.0,-0.0006875579121917025,0.03457404700192588,0.03526160491411758,0.002083634709120201,13,False
h2_imports,Wind offshore Costs,0.004550019254636557,0.004550019254636557,0.03981162416875414,0.03526160491411758,0.002083634709120201,13,True
h2_imports,Wind offshore Potential,0.0004262380481276293,0.0004262380481276293,0.03568784296224521,0.03526160491411758,0.002083634709120201,13,False
h2_imports,Solar PV Costs,0.0014934321118738186,0.0014934321118738186,0.0367550370259914,0.03526160491411758,0.002083634709120201,13,False
h2_imports,Solar PV Potential,0.002867138785214794,0.002867138785214794,0.038128743699332376,0.03526160491411758,0.002083634709120201,13,False
h2_imports,Nuclear Costs,0.0019300263273398788,0.0019300263273398788,0.03719163124145746,0.03526160491411758,0.002083634709120201,13,False
h2_imports,Nuclear Potential,0.0,-0.000277267938169401,0.03498433697594818,0.03526160491411758,0.002083634709120201,13,False
h2_imports,Hydrogen Import Potential,0.08252916670078347,0.08252916670078347,0.11779077161490105,0.03526160491411758,0.002083634709120201,13,True
h2_imports,Hydrogen Import Price,0.2775570162002843,0.2775570162002843,0.31281862111440184,0.03526160491411758,0.002083634709120201,13,True
h2_imports,Biomass Import Potential,0.009217141507715874,0.009217141507715874,0.04447874642183346,0.03526160491411758,0.002083634709120201,13,True
h2_imports,Biomass Import Price,0.014070266141760608,0.014070266141760608,0.04933187105587819,0.03526160491411758,0.002083634709120201,13,True
h2_imports,Ammonia Import Potential,0.03288273391515994,0.03288273391515994,0.06814433882927752,0.03526160491411758,0.002083634709120201,13,True
h2_imports,Ammonia Import Price,0.021200080770260137,0.021200080770260137,0.05646168568437772,0.03526160491411758,0.002083634709120201,13,True
h2_imports,CCS potential,0.04110284358154063,0.04110284358154063,0.07636444849565821,0.03526160491411758,0.002083634709120201,13,True
h2_imports,Flexibility Costs,0.0,-0.0003833370332011407,0.03487826788091644,0.03526160491411758,0.002083634709120201,13,False
h2_imports,LNG Price,0.0020181620474035225,0.0020181620474035225,0.037279766961521105,0.03526160491411758,0.002083634709120201,13,False
h2_imports,Electricity Trade Price,0.0012577392449533847,0.0012577392449533847,0.03651934415907097,0.03526160491411758,0.002083634709120201,13,False
h2_imports,Weather Conditions,0.008682129708937732,0.008682129708937732,0.043943734623055314,0.03526160491411758,0.002083634709120201,13,True
h2_imports,Electricity Trade Ratio,0.019556023717886853,0.019556023717886853,0.054817628632004435,0.03526160491411758,0.002083634709120201,13,True
h2_imports,Electricity Trade Volume,0.014910677284154218,0.014910677284154218,0.0501722821982718,0.03526160491411758,0.002083634709120201,13,True
h2_imports,WACC,0.015322589213003522,0.015322589213003522,0.050584194127121104,0.03526160491411758,0.002083634709120201,13,True
h2_imports,Bunker Emission Reduction,0.01222610564112133,0.01222610564112133,0.04748771055523891,0.03526160491411758,0.002083634709120201,13,True
h2_imports,End-of-Life Emission Reduction,0.02049724145391841,0.02049724145391841,0.05575884636803599,0.03526160491411758,0.002083634709120201,13,True
hydrogen_production,CO2 Cap,0.011112905710555065,0.011112905710555065,0.04436182704858957,0.033248921338034504,0.0025664261625907873,13,True
hydrogen_production,Buildings demand,0.0028707117113223046,0.0028707117113223046,0.03611963304935681,0.033248921338034504,0.0025664261625907873,13,False
hydrogen_production,Steel Production,0.0,-0.004117138313925704,0.0291317830241088,0.033248921338034504,0.0025664261625907873,13,False
hydrogen_production,Chemical Production,0.013081039606052017,0.013081039606052017,0.04632996094408652,0.033248921338034504,0.0025664261625907873,13,True
hydrogen_production,Passenger Cars,0.0,-0.0031815480849382814,0.030067373253096222,0.033248921338034504,0.0025664261625907873,13,False
hydrogen_production,Bunker aviation,0.018378154530649712,0.018378154530649712,0.051627075868684216,0.033248921338034504,0.0025664261625907873,13,True
hydrogen_production,Bunker navigation,0.016076687503169144,0.016076687503169144,0.04932560884120365,0.033248921338034504,0.0025664261625907873,13,True
hydrogen_production,Agriculture neGHG CH4,0.0,-0.0008096112293857344,0.03243931010864877,0.033248921338034504,0.0025664261625907873,13,False
hydrogen_production,Agriculture neGHG N2O,0.0006557178117169646,0.0006557178117169646,0.03390463914975147,0.033248921338034504,0.0025664261625907873,13,False
hydrogen_production,Wind offshore Costs,0.0040022650484461825,0.0040022650484461825,0.037251186386480686,0.033248921338034504,0.0025664261625907873,13,False
hydrogen_production,Wind offshore Potential,0.0030015040371564675,0.0030015040371564675,0.03625042537519097,0.033248921338034504,0.0025664261625907873,13,False
hydrogen_production,Solar PV Costs,0.0,-0.001300729486355727,0.03194819185167878,0.033248921338034504,0.0025664261625907873,13,False
hydrogen_production,Solar PV Potential,0.0038800424280701837,0.0038800424280701837,0.03712896376610469,0.033248921338034504,0.0025664261625907873,13,False
hydrogen_production,Nuclear Costs,0.0023306579679317485,0.0023306579679317485,0.03557957930596625,0.033248921338034504,0.0025664261625907873,13,False
hydrogen_production,Nuclear Potential,0.0003937910775696704,0.0003937910775696704,0.033642712415604174,0.033248921338034504,0.0025664261625907873,13,False
hydrogen_production,Hydrogen Import Potential,0.042161789503319516,0.042161789503319516,0.07541071084135402,0.033248921338034504,0.0025664261625907873,13,True
hydrogen_production,Hydrogen Import Price,0.23196793416867342,0.23196793416867342,0.2652168555067079,0.033248921338034504,0.0025664261625907873,13,True
hydrogen_production,Biomass Import Potential,0.07918015287995614,0.07918015287995614,0.11242907421799064,0.033248921338034504,0.0025664261625907873,13,True
hydrogen_production,Biomass Import Price,0.0945053791025082,0.0945053791025082,0.1277543004405427,0.033248921338034504,0.0025664261625907873,13,True
hydrogen_production,Ammonia Import Potential,0.024076929662903618,0.024076929662903618,0.05732585100093812,0.033248921338034504,0.0025664261625907873,13,True
hydrogen_production,Ammonia Import Price,0.017479903565976167,0.017479903565976167,0.05072882490401067,0.033248921338034504,0.0025664261625907873,13,True
hydrogen_production,CCS potential,0.02452589067792814,0.02452589067792814,0.05777481201596264,0.033248921338034504,0.0025664261625907873,13,True
hydrogen_production,Flexibility Costs,0.0,-0.0012660654257387258,0.03198285591229578,0.033248921338034504,0.0025664261625907873,13,False
hydrogen_production,LNG Price,0.0029991227640040335,0.0029991227640040335,0.03624804410203854,0.033248921338034504,0.0025664261625907873,13,False
hydrogen_production,Electricity Trade Price,0.0035617952927414626,0.0035617952927414626,0.036810716630775966,0.033248921338034504,0.0025664261625907873,13,False
hydrogen_production,Weather Conditions,0.0060887279724536544,0.0060887279724536544,0.03933764931048816,0.033248921338034504,0.0025664261625907873,13,True
hydrogen_production,Electricity Trade Ratio,0.017798272702359785,0.017798272702359785,0.05104719404039429,0.033248921338034504,0.0025664261625907873,13,True
hydrogen_production,Electricity Trade Volume,0.012093090372349138,0.012093090372349138,0.04534201171038364,0.033248921338034504,0.0025664261625907873,13,True
hydrogen_production,WACC,0.010718794999295386,0.010718794999295386,0.04396771633732989,0.033248921338034504,0.0025664261625907873,13,True
hydrogen_production,Bunker Emission Reduction,0.028101780417931217,0.028101780417931217,0.06135070175596572,0.033248921338034504,0.0025664261625907873,13,True
hydrogen_production,End-of-Life Emission Reduction,0.09896730526689368,0.09896730526689368,0.13221622660492818,0.033248921338034504,0.0025664261625907873,13,True
import_concentration_hhi,CO2 Cap,0.037699040362815274,0.037699040362815274,0.07744671665763041,0.03974767629481513,0.002446125882825026,13,True
import_concentration_hhi,Buildings demand,0.003495855840239162,0.003495855840239162,0.043243532135054295,0.03974767629481513,0.002446125882825026,13,False
import_concentration_hhi,Steel Production,0.0036481449043381797,0.0036481449043381797,0.04339582119915331,0.03974767629481513,0.002446125882825026,13,False
import_concentration_hhi,Chemical Production,0.00626879394047989,0.00626879394047989,0.04601647023529502,0.03974767629481513,0.002446125882825026,13,True
import_concentration_hhi,Passenger Cars,0.0022467133380223783,0.0022467133380223783,0.04199438963283751,0.03974767629481513,0.002446125882825026,13,False
import_concentration_hhi,Bunker aviation,0.0012758496873479033,0.0012758496873479033,0.04102352598216304,0.03974767629481513,0.002446125882825026,13,False
import_concentration_hhi,Bunker navigation,0.020378904137290973,0.020378904137290973,0.06012658043210611,0.03974767629481513,0.002446125882825026,13,True
import_concentration_hhi,Agriculture neGHG CH4,0.010473552014233896,0.010473552014233896,0.05022122830904903,0.03974767629481513,0.002446125882825026,13,True
import_concentration_hhi,Agriculture neGHG N2O,0.0024974188376628847,0.0024974188376628847,0.04224509513247802,0.03974767629481513,0.002446125882825026,13,False
import_concentration_hhi,Wind offshore Costs,0.014903393321881515,0.014903393321881515,0.05465106961669665,0.03974767629481513,0.002446125882825026,13,True
import_concentration_hhi,Wind offshore Potential,0.001994068551206374,0.001994068551206374,0.04174174484602151,0.03974767629481513,0.002446125882825026,13,False
import_concentration_hhi,Solar PV Costs,0.0036131353684090983,0.0036131353684090983,0.04336081166322423,0.03974767629481513,0.002446125882825026,13,False
import_concentration_hhi,Solar PV Potential,0.0,-0.0010712908304698135,0.03867638546434532,0.03974767629481513,0.002446125882825026,13,False
import_concentration_hhi,Nuclear Costs,0.1678610085519231,0.1678610085519231,0.20760868484673822,0.03974767629481513,0.002446125882825026,13,True
import_concentration_hhi,Nuclear Potential,0.022213100437556595,0.022213100437556595,0.06196077673237173,0.03974767629481513,0.002446125882825026,13,True
import_concentration_hhi,Hydrogen Import Potential,0.0,-0.00011212835948456318,0.03963554793533057,0.03974767629481513,0.002446125882825026,13,False
import_concentration_hhi,Hydrogen Import Price,0.010623356920356458,0.010623356920356458,0.05037103321517159,0.03974767629481513,0.002446125882825026,13,True
import_concentration_hhi,Biomass Import Potential,0.03155449687964739,0.03155449687964739,0.07130217317446252,0.03974767629481513,0.002446125882825026,13,True
import_concentration_hhi,Biomass Import Price,0.0339373639005044,0.0339373639005044,0.07368504019531953,0.03974767629481513,0.002446125882825026,13,True
import_concentration_hhi,Ammonia Import Potential,0.03183770382768931,0.03183770382768931,0.07158538012250444,0.03974767629481513,0.002446125882825026,13,True
import_concentration_hhi,Ammonia Import Price,0.023608165205363525,0.023608165205363525,0.06335584150017866,0.03974767629481513,0.002446125882825026,13,True
import_concentration_hhi,CCS potential,0.1869099219856865,0.1869099219856865,0.22665759828050164,0.03974767629481513,0.002446125882825026,13,True
import_concentration_hhi,Flexibility Costs,0.0,-0.0017467129588441266,0.03800096333597101,0.03974767629481513,0.002446125882825026,13,False
import_concentration_hhi,LNG Price,0.0002044533259021597,0.0002044533259021597,0.03995212962071729,0.03974767629481513,0.002446125882825026,13,False
import_concentration_hhi,Electricity Trade Price,0.0031044941880190996,0.0031044941880190996,0.04285217048283423,0.03974767629481513,0.002446125882825026,13,False
import_concentration_hhi,Weather Conditions,0.030575167170885507,0.030575167170885507,0.07032284346570064,0.03974767629481513,0.002446125882825026,13,True
import_concentration_hhi,Electricity Trade Ratio,0.018573959815662712,0.018573959815662712,0.058321636110477845,0.03974767629481513,0.002446125882825026,13,True
import_concentration_hhi,Electricity Trade Volume,0.007790992158321491,0.007790992158321491,0.047538668453136625,0.03974767629481513,0.002446125882825026,13,True
import_concentration_hhi,WACC,0.023331358437044168,0.023331358437044168,0.0630790347318593,0.03974767629481513,0.002446125882825026,13,True
import_concentration_hhi,Bunker Emission Reduction,0.03805086329959686,0.03805086329959686,0.07779853959441199,0.03974767629481513,0.002446125882825026,13,True
import_concentration_hhi,End-of-Life Emission Reduction,0.036307002189566596,0.036307002189566596,0.07605467848438173,0.03974767629481513,0.002446125882825026,13,True
import_dependency,CO2 Cap,0.0032359723524888057,0.0032359723524888057,0.04301799793221265,0.039782025579723844,0.0022485031465079245,13,False
import_dependency,Buildings demand,0.015975333240871296,0.015975333240871296,0.05575735882059514,0.039782025579723844,0.0022485031465079245,13,True
import_dependency,Steel Production,0.00316409999637441,0.00316409999637441,0.042946125576098254,0.039782025579723844,0.0022485031465079245,13,False
import_dependency,Chemical Production,0.007759690792276862,0.007759690792276862,0.047541716372000706,0.039782025579723844,0.0022485031465079245,13,True
import_dependency,Passenger Cars,0.001554433381908256,0.001554433381908256,0.0413364589616321,0.039782025579723844,0.0022485031465079245,13,False
import_dependency,Bunker aviation,0.00059605242148323,0.00059605242148323,0.040378078001207074,0.039782025579723844,0.0022485031465079245,13,False
import_dependency,Bunker navigation,0.00467421418348507,0.00467421418348507,0.044456239763208914,0.039782025579723844,0.0022485031465079245,13,True
import_dependency,Agriculture neGHG CH4,0.001957563359725349,0.001957563359725349,0.04173958893944919,0.039782025579723844,0.0022485031465079245,13,False
import_dependency,Agriculture neGHG N2O,0.0010358632009458066,0.0010358632009458066,0.04081788878066965,0.039782025579723844,0.0022485031465079245,13,False
import_dependency,Wind offshore Costs,0.03235738779928334,0.03235738779928334,0.07213941337900719,0.039782025579723844,0.0022485031465079245,13,True
import_dependency,Wind offshore Potential,0.014905374104554489,0.014905374104554489,0.05468739968427833,0.039782025579723844,0.0022485031465079245,13,True
import_dependency,Solar PV Costs,0.005618260194057194,0.005618260194057194,0.04540028577378104,0.039782025579723844,0.0022485031465079245,13,True
import_dependency,Solar PV Potential,0.0033416777005353115,0.0033416777005353115,0.043123703280259156,0.039782025579723844,0.0022485031465079245,13,False
import_dependency,Nuclear Costs,0.0775011423336176,0.0775011423336176,0.11728316791334145,0.039782025579723844,0.0022485031465079245,13,True
import_dependency,Nuclear Potential,0.008651027936901194,0.008651027936901194,0.04843305351662504,0.039782025579723844,0.0022485031465079245,13,True
import_dependency,Hydrogen Import Potential,0.0,-0.001847762480502911,0.03793426309922093,0.039782025579723844,0.0022485031465079245,13,False
import_dependency,Hydrogen Import Price,0.011691538872600382,0.011691538872600382,0.051473564452324226,0.039782025579723844,0.0022485031465079245,13,True
import_dependency,Biomass Import Potential,0.026849353371943017,0.026849353371943017,0.06663137895166686,0.039782025579723844,0.0022485031465079245,13,True
import_dependency,Biomass Import Price,0.06000569770184062,0.06000569770184062,0.09978772328156446,0.039782025579723844,0.0022485031465079245,13,True
import_dependency,Ammonia Import Potential,0.013490694115548915,0.013490694115548915,0.05327271969527276,0.039782025579723844,0.0022485031465079245,13,True
import_dependency,Ammonia Import Price,0.009284024496077375,0.009284024496077375,0.04906605007580122,0.039782025579723844,0.0022485031465079245,13,True
import_dependency,CCS potential,0.04219704191467075,0.04219704191467075,0.0819790674943946,0.039782025579723844,0.0022485031465079245,13,True
import_dependency,Flexibility Costs,0.003955282005115718,0.003955282005115718,0.04373730758483956,0.039782025579723844,0.0022485031465079245,13,False
import_dependency,LNG Price,0.0,-0.0032506485550373027,0.03653137702468654,0.039782025579723844,0.0022485031465079245,13,False
import_dependency,Electricity Trade Price,0.00509621519514674,0.00509621519514674,0.044878240774870584,0.039782025579723844,0.0022485031465079245,13,True
import_dependency,Weather Conditions,0.06174009794288241,0.06174009794288241,0.10152212352260626,0.039782025579723844,0.0022485031465079245,13,True
import_dependency,Electricity Trade Ratio,0.12615439804408315,0.12615439804408315,0.165936423623807,0.039782025579723844,0.0022485031465079245,13,True
import_dependency,Electricity Trade Volume,0.1393718188030387,0.1393718188030387,0.17915384438276255,0.039782025579723844,0.0022485031465079245,13,True
import_dependency,WACC,0.019377574904102246,0.019377574904102246,0.05915960048382609,0.039782025579723844,0.0022485031465079245,13,True
import_dependency,Bunker Emission Reduction,0.0014972672237225787,0.0014972672237225787,0.04127929280344642,0.039782025579723844,0.0022485031465079245,13,False
import_dependency,End-of-Life Emission Reduction,0.003704229296719333,0.003704229296719333,0.04348625487644318,0.039782025579723844,0.0022485031465079245,13,False
methanol_production,CO2 Cap,0.0032009009504273614,0.0032009009504273614,0.03848543593963047,0.03528453498920311,0.0024346579214437006,13,False
methanol_production,Buildings demand,0.0036334790307664053,0.0036334790307664053,0.03891801401996951,0.03528453498920311,0.0024346579214437006,13,False
methanol_production,Steel Production,0.0,-0.0025710722969137026,0.032713462692289405,0.03528453498920311,0.0024346579214437006,13,False
methanol_production,Chemical Production,0.17188871304621453,0.17188871304621453,0.20717324803541765,0.03528453498920311,0.0024346579214437006,13,True
methanol_production,Passenger Cars,0.003539640742464982,0.003539640742464982,0.03882417573166809,0.03528453498920311,0.0024346579214437006,13,False
methanol_production,Bunker aviation,0.008089682176106686,0.008089682176106686,0.04337421716530979,0.03528453498920311,0.0024346579214437006,13,True
methanol_production,Bunker navigation,0.004559423264576021,0.004559423264576021,0.03984395825377913,0.03528453498920311,0.0024346579214437006,13,False
methanol_production,Agriculture neGHG CH4,0.0,-3.565357626048732e-05,0.03524888141294262,0.03528453498920311,0.0024346579214437006,13,False
methanol_production,Agriculture neGHG N2O,0.0,-0.002269907851636735,0.03301462713756637,0.03528453498920311,0.0024346579214437006,13,False
methanol_production,Wind offshore Costs,0.0035205623757388962,0.0035205623757388962,0.038805097364942004,0.03528453498920311,0.0024346579214437006,13,False
methanol_production,Wind offshore Potential,0.0006213179770567165,0.0006213179770567165,0.035905852966259824,0.03528453498920311,0.0024346579214437006,13,False
methanol_production,Solar PV Costs,0.0,-0.002892962996249235,0.03239157199295387,0.03528453498920311,0.0024346579214437006,13,False
methanol_production,Solar PV Potential,0.0012647156332083742,0.0012647156332083742,0.03654925062241148,0.03528453498920311,0.0024346579214437006,13,False
methanol_production,Nuclear Costs,0.0035633276501969707,0.0035633276501969707,0.03884786263940008,0.03528453498920311,0.0024346579214437006,13,False
methanol_production,Nuclear Potential,0.0028719804530421694,0.0028719804530421694,0.03815651544224528,0.03528453498920311,0.0024346579214437006,13,False
methanol_production,Hydrogen Import Potential,0.009451218698930605,0.009451218698930605,0.04473575368813371,0.03528453498920311,0.0024346579214437006,13,True
methanol_production,Hydrogen Import Price,0.021791465560654623,0.021791465560654623,0.05707600054985773,0.03528453498920311,0.0024346579214437006,13,True
methanol_production,Biomass Import Potential,0.017162857210432182,0.017162857210432182,0.05244739219963529,0.03528453498920311,0.0024346579214437006,13,True
methanol_production,Biomass Import Price,0.05443047662926818,0.05443047662926818,0.08971501161847129,0.03528453498920311,0.0024346579214437006,13,True
methanol_production,Ammonia Import Potential,0.012415474773835977,0.012415474773835977,0.047700009763039085,0.03528453498920311,0.0024346579214437006,13,True
methanol_production,Ammonia Import Price,0.006275791132474708,0.006275791132474708,0.041560326121677815,0.03528453498920311,0.0024346579214437006,13,True
methanol_production,CCS potential,0.010695406503712951,0.010695406503712951,0.04597994149291606,0.03528453498920311,0.0024346579214437006,13,True
methanol_production,Flexibility Costs,0.0,-0.001593816281289788,0.03369071870791332,0.03528453498920311,0.0024346579214437006,13,False
methanol_production,LNG Price,0.0011284765127795235,0.0011284765127795235,0.03641301150198263,0.03528453498920311,0.0024346579214437006,13,False
methanol_production,Electricity Trade Price,0.0030470792911127115,0.0030470792911127115,0.03833161428031582,0.03528453498920311,0.0024346579214437006,13,False
methanol_production,Weather Conditions,0.007584079028674709,0.007584079028674709,0.04286861401787782,0.03528453498920311,0.0024346579214437006,13,True
methanol_production,Electricity Trade Ratio,0.005479725991434828,0.005479725991434828,0.040764260980637936,0.03528453498920311,0.0024346579214437006,13,True
methanol_production,Electricity Trade Volume,0.004797998653488303,0.004797998653488303,0.04008253364269141,0.03528453498920311,0.0024346579214437006,13,False
methanol_production,WACC,0.007942037506057077,0.007942037506057077,0.043226572495260185,0.03528453498920311,0.0024346579214437006,13,True
methanol_production,Bunker Emission Reduction,0.031674328946024365,0.031674328946024365,0.06695886393522747,0.03528453498920311,0.0024346579214437006,13,True
methanol_production,End-of-Life Emission Reduction,0.3284727158186149,0.3284727158186149,0.363757250807818,0.03528453498920311,0.0024346579214437006,13,True
net_elec_imports,CO2 Cap,0.0,-0.0003496403625936756,0.037381130100171286,0.03773077046276496,0.002220246977478255,13,False
net_elec_imports,Buildings demand,0.0027697677020618316,0.0027697677020618316,0.040500538164826794,0.03773077046276496,0.002220246977478255,13,False
net_elec_imports,Steel Production,0.0,-0.002978824840832804,0.03475194562193216,0.03773077046276496,0.002220246977478255,13,False
net_elec_imports,Chemical Production,0.0017174018542033334,0.0017174018542033334,0.039448172316968295,0.03773077046276496,0.002220246977478255,13,False
net_elec_imports,Passenger Cars,0.002062140357118103,0.002062140357118103,0.039792910819883065,0.03773077046276496,0.002220246977478255,13,False
net_elec_imports,Bunker aviation,0.0,-0.003107859146451064,0.0346229113163139,0.03773077046276496,0.002220246977478255,13,False
net_elec_imports,Bunker navigation,3.3391053728501485e-05,3.3391053728501485e-05,0.037764161516493464,0.03773077046276496,0.002220246977478255,13,False
net_elec_imports,Agriculture neGHG CH4,0.0,-0.002183741282272937,0.035547029180492025,0.03773077046276496,0.002220246977478255,13,False
net_elec_imports,Agriculture neGHG N2O,0.0009909283189043563,0.0009909283189043563,0.03872169878166932,0.03773077046276496,0.002220246977478255,13,False
net_elec_imports,Wind offshore Costs,0.002770202182494172,0.002770202182494172,0.040500972645259134,0.03773077046276496,0.002220246977478255,13,False
net_elec_imports,Wind offshore Potential,0.004320315654489898,0.004320315654489898,0.04205108611725486,0.03773077046276496,0.002220246977478255,13,False
net_elec_imports,Solar PV Costs,0.0,-0.000529407966344507,0.037201362496420455,0.03773077046276496,0.002220246977478255,13,False
net_elec_imports,Solar PV Potential,0.002196678089642197,0.002196678089642197,0.03992744855240716,0.03773077046276496,0.002220246977478255,13,False
net_elec_imports,Nuclear Costs,0.0014930668053833446,0.0014930668053833446,0.03922383726814831,0.03773077046276496,0.002220246977478255,13,False
net_elec_imports,Nuclear Potential,0.0,-0.0018986906507479154,0.03583207981201705,0.03773077046276496,0.002220246977478255,13,False
net_elec_imports,Hydrogen Import Potential,0.0,-0.001701385537391159,0.0360293849253738,0.03773077046276496,0.002220246977478255,13,False
net_elec_imports,Hydrogen Import Price,0.002753422617272551,0.002753422617272551,0.04048419308003751,0.03773077046276496,0.002220246977478255,13,False
net_elec_imports,Biomass Import Potential,0.0,-0.0002484787941740771,0.037482291668590885,0.03773077046276496,0.002220246977478255,13,False
net_elec_imports,Biomass Import Price,0.009522259489364776,0.009522259489364776,0.04725302995212974,0.03773077046276496,0.002220246977478255,13,True
net_elec_imports,Ammonia Import Potential,0.0016323368681661898,0.0016323368681661898,0.03936310733093115,0.03773077046276496,0.002220246977478255,13,False
net_elec_imports,Ammonia Import Price,0.0023145145920919485,0.0023145145920919485,0.04004528505485691,0.03773077046276496,0.002220246977478255,13,False
net_elec_imports,CCS potential,0.006348947293540047,0.006348947293540047,0.04407971775630501,0.03773077046276496,0.002220246977478255,13,True
net_elec_imports,Flexibility Costs,0.0,-0.000456029560966853,0.03727474090179811,0.03773077046276496,0.002220246977478255,13,False
net_elec_imports,LNG Price,0.0,-0.003200832821005431,0.03452993764175953,0.03773077046276496,0.002220246977478255,13,False
net_elec_imports,Electricity Trade Price,0.039307720198124785,0.039307720198124785,0.07703849066088975,0.03773077046276496,0.002220246977478255,13,True
net_elec_imports,Weather Conditions,0.047698522595150575,0.047698522595150575,0.08542929305791554,0.03773077046276496,0.002220246977478255,13,True
net_elec_imports,Electricity Trade Ratio,0.46626540806221417,0.46626540806221417,0.5039961785249791,0.03773077046276496,0.002220246977478255,13,True
net_elec_imports,Electricity Trade Volume,0.324411477478152,0.324411477478152,0.362142247940917,0.03773077046276496,0.002220246977478255,13,True
net_elec_imports,WACC,0.006136429138425388,0.006136429138425388,0.04386719960119035,0.03773077046276496,0.002220246977478255,13,True
net_elec_imports,Bunker Emission Reduction,0.0011361639203652171,0.0011361639203652171,0.03886693438313018,0.03773077046276496,0.002220246977478255,13,False
net_elec_imports,End-of-Life Emission Reduction,0.0,-0.002999106067050762,0.0347316643957142,0.03773077046276496,0.002220246977478255,13,False
net_h2_imports,CO2 Cap,0.013577169447984441,0.013577169447984441,0.04883877436210202,0.03526160491411758,0.002083634709120201,13,True
net_h2_imports,Buildings demand,0.010699136297638114,0.010699136297638114,0.045960741211755696,0.03526160491411758,0.002083634709120201,13,True
net_h2_imports,Steel Production,0.0018863482376085677,0.0018863482376085677,0.03714795315172615,0.03526160491411758,0.002083634709120201,13,False
net_h2_imports,Chemical Production,0.0087999821138856,0.0087999821138856,0.04406158702800318,0.03526160491411758,0.002083634709120201,13,True
net_h2_imports,Passenger Cars,0.00020666400950028474,0.00020666400950028474,0.03546826892361787,0.03526160491411758,0.002083634709120201,13,False
net_h2_imports,Bunker aviation,0.004821360237332102,0.004821360237332102,0.040082965151449684,0.03526160491411758,0.002083634709120201,13,True
net_h2_imports,Bunker navigation,0.015642632273416647,0.015642632273416647,0.05090423718753423,0.03526160491411758,0.002083634709120201,13,True
net_h2_imports,Agriculture neGHG CH4,0.0027990221088977155,0.0027990221088977155,0.0380606270230153,0.03526160491411758,0.002083634709120201,13,False
net_h2_imports,Agriculture neGHG N2O,0.0,-0.0006875579121917025,0.03457404700192588,0.03526160491411758,0.002083634709120201,13,False
net_h2_imports,Wind offshore Costs,0.004550019254636557,0.004550019254636557,0.03981162416875414,0.03526160491411758,0.002083634709120201,13,True
net_h2_imports,Wind offshore Potential,0.0004262380481276293,0.0004262380481276293,0.03568784296224521,0.03526160491411758,0.002083634709120201,13,False
net_h2_imports,Solar PV Costs,0.0014934321118738186,0.0014934321118738186,0.0367550370259914,0.03526160491411758,0.002083634709120201,13,False
net_h2_imports,Solar PV Potential,0.002867138785214794,0.002867138785214794,0.038128743699332376,0.03526160491411758,0.002083634709120201,13,False
net_h2_imports,Nuclear Costs,0.0019300263273398788,0.0019300263273398788,0.03719163124145746,0.03526160491411758,0.002083634709120201,13,False
net_h2_imports,Nuclear Potential,0.0,-0.000277267938169401,0.03498433697594818,0.03526160491411758,0.002083634709120201,13,False
net_h2_imports,Hydrogen Import Potential,0.08252916670078347,0.08252916670078347,0.11779077161490105,0.03526160491411758,0.002083634709120201,13,True
net_h2_imports,Hydrogen Import Price,0.2775570162002843,0.2775570162002843,0.31281862111440184,0.03526160491411758,0.002083634709120201,13,True
net_h2_imports,Biomass Import Potential,0.009217141507715874,0.009217141507715874,0.04447874642183346,0.03526160491411758,0.002083634709120201,13,True
net_h2_imports,Biomass Import Price,0.014070266141760608,0.014070266141760608,0.04933187105587819,0.03526160491411758,0.002083634709120201,13,True
net_h2_imports,Ammonia Import Potential,0.03288273391515994,0.03288273391515994,0.06814433882927752,0.03526160491411758,0.002083634709120201,13,True
net_h2_imports,Ammonia Import Price,0.021200080770260137,0.021200080770260137,0.05646168568437772,0.03526160491411758,0.002083634709120201,13,True
net_h2_imports,CCS potential,0.04110284358154063,0.04110284358154063,0.07636444849565821,0.03526160491411758,0.002083634709120201,13,True
net_h2_imports,Flexibility Costs,0.0,-0.0003833370332011407,0.03487826788091644,0.03526160491411758,0.002083634709120201,13,False
net_h2_imports,LNG Price,0.0020181620474035225,0.0020181620474035225,0.037279766961521105,0.03526160491411758,0.002083634709120201,13,False
net_h2_imports,Electricity Trade Price,0.0012577392449533847,0.0012577392449533847,0.03651934415907097,0.03526160491411758,0.002083634709120201,13,False
net_h2_imports,Weather Conditions,0.008682129708937732,0.008682129708937732,0.043943734623055314,0.03526160491411758,0.002083634709120201,13,True
net_h2_imports,Electricity Trade Ratio,0.019556023717886853,0.019556023717886853,0.054817628632004435,0.03526160491411758,0.002083634709120201,13,True
net_h2_imports,Electricity Trade Volume,0.014910677284154218,0.014910677284154218,0.0501722821982718,0.03526160491411758,0.002083634709120201,13,True
net_h2_imports,WACC,0.015322589213003522,0.015322589213003522,0.050584194127121104,0.03526160491411758,0.002083634709120201,13,True
net_h2_imports,Bunker Emission Reduction,0.01222610564112133,0.01222610564112133,0.04748771055523891,0.03526160491411758,0.002083634709120201,13,True
net_h2_imports,End-of-Life Emission Reduction,0.02049724145391841,0.02049724145391841,0.05575884636803599,0.03526160491411758,0.002083634709120201,13,True
nuclear_capacity,CO2 Cap,0.013275119853139193,0.013275119853139193,0.03725850288049817,0.02398338302735898,0.002060303279668073,13,True
nuclear_capacity,Buildings demand,0.0009290495281812187,0.0009290495281812187,0.0249124325555402,0.02398338302735898,0.002060303279668073,13,False
nuclear_capacity,Steel Production,0.004905594554228839,0.004905594554228839,0.02888897758158782,0.02398338302735898,0.002060303279668073,13,True
nuclear_capacity,Chemical Production,0.011486497516935437,0.011486497516935437,0.03546988054429442,0.02398338302735898,0.002060303279668073,13,True
nuclear_capacity,Passenger Cars,0.000995833006537064,0.000995833006537064,0.024979216033896044,0.02398338302735898,0.002060303279668073,13,False
nuclear_capacity,Bunker aviation,0.004323330770935923,0.004323330770935923,0.028306713798294903,0.02398338302735898,0.002060303279668073,13,True
nuclear_capacity,Bunker navigation,0.012943768395341386,0.012943768395341386,0.036927151422700366,0.02398338302735898,0.002060303279668073,13,True
nuclear_capacity,Agriculture neGHG CH4,0.004890602015242832,0.004890602015242832,0.028873985042601812,0.02398338302735898,0.002060303279668073,13,True
nuclear_capacity,Agriculture neGHG N2O,0.0,-0.0006390232919111505,0.02334435973544783,0.02398338302735898,0.002060303279668073,13,False
nuclear_capacity,Wind offshore Costs,0.015687021920449566,0.015687021920449566,0.039670404947808546,0.02398338302735898,0.002060303279668073,13,True
nuclear_capacity,Wind offshore Potential,0.008378337342455987,0.008378337342455987,0.03236172036981497,0.02398338302735898,0.002060303279668073,13,True
nuclear_capacity,Solar PV Costs,0.006195587911305433,0.006195587911305433,0.030178970938664413,0.02398338302735898,0.002060303279668073,13,True
nuclear_capacity,Solar PV Potential,0.005298531476876887,0.005298531476876887,0.029281914504235868,0.02398338302735898,0.002060303279668073,13,True
nuclear_capacity,Nuclear Costs,0.24073204365177153,0.24073204365177153,0.2647154266791305,0.02398338302735898,0.002060303279668073,13,True
nuclear_capacity,Nuclear Potential,0.14069780965301948,0.14069780965301948,0.16468119268037845,0.02398338302735898,0.002060303279668073,13,True
nuclear_capacity,Hydrogen Import Potential,0.0015085564049595115,0.0015085564049595115,0.02549193943231849,0.02398338302735898,0.002060303279668073,13,False
nuclear_capacity,Hydrogen Import Price,0.008573796678631153,0.008573796678631153,0.03255717970599013,0.02398338302735898,0.002060303279668073,13,True
nuclear_capacity,Biomass Import Potential,0.013529633327748772,0.013529633327748772,0.03751301635510775,0.02398338302735898,0.002060303279668073,13,True
nuclear_capacity,Biomass Import Price,0.02381482541315666,0.02381482541315666,0.04779820844051564,0.02398338302735898,0.002060303279668073,13,True
nuclear_capacity,Ammonia Import Potential,0.027898440876566934,0.027898440876566934,0.051881823903925914,0.02398338302735898,0.002060303279668073,13,True
nuclear_capacity,Ammonia Import Price,0.014931369579072012,0.014931369579072012,0.03891475260643099,0.02398338302735898,0.002060303279668073,13,True
nuclear_capacity,CCS potential,0.03240766312223668,0.03240766312223668,0.05639104614959566,0.02398338302735898,0.002060303279668073,13,True
nuclear_capacity,Flexibility Costs,0.0,-0.001016571192302338,0.022966811835056642,0.02398338302735898,0.002060303279668073,13,False
nuclear_capacity,LNG Price,0.0,-0.0016522242565696448,0.022331158770789335,0.02398338302735898,0.002060303279668073,13,False
nuclear_capacity,Electricity Trade Price,0.0,-0.003386785761274904,0.020596597266084076,0.02398338302735898,0.002060303279668073,13,False
nuclear_capacity,Weather Conditions,0.030985246346017105,0.030985246346017105,0.054968629373376085,0.02398338302735898,0.002060303279668073,13,True
nuclear_capacity,Electricity Trade Ratio,0.04228357722519054,0.04228357722519054,0.06626696025254952,0.02398338302735898,0.002060303279668073,13,True
nuclear_capacity,Electricity Trade Volume,0.03446121821366796,0.03446121821366796,0.05844460124102694,0.02398338302735898,0.002060303279668073,13,True
nuclear_capacity,WACC,0.05611862987166296,0.05611862987166296,0.08010201289902194,0.02398338302735898,0.002060303279668073,13,True
nuclear_capacity,Bunker Emission Reduction,0.009367410120780753,0.009367410120780753,0.03335079314813973,0.02398338302735898,0.002060303279668073,13,True
nuclear_capacity,End-of-Life Emission Reduction,0.011507856333232633,0.011507856333232633,0.03549123936059161,0.02398338302735898,0.002060303279668073,13,True
nuclear_generation,CO2 Cap,0.013121924650012332,0.013121924650012332,0.03520675143200497,0.022084826781992636,0.0019764973403099545,13,True
nuclear_generation,Buildings demand,0.0005630849651896731,0.0005630849651896731,0.02264791174718231,0.022084826781992636,0.0019764973403099545,13,False
nuclear_generation,Steel Production,0.004252011450248668,0.004252011450248668,0.026336838232241304,0.022084826781992636,0.0019764973403099545,13,True
nuclear_generation,Chemical Production,0.012061208511160399,0.012061208511160399,0.034146035293153035,0.022084826781992636,0.0019764973403099545,13,True
nuclear_generation,Passenger Cars,0.0012204540685974846,0.0012204540685974846,0.02330528085059012,0.022084826781992636,0.0019764973403099545,13,False
nuclear_generation,Bunker aviation,0.003143665441720171,0.003143665441720171,0.025228492223712807,0.022084826781992636,0.0019764973403099545,13,False
nuclear_generation,Bunker navigation,0.011883114145291283,0.011883114145291283,0.03396794092728392,0.022084826781992636,0.0019764973403099545,13,True
nuclear_generation,Agriculture neGHG CH4,0.004854397939363774,0.004854397939363774,0.02693922472135641,0.022084826781992636,0.0019764973403099545,13,True
nuclear_generation,Agriculture neGHG N2O,0.0,-0.0005480623919972942,0.02153676438999534,0.022084826781992636,0.0019764973403099545,13,False
nuclear_generation,Wind offshore Costs,0.01594657891388832,0.01594657891388832,0.038031405695880954,0.022084826781992636,0.0019764973403099545,13,True
nuclear_generation,Wind offshore Potential,0.008210257307438792,0.008210257307438792,0.030295084089431427,0.022084826781992636,0.0019764973403099545,13,True
nuclear_generation,Solar PV Costs,0.005631268711904523,0.005631268711904523,0.02771609549389716,0.022084826781992636,0.0019764973403099545,13,True
nuclear_generation,Solar PV Potential,0.0048516985958668955,0.0048516985958668955,0.02693652537785953,0.022084826781992636,0.0019764973403099545,13,True
nuclear_generation,Nuclear Costs,0.23146061710185445,0.23146061710185445,0.2535454438838471,0.022084826781992636,0.0019764973403099545,13,True
nuclear_generation,Nuclear Potential,0.12285214311067094,0.12285214311067094,0.14493696989266358,0.022084826781992636,0.0019764973403099545,13,True
nuclear_generation,Hydrogen Import Potential,0.001955171773406799,0.001955171773406799,0.024039998555399435,0.022084826781992636,0.0019764973403099545,13,False
nuclear_generation,Hydrogen Import Price,0.007958858500559517,0.007958858500559517,0.030043685282552152,0.022084826781992636,0.0019764973403099545,13,True
nuclear_generation,Biomass Import Potential,0.013484122916849767,0.013484122916849767,0.0355689496988424,0.022084826781992636,0.0019764973403099545,13,True
nuclear_generation,Biomass Import Price,0.021264017327730592,0.021264017327730592,0.04334884410972323,0.022084826781992636,0.0019764973403099545,13,True
nuclear_generation,Ammonia Import Potential,0.025245645760321834,0.025245645760321834,0.04733047254231447,0.022084826781992636,0.0019764973403099545,13,True
nuclear_generation,Ammonia Import Price,0.0146750984528182,0.0146750984528182,0.036759925234810836,0.022084826781992636,0.0019764973403099545,13,True
nuclear_generation,CCS potential,0.030268590631851933,0.030268590631851933,0.05235341741384457,0.022084826781992636,0.0019764973403099545,13,True
nuclear_generation,Flexibility Costs,2.2118689762287008e-05,2.2118689762287008e-05,0.022106945471754923,0.022084826781992636,0.0019764973403099545,13,False
nuclear_generation,LNG Price,0.0,-0.0008162986366913767,0.02126852814530126,0.022084826781992636,0.0019764973403099545,13,False
nuclear_generation,Electricity Trade Price,0.0,-0.0030810865625629826,0.019003740219429653,0.022084826781992636,0.0019764973403099545,13,False
nuclear_generation,Weather Conditions,0.03199930465720188,0.03199930465720188,0.05408413143919452,0.022084826781992636,0.0019764973403099545,13,True
nuclear_generation,Electricity Trade Ratio,0.04153102234665855,0.04153102234665855,0.06361584912865119,0.022084826781992636,0.0019764973403099545,13,True
nuclear_generation,Electricity Trade Volume,0.027982780257533982,0.027982780257533982,0.05006760703952662,0.022084826781992636,0.0019764973403099545,13,True
nuclear_generation,WACC,0.05178102859057289,0.05178102859057289,0.07386585537256553,0.022084826781992636,0.0019764973403099545,13,True
nuclear_generation,Bunker Emission Reduction,0.010441866791865862,0.010441866791865862,0.0325266935738585,0.022084826781992636,0.0019764973403099545,13,True
nuclear_generation,End-of-Life Emission Reduction,0.010455130161405677,0.010455130161405677,0.03253995694339831,0.022084826781992636,0.0019764973403099545,13,True
renewable_elec_share,CO2 Cap,0.0023618229066989516,0.0023618229066989516,0.038936027343665865,0.03657420443696691,0.002371464346554513,13,False
renewable_elec_share,Buildings demand,0.010646944305045668,0.010646944305045668,0.04722114874201258,0.03657420443696691,0.002371464346554513,13,True
renewable_elec_share,Steel Production,0.0,-0.0009160365136063678,0.035658167923360545,0.03657420443696691,0.002371464346554513,13,False
renewable_elec_share,Chemical Production,0.01821802809086092,0.01821802809086092,0.05479223252782783,0.03657420443696691,0.002371464346554513,13,True
renewable_elec_share,Passenger Cars,0.000954537685748269,0.000954537685748269,0.03752874212271518,0.03657420443696691,0.002371464346554513,13,False
renewable_elec_share,Bunker aviation,0.003622202364328607,0.003622202364328607,0.04019640680129552,0.03657420443696691,0.002371464346554513,13,False
renewable_elec_share,Bunker navigation,0.003993497585807894,0.003993497585807894,0.04056770202277481,0.03657420443696691,0.002371464346554513,13,False
renewable_elec_share,Agriculture neGHG CH4,0.0002343079175460283,0.0002343079175460283,0.03680851235451294,0.03657420443696691,0.002371464346554513,13,False
renewable_elec_share,Agriculture neGHG N2O,0.0005895643095354119,0.0005895643095354119,0.037163768746502325,0.03657420443696691,0.002371464346554513,13,False
renewable_elec_share,Wind offshore Costs,0.016104813777172912,0.016104813777172912,0.052679018214139825,0.03657420443696691,0.002371464346554513,13,True
renewable_elec_share,Wind offshore Potential,0.009664461749221302,0.009664461749221302,0.046238666186188215,0.03657420443696691,0.002371464346554513,13,True
renewable_elec_share,Solar PV Costs,0.0016197021636564432,0.0016197021636564432,0.038193906600623356,0.03657420443696691,0.002371464346554513,13,False
renewable_elec_share,Solar PV Potential,0.0038984498278609517,0.0038984498278609517,0.040472654264827865,0.03657420443696691,0.002371464346554513,13,False
renewable_elec_share,Nuclear Costs,0.1786339709721042,0.1786339709721042,0.2152081754090711,0.03657420443696691,0.002371464346554513,13,True
renewable_elec_share,Nuclear Potential,0.030867754022023568,0.030867754022023568,0.06744195845899048,0.03657420443696691,0.002371464346554513,13,True
renewable_elec_share,Hydrogen Import Potential,0.00015186727517277343,0.00015186727517277343,0.036726071712139687,0.03657420443696691,0.002371464346554513,13,False
renewable_elec_share,Hydrogen Import Price,0.0034417601808712298,0.0034417601808712298,0.04001596461783814,0.03657420443696691,0.002371464346554513,13,False
renewable_elec_share,Biomass Import Potential,0.011497684419340654,0.011497684419340654,0.04807188885630757,0.03657420443696691,0.002371464346554513,13,True
renewable_elec_share,Biomass Import Price,0.012329581708469317,0.012329581708469317,0.04890378614543623,0.03657420443696691,0.002371464346554513,13,True
renewable_elec_share,Ammonia Import Potential,0.010957294005935328,0.010957294005935328,0.04753149844290224,0.03657420443696691,0.002371464346554513,13,True
renewable_elec_share,Ammonia Import Price,0.013096056334188415,0.013096056334188415,0.04967026077115533,0.03657420443696691,0.002371464346554513,13,True
renewable_elec_share,CCS potential,0.014356171811541911,0.014356171811541911,0.050930376248508824,0.03657420443696691,0.002371464346554513,13,True
renewable_elec_share,Flexibility Costs,0.00222715134200889,0.00222715134200889,0.0388013557789758,0.03657420443696691,0.002371464346554513,13,False
renewable_elec_share,LNG Price,0.0,-0.0025015333779479995,0.034072671059018914,0.03657420443696691,0.002371464346554513,13,False
renewable_elec_share,Electricity Trade Price,0.019165988241924947,0.019165988241924947,0.05574019267889186,0.03657420443696691,0.002371464346554513,13,True
renewable_elec_share,Weather Conditions,0.05634717207935699,0.05634717207935699,0.0929213765163239,0.03657420443696691,0.002371464346554513,13,True
renewable_elec_share,Electricity Trade Ratio,0.16652512756980767,0.16652512756980767,0.20309933200677457,0.03657420443696691,0.002371464346554513,13,True
renewable_elec_share,Electricity Trade Volume,0.15794961933330345,0.15794961933330345,0.19452382377027036,0.03657420443696691,0.002371464346554513,13,True
renewable_elec_share,WACC,0.0270176748104319,0.0270176748104319,0.06359187924739881,0.03657420443696691,0.002371464346554513,13,True
renewable_elec_share,Bunker Emission Reduction,0.0082717886953982,0.0082717886953982,0.04484599313236511,0.03657420443696691,0.002371464346554513,13,True
renewable_elec_share,End-of-Life Emission Reduction,0.007852805246086544,0.007852805246086544,0.04442700968305346,0.03657420443696691,0.002371464346554513,13,True
res_share_primary,CO2 Cap,0.016581964106742536,0.016581964106742536,0.05685298285765801,0.040271018750915474,0.0023044190477118833,13,True
res_share_primary,Buildings demand,0.006487844691824639,0.006487844691824639,0.04675886344274011,0.040271018750915474,0.0023044190477118833,13,True
res_share_primary,Steel Production,0.00236711106853648,0.00236711106853648,0.042638129819451955,0.040271018750915474,0.0023044190477118833,13,False
res_share_primary,Chemical Production,0.0,-0.002692485284990581,0.03757853346592489,0.040271018750915474,0.0023044190477118833,13,False
res_share_primary,Passenger Cars,0.0006556325905869159,0.0006556325905869159,0.04092665134150239,0.040271018750915474,0.0023044190477118833,13,False
res_share_primary,Bunker aviation,0.0004600101112298971,0.0004600101112298971,0.04073102886214537,0.040271018750915474,0.0023044190477118833,13,False
res_share_primary,Bunker navigation,0.004002277773834509,0.004002277773834509,0.04427329652474998,0.040271018750915474,0.0023044190477118833,13,False
res_share_primary,Agriculture neGHG CH4,0.004863067409177274,0.004863067409177274,0.04513408616009275,0.040271018750915474,0.0023044190477118833,13,True
res_share_primary,Agriculture neGHG N2O,0.0,-0.0033220917932377803,0.036948926957677694,0.040271018750915474,0.0023044190477118833,13,False
res_share_primary,Wind offshore Costs,0.016934995625614048,0.016934995625614048,0.05720601437652952,0.040271018750915474,0.0023044190477118833,13,True
res_share_primary,Wind offshore Potential,0.006311560271542269,0.006311560271542269,0.04658257902245774,0.040271018750915474,0.0023044190477118833,13,True
res_share_primary,Solar PV Costs,0.0012025611441915246,0.0012025611441915246,0.041473579895107,0.040271018750915474,0.0023044190477118833,13,False
res_share_primary,Solar PV Potential,0.0,-0.0009816692301479676,0.03928934952076751,0.040271018750915474,0.0023044190477118833,13,False
res_share_primary,Nuclear Costs,0.11887680223788823,0.11887680223788823,0.1591478209888037,0.040271018750915474,0.0023044190477118833,13,True
res_share_primary,Nuclear Potential,0.00860634859300722,0.00860634859300722,0.048877367343922694,0.040271018750915474,0.0023044190477118833,13,True
res_share_primary,Hydrogen Import Potential,0.007473031152474642,0.007473031152474642,0.047744049903390116,0.040271018750915474,0.0023044190477118833,13,True
res_share_primary,Hydrogen Import Price,0.02382474783403872,0.02382474783403872,0.0640957665849542,0.040271018750915474,0.0023044190477118833,13,True
res_share_primary,Biomass Import Potential,0.042620087976343715,0.042620087976343715,0.08289110672725919,0.040271018750915474,0.0023044190477118833,13,True
res_share_primary,Biomass Import Price,0.06044022325904998,0.06044022325904998,0.10071124200996545,0.040271018750915474,0.0023044190477118833,13,True
res_share_primary,Ammonia Import Potential,0.03255959500640741,0.03255959500640741,0.07283061375732289,0.040271018750915474,0.0023044190477118833,13,True
res_share_primary,Ammonia Import Price,0.04119945182898392,0.04119945182898392,0.0814704705798994,0.040271018750915474,0.0023044190477118833,13,True
res_share_primary,CCS potential,0.1043322392846928,0.1043322392846928,0.14460325803560828,0.040271018750915474,0.0023044190477118833,13,True
res_share_primary,Flexibility Costs,0.0,-0.0006658289383205951,0.03960518981259488,0.040271018750915474,0.0023044190477118833,13,False
res_share_primary,LNG Price,0.0,-0.001807300924783789,0.038463717826131685,0.040271018750915474,0.0023044190477118833,13,False
res_share_primary,Electricity Trade Price,0.0,-0.005399605212150195,0.03487141353876528,0.040271018750915474,0.0023044190477118833,13,False
res_share_primary,Weather Conditions,0.030654431005519803,0.030654431005519803,0.07092544975643528,0.040271018750915474,0.0023044190477118833,13,True
res_share_primary,Electricity Trade Ratio,0.009868984413925329,0.009868984413925329,0.0501400031648408,0.040271018750915474,0.0023044190477118833,13,True
res_share_primary,Electricity Trade Volume,0.02174278219135306,0.02174278219135306,0.062013800942268535,0.040271018750915474,0.0023044190477118833,13,True
res_share_primary,WACC,0.0037880367999023196,0.0037880367999023196,0.044059055550817794,0.040271018750915474,0.0023044190477118833,13,False
res_share_primary,Bunker Emission Reduction,0.008454803918948497,0.008454803918948497,0.04872582266986397,0.040271018750915474,0.0023044190477118833,13,True
res_share_primary,End-of-Life Emission Reduction,0.0380162320877709,0.0380162320877709,0.07828725083868637,0.040271018750915474,0.0023044190477118833,13,True
self_sufficiency,CO2 Cap,0.0032359723524887987,0.0032359723524887987,0.043017997932212636,0.03978202557972384,0.0022485031465079245,13,False
self_sufficiency,Buildings demand,0.015975333240871185,0.015975333240871185,0.05575735882059502,0.03978202557972384,0.0022485031465079245,13,True
self_sufficiency,Steel Production,0.003164099996374445,0.003164099996374445,0.04294612557609828,0.03978202557972384,0.0022485031465079245,13,False
self_sufficiency,Chemical Production,0.007759690792276848,0.007759690792276848,0.047541716372000685,0.03978202557972384,0.0022485031465079245,13,True
self_sufficiency,Passenger Cars,0.0015544333819082629,0.0015544333819082629,0.0413364589616321,0.03978202557972384,0.0022485031465079245,13,False
self_sufficiency,Bunker aviation,0.0005960524214831744,0.0005960524214831744,0.04037807800120701,0.03978202557972384,0.0022485031465079245,13,False
self_sufficiency,Bunker navigation,0.004674214183485091,0.004674214183485091,0.04445623976320893,0.03978202557972384,0.0022485031465079245,13,True
self_sufficiency,Agriculture neGHG CH4,0.001957563359725356,0.001957563359725356,0.04173958893944919,0.03978202557972384,0.0022485031465079245,13,False
self_sufficiency,Agriculture neGHG N2O,0.0010358632009458135,0.0010358632009458135,0.04081788878066965,0.03978202557972384,0.0022485031465079245,13,False
self_sufficiency,Wind offshore Costs,0.03235738779928339,0.03235738779928339,0.07213941337900723,0.03978202557972384,0.0022485031465079245,13,True
self_sufficiency,Wind offshore Potential,0.014905374104554524,0.014905374104554524,0.05468739968427836,0.03978202557972384,0.0022485031465079245,13,True
self_sufficiency,Solar PV Costs,0.005618260194057215,0.005618260194057215,0.04540028577378105,0.03978202557972384,0.0022485031465079245,13,True
self_sufficiency,Solar PV Potential,0.0033416777005353462,0.0033416777005353462,0.04312370328025918,0.03978202557972384,0.0022485031465079245,13,False
self_sufficiency,Nuclear Costs,0.07750114233361766,0.07750114233361766,0.1172831679133415,0.03978202557972384,0.0022485031465079245,13,True
self_sufficiency,Nuclear Potential,0.008651027936901201,0.008651027936901201,0.04843305351662504,0.03978202557972384,0.0022485031465079245,13,True
self_sufficiency,Hydrogen Import Potential,0.0,-0.0018477624805029874,0.03793426309922085,0.03978202557972384,0.0022485031465079245,13,False
self_sufficiency,Hydrogen Import Price,0.011691538872600354,0.011691538872600354,0.05147356445232419,0.03978202557972384,0.0022485031465079245,13,True
self_sufficiency,Biomass Import Potential,0.026849353371943066,0.026849353371943066,0.0666313789516669,0.03978202557972384,0.0022485031465079245,13,True
self_sufficiency,Biomass Import Price,0.06000569770184058,0.06000569770184058,0.09978772328156442,0.03978202557972384,0.0022485031465079245,13,True
self_sufficiency,Ammonia Import Potential,0.01349069411554888,0.01349069411554888,0.05327271969527272,0.03978202557972384,0.0022485031465079245,13,True
self_sufficiency,Ammonia Import Price,0.009284024496077292,0.009284024496077292,0.04906605007580113,0.03978202557972384,0.0022485031465079245,13,True
self_sufficiency,CCS potential,0.042197041914670746,0.042197041914670746,0.08197906749439458,0.03978202557972384,0.0022485031465079245,13,True
self_sufficiency,Flexibility Costs,0.003955282005115746,0.003955282005115746,0.04373730758483958,0.03978202557972384,0.0022485031465079245,13,False
self_sufficiency,LNG Price,0.0,-0.0032506485550373027,0.036531377024686534,0.03978202557972384,0.0022485031465079245,13,False
self_sufficiency,Electricity Trade Price,0.0050962151951467055,0.0050962151951467055,0.04487824077487054,0.03978202557972384,0.0022485031465079245,13,True
self_sufficiency,Weather Conditions,0.06174009794288239,0.06174009794288239,0.10152212352260623,0.03978202557972384,0.0022485031465079245,13,True
self_sufficiency,Electricity Trade Ratio,0.12615439804408318,0.12615439804408318,0.16593642362380703,0.03978202557972384,0.0022485031465079245,13,True
self_sufficiency,Electricity Trade Volume,0.13937181880303884,0.13937181880303884,0.17915384438276266,0.03978202557972384,0.0022485031465079245,13,True
self_sufficiency,WACC,0.019377574904102253,0.019377574904102253,0.05915960048382609,0.03978202557972384,0.0022485031465079245,13,True
self_sufficiency,Bunker Emission Reduction,0.0014972672237225926,0.0014972672237225926,0.04127929280344643,0.03978202557972384,0.0022485031465079245,13,False
self_sufficiency,End-of-Life Emission Reduction,0.0037042292967194093,0.0037042292967194093,0.043486254876443246,0.03978202557972384,0.0022485031465079245,13,False
solar_capacity,CO2 Cap,0.003565520656840085,0.003565520656840085,0.04293449018074529,0.03936896952390521,0.0023501305234922827,13,False
solar_capacity,Buildings demand,0.01878479329551349,0.01878479329551349,0.0581537628194187,0.03936896952390521,0.0023501305234922827,13,True
solar_capacity,Steel Production,0.00045153530644094497,0.00045153530644094497,0.03982050483034615,0.03936896952390521,0.0023501305234922827,13,False
solar_capacity,Chemical Production,0.024364140006042555,0.024364140006042555,0.06373310952994776,0.03936896952390521,0.0023501305234922827,13,True
solar_capacity,Passenger Cars,0.001499518617528138,0.001499518617528138,0.040868488141433346,0.03936896952390521,0.0023501305234922827,13,False
solar_capacity,Bunker aviation,0.0020448923073506237,0.0020448923073506237,0.04141386183125583,0.03936896952390521,0.0023501305234922827,13,False
solar_capacity,Bunker navigation,0.011694731854599419,0.011694731854599419,0.051063701378504626,0.03936896952390521,0.0023501305234922827,13,True
solar_capacity,Agriculture neGHG CH4,0.0,-0.00101548224101905,0.03835348728288616,0.03936896952390521,0.0023501305234922827,13,False
solar_capacity,Agriculture neGHG N2O,0.0007414848520447201,0.0007414848520447201,0.04011045437594993,0.03936896952390521,0.0023501305234922827,13,False
solar_capacity,Wind offshore Costs,0.004444952450074521,0.004444952450074521,0.04381392197397973,0.03936896952390521,0.0023501305234922827,13,False
solar_capacity,Wind offshore Potential,0.00513337598643928,0.00513337598643928,0.04450234551034449,0.03936896952390521,0.0023501305234922827,13,True
solar_capacity,Solar PV Costs,0.09359128917363616,0.09359128917363616,0.13296025869754136,0.03936896952390521,0.0023501305234922827,13,True
solar_capacity,Solar PV Potential,0.13985707496915042,0.13985707496915042,0.17922604449305563,0.03936896952390521,0.0023501305234922827,13,True
solar_capacity,Nuclear Costs,0.03761904899044547,0.03761904899044547,0.07698801851435068,0.03936896952390521,0.0023501305234922827,13,True
solar_capacity,Nuclear Potential,0.004257687530856515,0.004257687530856515,0.04362665705476172,0.03936896952390521,0.0023501305234922827,13,False
solar_capacity,Hydrogen Import Potential,0.000503342323456675,0.000503342323456675,0.03987231184736188,0.03936896952390521,0.0023501305234922827,13,False
solar_capacity,Hydrogen Import Price,0.008629056630634582,0.008629056630634582,0.04799802615453979,0.03936896952390521,0.0023501305234922827,13,True
solar_capacity,Biomass Import Potential,0.008383695797616393,0.008383695797616393,0.0477526653215216,0.03936896952390521,0.0023501305234922827,13,True
solar_capacity,Biomass Import Price,0.02099630464873852,0.02099630464873852,0.06036527417264373,0.03936896952390521,0.0023501305234922827,13,True
solar_capacity,Ammonia Import Potential,0.029120815967467427,0.029120815967467427,0.06848978549137263,0.03936896952390521,0.0023501305234922827,13,True
solar_capacity,Ammonia Import Price,0.02077092824639478,0.02077092824639478,0.06013989777029999,0.03936896952390521,0.0023501305234922827,13,True
solar_capacity,CCS potential,0.021478522153284357,0.021478522153284357,0.060847491677189565,0.03936896952390521,0.0023501305234922827,13,True
solar_capacity,Flexibility Costs,0.000834484993554728,0.000834484993554728,0.040203454517459936,0.03936896952390521,0.0023501305234922827,13,False
solar_capacity,LNG Price,0.0,-0.000741097724334526,0.03862787179957068,0.03936896952390521,0.0023501305234922827,13,False
solar_capacity,Electricity Trade Price,0.021499246041831545,0.021499246041831545,0.06086821556573675,0.03936896952390521,0.0023501305234922827,13,True
solar_capacity,Weather Conditions,0.17130746907651398,0.17130746907651398,0.21067643860041918,0.03936896952390521,0.0023501305234922827,13,True
solar_capacity,Electricity Trade Ratio,0.09294684868554859,0.09294684868554859,0.1323158182094538,0.03936896952390521,0.0023501305234922827,13,True
solar_capacity,Electricity Trade Volume,0.04291903994079601,0.04291903994079601,0.08228800946470122,0.03936896952390521,0.0023501305234922827,13,True
solar_capacity,WACC,0.04037747558187175,0.04037747558187175,0.07974644510577696,0.03936896952390521,0.0023501305234922827,13,True
solar_capacity,Bunker Emission Reduction,0.0012941852005622229,0.0012941852005622229,0.04066315472446743,0.03936896952390521,0.0023501305234922827,13,False
solar_capacity,End-of-Life Emission Reduction,0.010553673910449202,0.010553673910449202,0.04992264343435441,0.03936896952390521,0.0023501305234922827,13,True
synfuel_production,CO2 Cap,0.005394307483840753,0.005394307483840753,0.036803227993314584,0.03140892050947383,0.002201483664109824,13,True
synfuel_production,Buildings demand,0.0,-0.0010215714296733652,0.030387349079800466,0.03140892050947383,0.002201483664109824,13,False
synfuel_production,Steel Production,0.0,-0.0028438560399548438,0.028565064469518987,0.03140892050947383,0.002201483664109824,13,False
synfuel_production,Chemical Production,0.00851506064554683,0.00851506064554683,0.03992398115502066,0.03140892050947383,0.002201483664109824,13,True
synfuel_production,Passenger Cars,0.0,-0.001972755883604061,0.02943616462586977,0.03140892050947383,0.002201483664109824,13,False
synfuel_production,Bunker aviation,0.028954728648438864,0.028954728648438864,0.060363649157912695,0.03140892050947383,0.002201483664109824,13,True
synfuel_production,Bunker navigation,0.011160001837994538,0.011160001837994538,0.04256892234746837,0.03140892050947383,0.002201483664109824,13,True
synfuel_production,Agriculture neGHG CH4,0.0,-0.0028862220161246024,0.02852269849334923,0.03140892050947383,0.002201483664109824,13,False
synfuel_production,Agriculture neGHG N2O,0.0,-0.002508444063235523,0.028900476446238308,0.03140892050947383,0.002201483664109824,13,False
synfuel_production,Wind offshore Costs,0.0009010813973047288,0.0009010813973047288,0.03231000190677856,0.03140892050947383,0.002201483664109824,13,False
synfuel_production,Wind offshore Potential,0.00015843361338099132,0.00015843361338099132,0.03156735412285482,0.03140892050947383,0.002201483664109824,13,False
synfuel_production,Solar PV Costs,0.003861449330850461,0.003861449330850461,0.03527036984032429,0.03140892050947383,0.002201483664109824,13,False
synfuel_production,Solar PV Potential,0.001184188336236451,0.001184188336236451,0.03259310884571028,0.03140892050947383,0.002201483664109824,13,False
synfuel_production,Nuclear Costs,0.0026469237485062733,0.0026469237485062733,0.034055844257980104,0.03140892050947383,0.002201483664109824,13,False
synfuel_production,Nuclear Potential,0.002065101928541181,0.002065101928541181,0.03347402243801501,0.03140892050947383,0.002201483664109824,13,False
synfuel_production,Hydrogen Import Potential,0.002374165322527981,0.002374165322527981,0.03378308583200181,0.03140892050947383,0.002201483664109824,13,False
synfuel_production,Hydrogen Import Price,0.0016121625595158506,0.0016121625595158506,0.03302108306898968,0.03140892050947383,0.002201483664109824,13,False
synfuel_production,Biomass Import Potential,0.07267794507891769,0.07267794507891769,0.10408686558839152,0.03140892050947383,0.002201483664109824,13,True
synfuel_production,Biomass Import Price,0.07626564934914357,0.07626564934914357,0.1076745698586174,0.03140892050947383,0.002201483664109824,13,True
synfuel_production,Ammonia Import Potential,0.01425110502966112,0.01425110502966112,0.04566002553913495,0.03140892050947383,0.002201483664109824,13,True
synfuel_production,Ammonia Import Price,0.011582372569271596,0.011582372569271596,0.04299129307874543,0.03140892050947383,0.002201483664109824,13,True
synfuel_production,CCS potential,0.024835329496372134,0.024835329496372134,0.056244250005845965,0.03140892050947383,0.002201483664109824,13,True
synfuel_production,Flexibility Costs,0.00022811570543282422,0.00022811570543282422,0.031637036214906655,0.03140892050947383,0.002201483664109824,13,False
synfuel_production,LNG Price,0.020722735233156403,0.020722735233156403,0.052131655742630234,0.03140892050947383,0.002201483664109824,13,True
synfuel_production,Electricity Trade Price,0.000796000058547186,0.000796000058547186,0.03220492056802102,0.03140892050947383,0.002201483664109824,13,False
synfuel_production,Weather Conditions,0.00021867028038241587,0.00021867028038241587,0.03162759078985625,0.03140892050947383,0.002201483664109824,13,False
synfuel_production,Electricity Trade Ratio,0.002293546066862509,0.002293546066862509,0.03370246657633634,0.03140892050947383,0.002201483664109824,13,False
synfuel_production,Electricity Trade Volume,0.0032741866815451937,0.0032741866815451937,0.034683107191019025,0.03140892050947383,0.002201483664109824,13,False
synfuel_production,WACC,0.005729151855806185,0.005729151855806185,0.037138072365280016,0.03140892050947383,0.002201483664109824,13,True
synfuel_production,Bunker Emission Reduction,0.3113871516486987,0.3113871516486987,0.34279607215817254,0.03140892050947383,0.002201483664109824,13,True
synfuel_production,End-of-Life Emission Reduction,0.07735759832069058,0.07735759832069058,0.10876651883016442,0.03140892050947383,0.002201483664109824,13,True
total_system_cost,CO2 Cap,0.013530188957129832,0.013530188957129832,0.05388783233162979,0.04035764337449996,0.0021826959851905504,13,True
total_system_cost,Buildings demand,0.061266466584627005,0.061266466584627005,0.10162410995912696,0.04035764337449996,0.0021826959851905504,13,True
total_system_cost,Steel Production,0.006301032162660335,0.006301032162660335,0.04665867553716029,0.04035764337449996,0.0021826959851905504,13,True
total_system_cost,Chemical Production,0.0594155073781293,0.0594155073781293,0.09977315075262926,0.04035764337449996,0.0021826959851905504,13,True
total_system_cost,Passenger Cars,0.047035244611949883,0.047035244611949883,0.08739288798644984,0.04035764337449996,0.0021826959851905504,13,True
total_system_cost,Bunker aviation,0.012525954107886775,0.012525954107886775,0.05288359748238673,0.04035764337449996,0.0021826959851905504,13,True
total_system_cost,Bunker navigation,0.058652781352120376,0.058652781352120376,0.09901042472662033,0.04035764337449996,0.0021826959851905504,13,True
total_system_cost,Agriculture neGHG CH4,0.006607175095718648,0.006607175095718648,0.046964818470218606,0.04035764337449996,0.0021826959851905504,13,True
total_system_cost,Agriculture neGHG N2O,0.0012131917368114128,0.0012131917368114128,0.04157083511131137,0.04035764337449996,0.0021826959851905504,13,False
total_system_cost,Wind offshore Costs,0.011291836828600785,0.011291836828600785,0.05164948020310074,0.04035764337449996,0.0021826959851905504,13,True
total_system_cost,Wind offshore Potential,0.004083905787722074,0.004083905787722074,0.04444154916222203,0.04035764337449996,0.0021826959851905504,13,False
total_system_cost,Solar PV Costs,0.0005019339380249246,0.0005019339380249246,0.04085957731252488,0.04035764337449996,0.0021826959851905504,13,False
total_system_cost,Solar PV Potential,0.0011707714863653657,0.0011707714863653657,0.04152841486086532,0.04035764337449996,0.0021826959851905504,13,False
total_system_cost,Nuclear Costs,0.003346513271416107,0.003346513271416107,0.043704156645916065,0.04035764337449996,0.0021826959851905504,13,False
total_system_cost,Nuclear Potential,0.0,-0.0005648431276539662,0.03979280024684599,0.04035764337449996,0.0021826959851905504,13,False
total_system_cost,Hydrogen Import Potential,0.004259860999466493,0.004259860999466493,0.04461750437396645,0.04035764337449996,0.0021826959851905504,13,False
total_system_cost,Hydrogen Import Price,0.004189787664878757,0.004189787664878757,0.044547431039378714,0.04035764337449996,0.0021826959851905504,13,False
total_system_cost,Biomass Import Potential,0.003948948561280793,0.003948948561280793,0.04430659193578075,0.04035764337449996,0.0021826959851905504,13,False
total_system_cost,Biomass Import Price,0.09265976981817833,0.09265976981817833,0.1330174131926783,0.04035764337449996,0.0021826959851905504,13,True
total_system_cost,Ammonia Import Potential,0.009061583669274106,0.009061583669274106,0.049419227043774064,0.04035764337449996,0.0021826959851905504,13,True
total_system_cost,Ammonia Import Price,0.014722316744761911,0.014722316744761911,0.05507996011926187,0.04035764337449996,0.0021826959851905504,13,True
total_system_cost,CCS potential,0.040664460288144744,0.040664460288144744,0.0810221036626447,0.04035764337449996,0.0021826959851905504,13,True
total_system_cost,Flexibility Costs,0.003008947212126148,0.003008947212126148,0.043366590586626105,0.04035764337449996,0.0021826959851905504,13,False
total_system_cost,LNG Price,0.0,-0.003150982690747775,0.03720666068375218,0.04035764337449996,0.0021826959851905504,13,False
total_system_cost,Electricity Trade Price,0.0,-0.001687934858306421,0.038669708516193536,0.04035764337449996,0.0021826959851905504,13,False
total_system_cost,Weather Conditions,0.019553135319045442,0.019553135319045442,0.0599107786935454,0.04035764337449996,0.0021826959851905504,13,True
total_system_cost,Electricity Trade Ratio,0.009696320072142071,0.009696320072142071,0.05005396344664203,0.04035764337449996,0.0021826959851905504,13,True
total_system_cost,Electricity Trade Volume,0.02323256882596557,0.02323256882596557,0.06359021220046553,0.04035764337449996,0.0021826959851905504,13,True
total_system_cost,WACC,0.1948840960670166,0.1948840960670166,0.23524173944151655,0.04035764337449996,0.0021826959851905504,13,True
total_system_cost,Bunker Emission Reduction,0.033880681547738656,0.033880681547738656,0.07423832492223861,0.04035764337449996,0.0021826959851905504,13,True
total_system_cost,End-of-Life Emission Reduction,0.047997537003583585,0.047997537003583585,0.08835518037808354,0.04035764337449996,0.0021826959851905504,13,True
unit_energy_cost,CO2 Cap,0.006397878141967121,0.006397878141967121,0.046367430838906654,0.03996955269693953,0.002198974326539677,13,True
unit_energy_cost,Buildings demand,0.0,-1.7057744050197332e-05,0.039952494952889335,0.03996955269693953,0.002198974326539677,13,False
unit_energy_cost,Steel Production,0.0,-0.0020937916206824753,0.03787576107625706,0.03996955269693953,0.002198974326539677,13,False
unit_energy_cost,Chemical Production,0.020626532045976483,0.020626532045976483,0.060596084742916015,0.03996955269693953,0.002198974326539677,13,True
unit_energy_cost,Passenger Cars,0.02734220469047611,0.02734220469047611,0.06731175738741564,0.03996955269693953,0.002198974326539677,13,True
unit_energy_cost,Bunker aviation,0.0,-0.0018366025800788527,0.03813295011686068,0.03996955269693953,0.002198974326539677,13,False
unit_energy_cost,Bunker navigation,0.0005245344327066137,0.0005245344327066137,0.040494087129646146,0.03996955269693953,0.002198974326539677,13,False
unit_energy_cost,Agriculture neGHG CH4,0.00225542250072501,0.00225542250072501,0.04222497519766454,0.03996955269693953,0.002198974326539677,13,False
unit_energy_cost,Agriculture neGHG N2O,0.002009597551100299,0.002009597551100299,0.04197915024803983,0.03996955269693953,0.002198974326539677,13,False
unit_energy_cost,Wind offshore Costs,0.003493977505460287,0.003493977505460287,0.04346353020239982,0.03996955269693953,0.002198974326539677,13,False
unit_energy_cost,Wind offshore Potential,0.0,-3.262143525612632e-05,0.039936931261683406,0.03996955269693953,0.002198974326539677,13,False
unit_energy_cost,Solar PV Costs,0.0007441550343275163,0.0007441550343275163,0.04071370773126705,0.03996955269693953,0.002198974326539677,13,False
unit_energy_cost,Solar PV Potential,0.001165675541018013,0.001165675541018013,0.041135228237957545,0.03996955269693953,0.002198974326539677,13,False
unit_energy_cost,Nuclear Costs,0.06706586693988839,0.06706586693988839,0.10703541963682793,0.03996955269693953,0.002198974326539677,13,True
unit_energy_cost,Nuclear Potential,0.006418014006150101,0.006418014006150101,0.04638756670308963,0.03996955269693953,0.002198974326539677,13,True
unit_energy_cost,Hydrogen Import Potential,0.00029078161973949274,0.00029078161973949274,0.040260334316679025,0.03996955269693953,0.002198974326539677,13,False
unit_energy_cost,Hydrogen Import Price,0.003038974815155783,0.003038974815155783,0.043008527512095315,0.03996955269693953,0.002198974326539677,13,False
unit_energy_cost,Biomass Import Potential,0.017428400151803435,0.017428400151803435,0.05739795284874297,0.03996955269693953,0.002198974326539677,13,True
unit_energy_cost,Biomass Import Price,0.11027808511781637,0.11027808511781637,0.1502476378147559,0.03996955269693953,0.002198974326539677,13,True
unit_energy_cost,Ammonia Import Potential,0.009331731024121166,0.009331731024121166,0.0493012837210607,0.03996955269693953,0.002198974326539677,13,True
unit_energy_cost,Ammonia Import Price,0.006900492778031217,0.006900492778031217,0.04687004547497075,0.03996955269693953,0.002198974326539677,13,True
unit_energy_cost,CCS potential,0.048584402940123776,0.048584402940123776,0.08855395563706331,0.03996955269693953,0.002198974326539677,13,True
unit_energy_cost,Flexibility Costs,0.0,-0.0006205404939289075,0.039349012203010625,0.03996955269693953,0.002198974326539677,13,False
unit_energy_cost,LNG Price,0.001861351768681109,0.001861351768681109,0.04183090446562064,0.03996955269693953,0.002198974326539677,13,False
unit_energy_cost,Electricity Trade Price,0.0074926978050286475,0.0074926978050286475,0.04746225050196818,0.03996955269693953,0.002198974326539677,13,True
unit_energy_cost,Weather Conditions,0.006900132446239951,0.006900132446239951,0.04686968514317948,0.03996955269693953,0.002198974326539677,13,True
unit_energy_cost,Electricity Trade Ratio,0.14028986884039585,0.14028986884039585,0.18025942153733537,0.03996955269693953,0.002198974326539677,13,True
unit_energy_cost,Electricity Trade Volume,0.025374574606238355,0.025374574606238355,0.06534412730317789,0.03996955269693953,0.002198974326539677,13,True
unit_energy_cost,WACC,0.17274582303553251,0.17274582303553251,0.21271537573247204,0.03996955269693953,0.002198974326539677,13,True
unit_energy_cost,Bunker Emission Reduction,0.0023010913759098084,0.0023010913759098084,0.04227064407284934,0.03996955269693953,0.002198974326539677,13,False
unit_energy_cost,End-of-Life Emission Reduction,0.00960364811587075,0.00960364811587075,0.04957320081281028,0.03996955269693953,0.002198974326539677,13,True
unserved_energy,CO2 Cap,0.0015525961130300192,0.0015525961130300192,0.03352915922434124,0.031976563111311224,0.0021618388521786203,13,False
unserved_energy,Buildings demand,0.01694935037556223,0.01694935037556223,0.04892591348687345,0.031976563111311224,0.0021618388521786203,13,True
unserved_energy,Steel Production,0.0,-0.0020195587712613407,0.029957004340049883,0.031976563111311224,0.0021618388521786203,13,False
unserved_energy,Chemical Production,0.0018748865131131207,0.0018748865131131207,0.033851449624424344,0.031976563111311224,0.0021618388521786203,13,False
unserved_energy,Passenger Cars,0.0028486331229807538,0.0028486331229807538,0.03482519623429198,0.031976563111311224,0.0021618388521786203,13,False
unserved_energy,Bunker aviation,0.0020170133964893117,0.0020170133964893117,0.033993576507800535,0.031976563111311224,0.0021618388521786203,13,False
unserved_energy,Bunker navigation,0.009042773282882,0.009042773282882,0.04101933639419322,0.031976563111311224,0.0021618388521786203,13,True
unserved_energy,Agriculture neGHG CH4,0.0,-0.0015397351536424707,0.030436827957668753,0.031976563111311224,0.0021618388521786203,13,False
unserved_energy,Agriculture neGHG N2O,0.0015616368221120155,0.0015616368221120155,0.03353819993342324,0.031976563111311224,0.0021618388521786203,13,False
unserved_energy,Wind offshore Costs,0.005082386957613129,0.005082386957613129,0.03705895006892435,0.031976563111311224,0.0021618388521786203,13,True
unserved_energy,Wind offshore Potential,0.0,-0.00016094390475047265,0.03181561920656075,0.031976563111311224,0.0021618388521786203,13,False
unserved_energy,Solar PV Costs,0.0,-0.0012625134789397488,0.030714049632371475,0.031976563111311224,0.0021618388521786203,13,False
unserved_energy,Solar PV Potential,0.003313580763837365,0.003313580763837365,0.03529014387514859,0.031976563111311224,0.0021618388521786203,13,False
unserved_energy,Nuclear Costs,0.0020470376917539265,0.0020470376917539265,0.03402360080306515,0.031976563111311224,0.0021618388521786203,13,False
unserved_energy,Nuclear Potential,0.0,-0.001960615661084023,0.0300159474502272,0.031976563111311224,0.0021618388521786203,13,False
unserved_energy,Hydrogen Import Potential,0.0028457663024937865,0.0028457663024937865,0.03482232941380501,0.031976563111311224,0.0021618388521786203,13,False
unserved_energy,Hydrogen Import Price,0.0,-0.0016096960784410044,0.03036686703287022,0.031976563111311224,0.0021618388521786203,13,False
unserved_energy,Biomass Import Potential,0.010866598376985934,0.010866598376985934,0.04284316148829716,0.031976563111311224,0.0021618388521786203,13,True
unserved_energy,Biomass Import Price,0.014198883743545242,0.014198883743545242,0.046175446854856465,0.031976563111311224,0.0021618388521786203,13,True
unserved_energy,Ammonia Import Potential,0.016256684018896676,0.016256684018896676,0.0482332471302079,0.031976563111311224,0.0021618388521786203,13,True
unserved_energy,Ammonia Import Price,0.01788989272219027,0.01788989272219027,0.049866455833501494,0.031976563111311224,0.0021618388521786203,13,True
unserved_energy,CCS potential,0.01730198522535422,0.01730198522535422,0.049278548336665444,0.031976563111311224,0.0021618388521786203,13,True
unserved_energy,Flexibility Costs,0.026542319254221854,0.026542319254221854,0.05851888236553308,0.031976563111311224,0.0021618388521786203,13,True
unserved_energy,LNG Price,0.0,-0.002515951852506148,0.029460611258805076,0.031976563111311224,0.0021618388521786203,13,False
unserved_energy,Electricity Trade Price,0.023162138938507486,0.023162138938507486,0.05513870204981871,0.031976563111311224,0.0021618388521786203,13,True
unserved_energy,Weather Conditions,0.08069420456271453,0.08069420456271453,0.11267076767402576,0.031976563111311224,0.0021618388521786203,13,True
unserved_energy,Electricity Trade Ratio,0.19011900939461043,0.19011900939461043,0.22209557250592166,0.031976563111311224,0.0021618388521786203,13,True
unserved_energy,Electricity Trade Volume,0.08786176874442317,0.08786176874442317,0.11983833185573439,0.031976563111311224,0.0021618388521786203,13,True
unserved_energy,WACC,0.008997041522066387,0.008997041522066387,0.04097360463337761,0.031976563111311224,0.0021618388521786203,13,True
unserved_energy,Bunker Emission Reduction,0.004741767091007848,0.004741767091007848,0.03671833020231907,0.031976563111311224,0.0021618388521786203,13,True
unserved_energy,End-of-Life Emission Reduction,0.0006416047612022996,0.0006416047612022996,0.03261816787251352,0.031976563111311224,0.0021618388521786203,13,False
vre_share,CO2 Cap,0.0016713346898323891,0.0016713346898323891,0.03825625882628079,0.0365849241364484,0.002258235304169113,13,False
vre_share,Buildings demand,0.012979823949495359,0.012979823949495359,0.04956474808594376,0.0365849241364484,0.002258235304169113,13,True
vre_share,Steel Production,0.0,-0.000535187986439839,0.03604973615000856,0.0365849241364484,0.002258235304169113,13,False
vre_share,Chemical Production,0.014203164497403178,0.014203164497403178,0.05078808863385158,0.0365849241364484,0.002258235304169113,13,True
vre_share,Passenger Cars,0.0008639128742715801,0.0008639128742715801,0.03744883701071998,0.0365849241364484,0.002258235304169113,13,False
vre_share,Bunker aviation,0.005270295247122504,0.005270295247122504,0.0418552193835709,0.0365849241364484,0.002258235304169113,13,True
vre_share,Bunker navigation,0.005319317377474243,0.005319317377474243,0.04190424151392264,0.0365849241364484,0.002258235304169113,13,True
vre_share,Agriculture neGHG CH4,0.0,-0.0012807484842179626,0.035304175652230436,0.0365849241364484,0.002258235304169113,13,False
vre_share,Agriculture neGHG N2O,0.0,-0.0011555024881191797,0.03542942164832922,0.0365849241364484,0.002258235304169113,13,False
vre_share,Wind offshore Costs,0.01795070018601301,0.01795070018601301,0.05453562432246141,0.0365849241364484,0.002258235304169113,13,True
vre_share,Wind offshore Potential,0.010454555457545998,0.010454555457545998,0.0470394795939944,0.0365849241364484,0.002258235304169113,13,True
vre_share,Solar PV Costs,0.002758710885692288,0.002758710885692288,0.03934363502214069,0.0365849241364484,0.002258235304169113,13,False
vre_share,Solar PV Potential,0.0023302299029673845,0.0023302299029673845,0.038915154039415784,0.0365849241364484,0.002258235304169113,13,False
vre_share,Nuclear Costs,0.16930875763535214,0.16930875763535214,0.20589368177180054,0.0365849241364484,0.002258235304169113,13,True
vre_share,Nuclear Potential,0.026922265484770322,0.026922265484770322,0.06350718962121872,0.0365849241364484,0.002258235304169113,13,True
vre_share,Hydrogen Import Potential,0.0,-0.0013240760647217076,0.03526084807172669,0.0365849241364484,0.002258235304169113,13,False
vre_share,Hydrogen Import Price,0.006379370000934442,0.006379370000934442,0.04296429413738284,0.0365849241364484,0.002258235304169113,13,True
vre_share,Biomass Import Potential,0.007844442711623892,0.007844442711623892,0.04442936684807229,0.0365849241364484,0.002258235304169113,13,True
vre_share,Biomass Import Price,0.011313556357360137,0.011313556357360137,0.047898480493808536,0.0365849241364484,0.002258235304169113,13,True
vre_share,Ammonia Import Potential,0.014234167084510259,0.014234167084510259,0.05081909122095866,0.0365849241364484,0.002258235304169113,13,True
vre_share,Ammonia Import Price,0.012825800305030548,0.012825800305030548,0.04941072444147895,0.0365849241364484,0.002258235304169113,13,True
vre_share,CCS potential,0.008747563830479949,0.008747563830479949,0.04533248796692835,0.0365849241364484,0.002258235304169113,13,True
vre_share,Flexibility Costs,9.367585216711605e-05,9.367585216711605e-05,0.036678599988615515,0.0365849241364484,0.002258235304169113,13,False
vre_share,LNG Price,0.0,-0.003916272629808766,0.03266865150663963,0.0365849241364484,0.002258235304169113,13,False
vre_share,Electricity Trade Price,0.023286480384228488,0.023286480384228488,0.05987140452067689,0.0365849241364484,0.002258235304169113,13,True
vre_share,Weather Conditions,0.05886598112273657,0.05886598112273657,0.09545090525918497,0.0365849241364484,0.002258235304169113,13,True
vre_share,Electricity Trade Ratio,0.16601294914433226,0.16601294914433226,0.20259787328078066,0.0365849241364484,0.002258235304169113,13,True
vre_share,Electricity Trade Volume,0.18778368329009917,0.18778368329009917,0.22436860742654757,0.0365849241364484,0.002258235304169113,13,True
vre_share,WACC,0.02710252913516789,0.02710252913516789,0.06368745327161629,0.0365849241364484,0.002258235304169113,13,True
vre_share,Bunker Emission Reduction,0.004698730492394172,0.004698730492394172,0.04128365462884257,0.0365849241364484,0.002258235304169113,13,True
vre_share,End-of-Life Emission Reduction,0.004129361250299515,0.004129361250299515,0.040714285386747914,0.0365849241364484,0.002258235304169113,13,False
wind_capacity,CO2 Cap,0.009547322972693187,0.009547322972693187,0.05083342765014441,0.041286104677451224,0.0026661193954047474,13,True
wind_capacity,Buildings demand,0.029905161742162664,0.029905161742162664,0.07119126641961389,0.041286104677451224,0.0026661193954047474,13,True
wind_capacity,Steel Production,0.0,-0.001437879913264578,0.039848224764186646,0.041286104677451224,0.0026661193954047474,13,False
wind_capacity,Chemical Production,0.032405133094968966,0.032405133094968966,0.07369123777242019,0.041286104677451224,0.0026661193954047474,13,True
wind_capacity,Passenger Cars,0.00022917907627841017,0.00022917907627841017,0.041515283753729634,0.041286104677451224,0.0026661193954047474,13,False
wind_capacity,Bunker aviation,0.0,-7.96859821162732e-05,0.04120641869533495,0.041286104677451224,0.0026661193954047474,13,False
wind_capacity,Bunker navigation,0.01690079268101275,0.01690079268101275,0.058186897358463975,0.041286104677451224,0.0026661193954047474,13,True
wind_capacity,Agriculture neGHG CH4,0.0,-0.0004025891126309272,0.0408835155648203,0.041286104677451224,0.0026661193954047474,13,False
wind_capacity,Agriculture neGHG N2O,0.003496867983271368,0.003496867983271368,0.04478297266072259,0.041286104677451224,0.0026661193954047474,13,False
wind_capacity,Wind offshore Costs,0.06798808503940819,0.06798808503940819,0.10927418971685941,0.041286104677451224,0.0026661193954047474,13,True
wind_capacity,Wind offshore Potential,0.05679664692285692,0.05679664692285692,0.09808275160030815,0.041286104677451224,0.0026661193954047474,13,True
wind_capacity,Solar PV Costs,0.0016617009147022258,0.0016617009147022258,0.04294780559215345,0.041286104677451224,0.0026661193954047474,13,False
wind_capacity,Solar PV Potential,0.007964795660670418,0.007964795660670418,0.04925090033812164,0.041286104677451224,0.0026661193954047474,13,True
wind_capacity,Nuclear Costs,0.04187212326535103,0.04187212326535103,0.08315822794280225,0.041286104677451224,0.0026661193954047474,13,True
wind_capacity,Nuclear Potential,0.0,-0.0010154337096185406,0.040270670967832684,0.041286104677451224,0.0026661193954047474,13,False
wind_capacity,Hydrogen Import Potential,0.0,-0.0023633668631480587,0.038922737814303165,0.041286104677451224,0.0026661193954047474,13,False
wind_capacity,Hydrogen Import Price,0.023922812414596206,0.023922812414596206,0.06520891709204743,0.041286104677451224,0.0026661193954047474,13,True
wind_capacity,Biomass Import Potential,0.014601956388098913,0.014601956388098913,0.05588806106555014,0.041286104677451224,0.0026661193954047474,13,True
wind_capacity,Biomass Import Price,0.033128707576846106,0.033128707576846106,0.07441481225429733,0.041286104677451224,0.0026661193954047474,13,True
wind_capacity,Ammonia Import Potential,0.04206610450020791,0.04206610450020791,0.08335220917765913,0.041286104677451224,0.0026661193954047474,13,True
wind_capacity,Ammonia Import Price,0.030626261926235326,0.030626261926235326,0.07191236660368655,0.041286104677451224,0.0026661193954047474,13,True
wind_capacity,CCS potential,0.028314391531486655,0.028314391531486655,0.06960049620893788,0.041286104677451224,0.0026661193954047474,13,True
wind_capacity,Flexibility Costs,0.0018427196074468771,0.0018427196074468771,0.0431288242848981,0.041286104677451224,0.0026661193954047474,13,False
wind_capacity,LNG Price,0.0,-0.00021359707343800854,0.041072507604013216,0.041286104677451224,0.0026661193954047474,13,False
wind_capacity,Electricity Trade Price,0.011031754873144874,0.011031754873144874,0.0523178595505961,0.041286104677451224,0.0026661193954047474,13,True
wind_capacity,Weather Conditions,0.05525584690471759,0.05525584690471759,0.09654195158216881,0.041286104677451224,0.0026661193954047474,13,True
wind_capacity,Electricity Trade Ratio,0.1559845884289134,0.1559845884289134,0.19727069310636464,0.041286104677451224,0.0026661193954047474,13,True
wind_capacity,Electricity Trade Volume,0.023643751538997143,0.023643751538997143,0.06492985621644837,0.041286104677451224,0.0026661193954047474,13,True
wind_capacity,WACC,0.04617866827232474,0.04617866827232474,0.08746477294977596,0.041286104677451224,0.0026661193954047474,13,True
wind_capacity,Bunker Emission Reduction,0.008759245190546723,0.008759245190546723,0.05004534986799795,0.041286104677451224,0.0026661193954047474,13,True
wind_capacity,End-of-Life Emission Reduction,0.01832513679921903,0.01832513679921903,0.059611241476670254,0.041286104677451224,0.0026661193954047474,13,True
wind_offshore_capacity,CO2 Cap,0.007149561820606387,0.007149561820606387,0.04916021176420614,0.04201064994359975,0.0023064254420063694,13,True
wind_offshore_capacity,Buildings demand,0.029001808353789155,0.029001808353789155,0.0710124582973889,0.04201064994359975,0.0023064254420063694,13,True
wind_offshore_capacity,Steel Production,0.0,-0.00013494242633548675,0.041875707517264264,0.04201064994359975,0.0023064254420063694,13,False
wind_offshore_capacity,Chemical Production,0.03354925125063084,0.03354925125063084,0.07555990119423059,0.04201064994359975,0.0023064254420063694,13,True
wind_offshore_capacity,Passenger Cars,0.0,-0.0010136289370620277,0.04099702100653772,0.04201064994359975,0.0023064254420063694,13,False
wind_offshore_capacity,Bunker aviation,0.0,-0.0014342190351510908,0.04057643090844866,0.04201064994359975,0.0023064254420063694,13,False
wind_offshore_capacity,Bunker navigation,0.016392201372485385,0.016392201372485385,0.058402851316085136,0.04201064994359975,0.0023064254420063694,13,True
wind_offshore_capacity,Agriculture neGHG CH4,0.0,-0.00021693153576279184,0.04179371840783696,0.04201064994359975,0.0023064254420063694,13,False
wind_offshore_capacity,Agriculture neGHG N2O,0.002012716664817518,0.002012716664817518,0.04402336660841727,0.04201064994359975,0.0023064254420063694,13,False
wind_offshore_capacity,Wind offshore Costs,0.08071565144686396,0.08071565144686396,0.12272630139046371,0.04201064994359975,0.0023064254420063694,13,True
wind_offshore_capacity,Wind offshore Potential,0.08946152297663588,0.08946152297663588,0.13147217292023564,0.04201064994359975,0.0023064254420063694,13,True
wind_offshore_capacity,Solar PV Costs,0.0012342427896929603,0.0012342427896929603,0.04324489273329271,0.04201064994359975,0.0023064254420063694,13,False
wind_offshore_capacity,Solar PV Potential,0.0040173546227414494,0.0040173546227414494,0.0460280045663412,0.04201064994359975,0.0023064254420063694,13,False
wind_offshore_capacity,Nuclear Costs,0.041209961632262454,0.041209961632262454,0.0832206115758622,0.04201064994359975,0.0023064254420063694,13,True
wind_offshore_capacity,Nuclear Potential,0.0,-0.0015372448999161417,0.04047340504368361,0.04201064994359975,0.0023064254420063694,13,False
wind_offshore_capacity,Hydrogen Import Potential,0.0,-0.0026763774887697475,0.039334272454830004,0.04201064994359975,0.0023064254420063694,13,False
wind_offshore_capacity,Hydrogen Import Price,0.021328182062326423,0.021328182062326423,0.06333883200592617,0.04201064994359975,0.0023064254420063694,13,True
wind_offshore_capacity,Biomass Import Potential,0.013075247316330384,0.013075247316330384,0.055085897259930135,0.04201064994359975,0.0023064254420063694,13,True
wind_offshore_capacity,Biomass Import Price,0.02866241117563391,0.02866241117563391,0.07067306111923366,0.04201064994359975,0.0023064254420063694,13,True
wind_offshore_capacity,Ammonia Import Potential,0.039098186315008374,0.039098186315008374,0.08110883625860812,0.04201064994359975,0.0023064254420063694,13,True
wind_offshore_capacity,Ammonia Import Price,0.028778439471192865,0.028778439471192865,0.07078908941479262,0.04201064994359975,0.0023064254420063694,13,True
wind_offshore_capacity,CCS potential,0.026653712699238788,0.026653712699238788,0.06866436264283854,0.04201064994359975,0.0023064254420063694,13,True
wind_offshore_capacity,Flexibility Costs,0.0,-0.0009856842781864952,0.041024965665413256,0.04201064994359975,0.0023064254420063694,13,False
wind_offshore_capacity,LNG Price,0.0,-0.0021446456652985876,0.03986600427830116,0.04201064994359975,0.0023064254420063694,13,False
wind_offshore_capacity,Electricity Trade Price,0.012368342188312634,0.012368342188312634,0.054378992131912385,0.04201064994359975,0.0023064254420063694,13,True
wind_offshore_capacity,Weather Conditions,0.04214869766755784,0.04214869766755784,0.08415934761115759,0.04201064994359975,0.0023064254420063694,13,True
wind_offshore_capacity,Electricity Trade Ratio,0.1521830873850566,0.1521830873850566,0.19419373732865636,0.04201064994359975,0.0023064254420063694,13,True
wind_offshore_capacity,Electricity Trade Volume,0.027919264598083762,0.027919264598083762,0.06992991454168351,0.04201064994359975,0.0023064254420063694,13,True
wind_offshore_capacity,WACC,0.04615015468336456,0.04615015468336456,0.08816080462696431,0.04201064994359975,0.0023064254420063694,13,True
wind_offshore_capacity,Bunker Emission Reduction,0.008084708289215162,0.008084708289215162,0.05009535823281491,0.04201064994359975,0.0023064254420063694,13,True
wind_offshore_capacity,End-of-Life Emission Reduction,0.018966740019822875,0.018966740019822875,0.060977389963422626,0.04201064994359975,0.0023064254420063694,13,True
wind_onshore_capacity,CO2 Cap,0.00021800966213179548,0.00021800966213179548,0.016002574338453188,0.015784564676321392,0.0025755910719605377,13,False
wind_onshore_capacity,Buildings demand,0.002461102085799031,0.002461102085799031,0.018245666762120423,0.015784564676321392,0.0025755910719605377,13,False
wind_onshore_capacity,Steel Production,0.000997756863911202,0.000997756863911202,0.016782321540232594,0.015784564676321392,0.0025755910719605377,13,False
wind_onshore_capacity,Chemical Production,0.008835307483482477,0.008835307483482477,0.02461987215980387,0.015784564676321392,0.0025755910719605377,13,True
wind_onshore_capacity,Passenger Cars,0.002726518505734108,0.002726518505734108,0.0185110831820555,0.015784564676321392,0.0025755910719605377,13,False
wind_onshore_capacity,Bunker aviation,0.0,-0.0010658973931747702,0.014718667283146622,0.015784564676321392,0.0025755910719605377,13,False
wind_onshore_capacity,Bunker navigation,0.00045950043736277604,0.00045950043736277604,0.016244065113684168,0.015784564676321392,0.0025755910719605377,13,False
wind_onshore_capacity,Agriculture neGHG CH4,0.0,-0.0009890141966303664,0.014795550479691026,0.015784564676321392,0.0025755910719605377,13,False
wind_onshore_capacity,Agriculture neGHG N2O,0.0,-0.0012599020134800958,0.014524662662841296,0.015784564676321392,0.0025755910719605377,13,False
wind_onshore_capacity,Wind offshore Costs,0.03733830519559553,0.03733830519559553,0.05312286987191692,0.015784564676321392,0.0025755910719605377,13,True
wind_onshore_capacity,Wind offshore Potential,0.018562043380719793,0.018562043380719793,0.034346608057041185,0.015784564676321392,0.0025755910719605377,13,True
wind_onshore_capacity,Solar PV Costs,0.00010268851587965158,0.00010268851587965158,0.015887253192201044,0.015784564676321392,0.0025755910719605377,13,False
wind_onshore_capacity,Solar PV Potential,0.0,-0.002397562346645654,0.013387002329675738,0.015784564676321392,0.0025755910719605377,13,False
wind_onshore_capacity,Nuclear Costs,0.005443641454260777,0.005443641454260777,0.02122820613058217,0.015784564676321392,0.0025755910719605377,13,True
wind_onshore_capacity,Nuclear Potential,0.0,-0.000949110568910087,0.014835454107411305,0.015784564676321392,0.0025755910719605377,13,False
wind_onshore_capacity,Hydrogen Import Potential,0.0,-0.0021249799152652064,0.013659584761056186,0.015784564676321392,0.0025755910719605377,13,False
wind_onshore_capacity,Hydrogen Import Price,0.006912052692469018,0.006912052692469018,0.02269661736879041,0.015784564676321392,0.0025755910719605377,13,True
wind_onshore_capacity,Biomass Import Potential,0.00038796182277615887,0.00038796182277615887,0.01617252649909755,0.015784564676321392,0.0025755910719605377,13,False
wind_onshore_capacity,Biomass Import Price,0.008947067565632755,0.008947067565632755,0.024731632241954148,0.015784564676321392,0.0025755910719605377,13,True
wind_onshore_capacity,Ammonia Import Potential,0.013155763233940274,0.013155763233940274,0.028940327910261666,0.015784564676321392,0.0025755910719605377,13,True
wind_onshore_capacity,Ammonia Import Price,0.004204888936032103,0.004204888936032103,0.019989453612353495,0.015784564676321392,0.0025755910719605377,13,False
wind_onshore_capacity,CCS potential,0.010223463625488368,0.010223463625488368,0.02600802830180976,0.015784564676321392,0.0025755910719605377,13,True
wind_onshore_capacity,Flexibility Costs,0.0,-0.00014090353195436375,0.01564366114436703,0.015784564676321392,0.0025755910719605377,13,False
wind_onshore_capacity,LNG Price,0.00018867347225820855,0.00018867347225820855,0.0159732381485796,0.015784564676321392,0.0025755910719605377,13,False
wind_onshore_capacity,Electricity Trade Price,0.0036447913478009977,0.0036447913478009977,0.01942935602412239,0.015784564676321392,0.0025755910719605377,13,False
wind_onshore_capacity,Weather Conditions,0.30588979278015954,0.30588979278015954,0.32167435745648093,0.015784564676321392,0.0025755910719605377,13,True
wind_onshore_capacity,Electricity Trade Ratio,0.0163438081900063,0.0163438081900063,0.03212837286632769,0.015784564676321392,0.0025755910719605377,13,True
wind_onshore_capacity,Electricity Trade Volume,0.0054075895601465584,0.0054075895601465584,0.02119215423646795,0.015784564676321392,0.0025755910719605377,13,True
wind_onshore_capacity,WACC,0.0,-0.00014160303527991497,0.015642961641041477,0.015784564676321392,0.0025755910719605377,13,False
wind_onshore_capacity,Bunker Emission Reduction,0.008517114385202352,0.008517114385202352,0.024301679061523744,0.015784564676321392,0.0025755910719605377,13,True
wind_onshore_capacity,End-of-Life Emission Reduction,0.009359402447449861,0.009359402447449861,0.025143967123771253,0.015784564676321392,0.0025755910719605377,13,True
