kpi,parameter,mu_star,sigma,n_eff
total_system_cost,CO2 Cap,2496.939871006924,3711.138911898058,103
total_system_cost,Buildings demand,4693.911097520993,945.0954040978024,79
total_system_cost,Steel Production,1526.8499439660338,458.56466262972157,86
total_system_cost,Chemical Production,8278.730086019395,19872.39294626108,97
total_system_cost,Passenger Cars,3642.0886548094018,200.16009435990676,94
total_system_cost,Bunker aviation,1824.8735394529785,3297.2097983507488,98
total_system_cost,Bunker navigation,4392.812562294716,1613.9747463409315,102
total_system_cost,Agriculture neGHG CH4,1533.6259283115896,4872.511895131326,101
total_system_cost,Agriculture neGHG N2O,421.9587283473549,235.15563101865573,105
total_system_cost,Wind offshore Costs,1936.0785405615206,554.5863950173425,104
total_system_cost,Wind offshore Potential,306.91371017182905,1260.422060475607,85
total_system_cost,Solar PV Costs,668.3233467808037,217.89386079997666,97
total_system_cost,Solar PV Potential,376.87265146207505,2541.917018862134,88
total_system_cost,Nuclear Costs,754.7184504928177,912.1337888030438,84
total_system_cost,Nuclear Potential,294.18747580086426,538.3809405571529,84
total_system_cost,Hydrogen Import Potential,3020.4415923474344,15954.530969624791,86
total_system_cost,Hydrogen Import Price,1002.0144012527095,1737.8503463723616,111
total_system_cost,Biomass Import Potential,3318.519059380605,16664.921261244726,103
total_system_cost,Biomass Import Price,5355.144166992458,2250.1951297424957,95
total_system_cost,Ammonia Import Potential,2254.3180525404164,2930.896990239718,94
total_system_cost,Ammonia Import Price,2666.282797077106,2192.650896845816,90
total_system_cost,CCS potential,5098.051139765184,10985.33512918453,83
total_system_cost,Flexibility Costs,38.130601447992106,57.45404453015064,81
total_system_cost,LNG Price,212.9866253887681,392.76446973738746,125
total_system_cost,Electricity Trade Price,1417.1836639219568,1686.7137244517712,123
total_system_cost,Weather Conditions,5261.918677338232,10831.631055495784,116
total_system_cost,Electricity Trade Ratio,1830.9589782294038,3069.717777410634,87
total_system_cost,Electricity Trade Volume,4687.6486538937115,10596.930755234194,95
total_system_cost,WACC,9766.00802741633,1739.206485824853,103
total_system_cost,Bunker Emission Reduction,3190.80582251801,1288.0112617611073,83
total_system_cost,End-of-Life Emission Reduction,7223.243371750753,16104.308513222097,89
unit_energy_cost,CO2 Cap,0.80035808859295,0.5958866659409849,103
unit_energy_cost,Buildings demand,0.37112756176901324,0.5515985809234782,79
unit_energy_cost,Steel Production,0.2435774291465483,0.3471046722905583,86
unit_energy_cost,Chemical Production,1.6460733194779005,5.284541724381633,97
unit_energy_cost,Passenger Cars,1.213915597753748,0.17533684873890726,94
unit_energy_cost,Bunker aviation,0.4267592206454019,1.1315009480721376,98
unit_energy_cost,Bunker navigation,0.48778940236077023,0.6994164738548719,102
unit_energy_cost,Agriculture neGHG CH4,0.5963304154206586,1.7200794697381538,101
unit_energy_cost,Agriculture neGHG N2O,0.18999789572177,0.21293889460837837,105
unit_energy_cost,Wind offshore Costs,0.8746003242982868,0.9136685655635254,104
unit_energy_cost,Wind offshore Potential,0.3815033666028176,1.103405217939538,85
unit_energy_cost,Solar PV Costs,0.25562138697835396,0.25256566720871065,97
unit_energy_cost,Solar PV Potential,0.15739588666123538,0.6703362359771365,88
unit_energy_cost,Nuclear Costs,1.7763465656321844,2.4383862313651727,84
unit_energy_cost,Nuclear Potential,0.6910222831821153,1.178717274046979,84
unit_energy_cost,Hydrogen Import Potential,0.9053207098857583,4.8539870724377225,86
unit_energy_cost,Hydrogen Import Price,0.3609295714775625,0.7135882442126136,111
unit_energy_cost,Biomass Import Potential,1.5368955436741865,5.386801783067166,103
unit_energy_cost,Biomass Import Price,2.8541472071025025,2.0015508729641716,95
unit_energy_cost,Ammonia Import Potential,0.753884057952883,1.2601213031995377,94
unit_energy_cost,Ammonia Import Price,1.047168579572009,1.3930174709659982,90
unit_energy_cost,CCS potential,2.2425560373059152,2.4682016697584754,83
unit_energy_cost,Flexibility Costs,0.04961227034898359,0.0980227184953245,81
unit_energy_cost,LNG Price,0.14902789361606314,0.398095204317226,125
unit_energy_cost,Electricity Trade Price,0.7391954874379622,0.9595515885527579,123
unit_energy_cost,Weather Conditions,2.151228205593969,3.161917917337868,116
unit_energy_cost,Electricity Trade Ratio,2.217404798784137,2.585846336356712,87
unit_energy_cost,Electricity Trade Volume,2.2082975477646634,3.5013217186118197,95
unit_energy_cost,WACC,3.879887881793084,0.9687879658949162,103
unit_energy_cost,Bunker Emission Reduction,0.7124661175598698,0.7817635375322873,83
unit_energy_cost,End-of-Life Emission Reduction,1.3114451972035184,3.741774524540813,89
co2_price,CO2 Cap,67.8453811469444,173.26661321475834,103
co2_price,Buildings demand,52.05959951800478,177.0285234661155,79
co2_price,Steel Production,13.065791568693221,25.55054909448678,86
co2_price,Chemical Production,100.27310843072013,445.260706417398,97
co2_price,Passenger Cars,0.7878006769782501,1.5142674997871088,94
co2_price,Bunker aviation,20.21292073148053,94.8121633101245,98
co2_price,Bunker navigation,88.17140627704,232.8373890160713,102
co2_price,Agriculture neGHG CH4,36.63592052966484,121.64412674452095,101
co2_price,Agriculture neGHG N2O,15.396049522780885,34.99379361380563,105
co2_price,Wind offshore Costs,17.18310885842245,29.526240166735302,104
co2_price,Wind offshore Potential,26.07238772946115,77.55980360436273,85
co2_price,Solar PV Costs,6.755054038527198,11.097654104569036,97
co2_price,Solar PV Potential,4.687517273066772,13.876049546805284,88
co2_price,Nuclear Costs,16.06277013218915,28.807107032082218,84
co2_price,Nuclear Potential,16.200475173440434,42.95342566814533,84
co2_price,Hydrogen Import Potential,328.144796135493,2813.3588505732273,86
co2_price,Hydrogen Import Price,39.97177255146219,62.48837571990262,111
co2_price,Biomass Import Potential,131.36387946089098,400.8017888443973,103
co2_price,Biomass Import Price,68.58221769833607,86.8248371430092,95
co2_price,Ammonia Import Potential,181.41437329070368,542.5564387234365,94
co2_price,Ammonia Import Price,58.19078783600064,79.97822680669609,90
co2_price,CCS potential,147.76799806752595,217.03346799230906,83
co2_price,Flexibility Costs,4.246125411779679,10.63480769015728,81
co2_price,LNG Price,7.385214676305342,18.899666183628767,125
co2_price,Electricity Trade Price,12.639079420229447,25.841517267117595,123
co2_price,Weather Conditions,326.1087990933756,2461.9026646459633,116
co2_price,Electricity Trade Ratio,41.71884332484798,95.58876697362335,87
co2_price,Electricity Trade Volume,381.536154549581,2907.339209993842,95
co2_price,WACC,52.44134132817664,77.14988173175489,103
co2_price,Bunker Emission Reduction,67.59707992232258,151.84287532080447,83
co2_price,End-of-Life Emission Reduction,57.15024950562549,127.89740988012169,89
elec_price_hv,CO2 Cap,13645.783313729857,127801.14461464061,103
elec_price_hv,Buildings demand,29802.306949613303,139911.17529313194,79
elec_price_hv,Steel Production,31638.894558336153,198786.5992260236,86
elec_price_hv,Chemical Production,34155.200577891155,186732.57099008412,97
elec_price_hv,Passenger Cars,9149.631240896491,84923.54849004888,94
elec_price_hv,Bunker aviation,6749.473986648481,46467.828619042244,98
elec_price_hv,Bunker navigation,22228.428379418485,158944.0056512604,102
elec_price_hv,Agriculture neGHG CH4,26584.046369098938,153553.25843099735,101
elec_price_hv,Agriculture neGHG N2O,6920.597407294802,42599.264245417005,105
elec_price_hv,Wind offshore Costs,21720.837417047904,135228.1384556646,104
elec_price_hv,Wind offshore Potential,11657.1251778351,53507.900153353636,85
elec_price_hv,Solar PV Costs,87613.922945767,312015.85193075583,97
elec_price_hv,Solar PV Potential,28579.27366420571,184285.20629074474,88
elec_price_hv,Nuclear Costs,34142.765099261815,199272.20351009766,84
elec_price_hv,Nuclear Potential,35818.76438444088,200720.75167687904,84
elec_price_hv,Hydrogen Import Potential,9124.94243888257,52436.68304990763,86
elec_price_hv,Hydrogen Import Price,128.5112157561101,957.5828468906955,111
elec_price_hv,Biomass Import Potential,46846.16791146114,229007.82186932812,103
elec_price_hv,Biomass Import Price,15611.40491288625,90245.98256593134,95
elec_price_hv,Ammonia Import Potential,7805.228942913897,42175.031858632006,94
elec_price_hv,Ammonia Import Price,11493.91551773652,78457.50284745981,90
elec_price_hv,CCS potential,6066.337358095526,45642.11945883791,83
elec_price_hv,Flexibility Costs,61554.93207347141,254437.02717422938,81
elec_price_hv,LNG Price,9376.0978153825,90994.00753329674,125
elec_price_hv,Electricity Trade Price,37240.292923264125,201875.29216964866,123
elec_price_hv,Weather Conditions,26525.1870348229,172594.21779391004,116
elec_price_hv,Electricity Trade Ratio,41404.36787712039,206134.56737328347,87
elec_price_hv,Electricity Trade Volume,5694.192760362205,39913.97668283186,95
elec_price_hv,WACC,95417.7620468722,308747.7286154517,103
elec_price_hv,Bunker Emission Reduction,32359.93736557483,166255.91415960802,83
elec_price_hv,End-of-Life Emission Reduction,15389.488840756634,94421.70452946871,89
elec_price_lv,CO2 Cap,90.92698129532312,199.34578781796793,103
elec_price_lv,Buildings demand,103.30178131602797,326.30897837206726,79
elec_price_lv,Steel Production,131.92202604765328,417.4795869027506,86
elec_price_lv,Chemical Production,118.1636058989601,307.39916115716153,97
elec_price_lv,Passenger Cars,73.54822559784787,187.22548834138777,94
elec_price_lv,Bunker aviation,62.79705461094804,122.30777211790259,98
elec_price_lv,Bunker navigation,93.79243818319523,252.99301710804335,102
elec_price_lv,Agriculture neGHG CH4,97.20164193996888,312.4290372146958,101
elec_price_lv,Agriculture neGHG N2O,67.00128500102748,161.1374138150421,105
elec_price_lv,Wind offshore Costs,70.15276247065876,145.2824841308684,104
elec_price_lv,Wind offshore Potential,70.98133655864657,202.11962610031367,85
elec_price_lv,Solar PV Costs,147.21634053779601,437.38679350433057,97
elec_price_lv,Solar PV Potential,140.0847825872512,428.41799786019953,88
elec_price_lv,Nuclear Costs,119.04451080805521,416.7770200556154,84
elec_price_lv,Nuclear Potential,95.34155668735653,317.0106147694981,84
elec_price_lv,Hydrogen Import Potential,89.05844176615982,217.53642365465313,86
elec_price_lv,Hydrogen Import Price,66.9110488353039,184.500433764196,111
elec_price_lv,Biomass Import Potential,117.26839023776805,317.5017161374978,103
elec_price_lv,Biomass Import Price,64.01503893615637,143.72198802135813,95
elec_price_lv,Ammonia Import Potential,65.74690980439173,128.7127157446476,94
elec_price_lv,Ammonia Import Price,53.93999960141457,107.68781659733443,90
elec_price_lv,CCS potential,128.84812223741608,388.21727194778805,83
elec_price_lv,Flexibility Costs,97.68143393156197,353.8696478254161,81
elec_price_lv,LNG Price,78.11608823792086,175.376356580696,125
elec_price_lv,Electricity Trade Price,74.20571425870254,184.05769343504159,123
elec_price_lv,Weather Conditions,170.4583663459523,413.835859601866,116
elec_price_lv,Electricity Trade Ratio,128.46156306900397,384.9655825170372,87
elec_price_lv,Electricity Trade Volume,107.27319429801072,263.8702513476533,95
elec_price_lv,WACC,148.290015307346,406.25908377112876,103
elec_price_lv,Bunker Emission Reduction,127.28816797051049,321.0138956892569,83
elec_price_lv,End-of-Life Emission Reduction,106.70152854330178,232.52736281748912,89
elec_price_hv_std,CO2 Cap,8.485719763809008,22.699841290130315,103
elec_price_hv_std,Buildings demand,8.241389330127255,14.991534469130018,79
elec_price_hv_std,Steel Production,8.73828483250644,15.202068615210134,86
elec_price_hv_std,Chemical Production,8.339965777756603,15.85015249207246,97
elec_price_hv_std,Passenger Cars,5.1509011541664345,8.674324311933077,94
elec_price_hv_std,Bunker aviation,7.452177500425704,13.716075291568147,98
elec_price_hv_std,Bunker navigation,8.899751665112365,13.08248624483014,102
elec_price_hv_std,Agriculture neGHG CH4,8.060330283066865,18.423604699968077,101
elec_price_hv_std,Agriculture neGHG N2O,6.8428409719532715,11.78373264455978,105
elec_price_hv_std,Wind offshore Costs,6.933972014902287,10.311665507587485,104
elec_price_hv_std,Wind offshore Potential,8.606860888277494,16.83212623197077,85
elec_price_hv_std,Solar PV Costs,8.417518706903591,16.44437762941224,97
elec_price_hv_std,Solar PV Potential,8.168247990001644,27.01783670272738,88
elec_price_hv_std,Nuclear Costs,8.489781543132345,19.370877089053785,84
elec_price_hv_std,Nuclear Potential,8.841931712734604,15.390897875802542,84
elec_price_hv_std,Hydrogen Import Potential,14.764351091249177,40.35450566816081,86
elec_price_hv_std,Hydrogen Import Price,5.918273885899748,8.621212131922068,111
elec_price_hv_std,Biomass Import Potential,8.716712170818049,20.323943498216348,103
elec_price_hv_std,Biomass Import Price,11.660093332443447,26.156076180012057,95
elec_price_hv_std,Ammonia Import Potential,10.270822632143524,15.148325088848502,94
elec_price_hv_std,Ammonia Import Price,6.562549686455847,11.040339559827995,90
elec_price_hv_std,CCS potential,11.865581498061646,21.385125077081828,83
elec_price_hv_std,Flexibility Costs,9.128030092319877,15.716321137090913,81
elec_price_hv_std,LNG Price,5.398612367534664,9.154596178316696,125
elec_price_hv_std,Electricity Trade Price,12.1561813071705,27.981897153511042,123
elec_price_hv_std,Weather Conditions,21.487442606260508,43.36353389125493,116
elec_price_hv_std,Electricity Trade Ratio,20.25287652391801,27.127186212300554,87
elec_price_hv_std,Electricity Trade Volume,19.675355772140893,42.125554130381374,95
elec_price_hv_std,WACC,8.885629815130427,11.0187467923646,103
elec_price_hv_std,Bunker Emission Reduction,7.225446267325543,11.771113148333145,83
elec_price_hv_std,End-of-Life Emission Reduction,14.932423990333511,34.100808350731654,89
feedstock_co2_price,CO2 Cap,99.01993659319093,334.9509331852476,103
feedstock_co2_price,Buildings demand,40.45477054613695,162.38061600709895,79
feedstock_co2_price,Steel Production,27.677557032937177,135.31617713095818,86
feedstock_co2_price,Chemical Production,550.5074200244271,1777.167874066122,97
feedstock_co2_price,Passenger Cars,0.5424680228545823,1.915764850565358,94
feedstock_co2_price,Bunker aviation,17.05445031072091,54.97920162534319,98
feedstock_co2_price,Bunker navigation,78.04115353122478,253.75984052112477,102
feedstock_co2_price,Agriculture neGHG CH4,22.327083756025015,101.71010420611992,101
feedstock_co2_price,Agriculture neGHG N2O,7.032703712555846,19.123342430966915,105
feedstock_co2_price,Wind offshore Costs,28.306605227587838,135.2021215320947,104
feedstock_co2_price,Wind offshore Potential,53.119867073717344,243.21946020442024,85
feedstock_co2_price,Solar PV Costs,9.370390013586267,36.76211646320895,97
feedstock_co2_price,Solar PV Potential,5.904971796157882,19.70614842875526,88
feedstock_co2_price,Nuclear Costs,7.762860067064681,27.88341327007383,84
feedstock_co2_price,Nuclear Potential,16.130298065282794,65.187576546611,84
feedstock_co2_price,Hydrogen Import Potential,166.8431801578559,1202.843369774786,86
feedstock_co2_price,Hydrogen Import Price,50.4001810808828,194.02119562431767,111
feedstock_co2_price,Biomass Import Potential,287.14518512202625,979.9676175026162,103
feedstock_co2_price,Biomass Import Price,46.815351018552704,212.9740734265238,95
feedstock_co2_price,Ammonia Import Potential,128.41971948850446,439.86564669828397,94
feedstock_co2_price,Ammonia Import Price,68.70869234121551,238.2422876317467,90
feedstock_co2_price,CCS potential,121.65805635781507,361.4951766338846,83
feedstock_co2_price,Flexibility Costs,4.901312421820156,12.761870027319924,81
feedstock_co2_price,LNG Price,21.29635294678893,142.9707903852059,125
feedstock_co2_price,Electricity Trade Price,12.087071893929751,34.63984881539363,123
feedstock_co2_price,Weather Conditions,87.13772478534871,244.64713473975732,116
feedstock_co2_price,Electricity Trade Ratio,21.83204195748028,81.78695807211916,87
feedstock_co2_price,Electricity Trade Volume,88.90247966722686,324.0420936287852,95
feedstock_co2_price,WACC,146.79119986056457,529.5733184192512,103
feedstock_co2_price,Bunker Emission Reduction,105.52157174977093,353.8800125606292,83
feedstock_co2_price,End-of-Life Emission Reduction,1970.62081314395,3379.8249949753936,89
import_dependency,CO2 Cap,0.020019042377303297,0.02563679204259247,103
import_dependency,Buildings demand,0.03169082578208901,0.030664160507555688,79
import_dependency,Steel Production,0.008790991759451887,0.012985666269841777,86
import_dependency,Chemical Production,0.03951391702967873,0.04813116758522406,97
import_dependency,Passenger Cars,0.0039112325288288945,0.0031159778237721115,94
import_dependency,Bunker aviation,0.011147441992378314,0.01516426242494109,98
import_dependency,Bunker navigation,0.032312643905089124,0.04194381398734299,102
import_dependency,Agriculture neGHG CH4,0.014814454964071983,0.019092632485938132,101
import_dependency,Agriculture neGHG N2O,0.007650628087753466,0.011670830072257478,105
import_dependency,Wind offshore Costs,0.03766467469404256,0.0477315831467892,104
import_dependency,Wind offshore Potential,0.034059855372366964,0.07914212114212203,85
import_dependency,Solar PV Costs,0.007889061471865329,0.012364200853141381,97
import_dependency,Solar PV Potential,0.006712139631946303,0.01489022777100944,88
import_dependency,Nuclear Costs,0.0823779572175756,0.11958551770273564,84
import_dependency,Nuclear Potential,0.030934234163668577,0.04942537824414345,84
import_dependency,Hydrogen Import Potential,0.02505133148638959,0.04822788877550314,86
import_dependency,Hydrogen Import Price,0.02824099039753153,0.04771340578540248,111
import_dependency,Biomass Import Potential,0.040440769449709354,0.056459595078643544,103
import_dependency,Biomass Import Price,0.06825471126642917,0.09564755632199592,95
import_dependency,Ammonia Import Potential,0.04973831889066126,0.07697494045352231,94
import_dependency,Ammonia Import Price,0.04505589671375943,0.07836031019744127,90
import_dependency,CCS potential,0.07738171076492872,0.08289810163459932,83
import_dependency,Flexibility Costs,0.0030268760951293783,0.00896192788381631,81
import_dependency,LNG Price,0.006141534082523134,0.013256163788586087,125
import_dependency,Electricity Trade Price,0.02563454952316265,0.05375120994208853,123
import_dependency,Weather Conditions,0.13634869021067006,0.1750511700989583,116
import_dependency,Electricity Trade Ratio,0.07636690945131233,0.10733575711521018,87
import_dependency,Electricity Trade Volume,0.11282051820367678,0.10836113249946254,95
import_dependency,WACC,0.05167963762347449,0.05203654902371054,103
import_dependency,Bunker Emission Reduction,0.03208719278808825,0.0397097056730964,83
import_dependency,End-of-Life Emission Reduction,0.04930441224602794,0.08484478668629247,89
self_sufficiency,CO2 Cap,0.020019042377303294,0.02563679204259247,103
self_sufficiency,Buildings demand,0.03169082578208903,0.03066416050755569,79
self_sufficiency,Steel Production,0.00879099175945188,0.012985666269841765,86
self_sufficiency,Chemical Production,0.03951391702967875,0.04813116758522408,97
self_sufficiency,Passenger Cars,0.003911232528828903,0.0031159778237721076,94
self_sufficiency,Bunker aviation,0.011147441992378314,0.015164262424941097,98
self_sufficiency,Bunker navigation,0.03231264390508912,0.041943813987342975,102
self_sufficiency,Agriculture neGHG CH4,0.014814454964071994,0.019092632485938142,101
self_sufficiency,Agriculture neGHG N2O,0.0076506280877534655,0.011670830072257476,105
self_sufficiency,Wind offshore Costs,0.03766467469404256,0.04773158314678921,104
self_sufficiency,Wind offshore Potential,0.03405985537236696,0.07914212114212203,85
self_sufficiency,Solar PV Costs,0.007889061471865322,0.01236420085314138,97
self_sufficiency,Solar PV Potential,0.006712139631946307,0.01489022777100944,88
self_sufficiency,Nuclear Costs,0.08237795721757557,0.11958551770273564,84
self_sufficiency,Nuclear Potential,0.030934234163668566,0.049425378244143434,84
self_sufficiency,Hydrogen Import Potential,0.025051331486389595,0.04822788877550314,86
self_sufficiency,Hydrogen Import Price,0.02824099039753154,0.04771340578540248,111
self_sufficiency,Biomass Import Potential,0.040440769449709354,0.05645959507864354,103
self_sufficiency,Biomass Import Price,0.06825471126642917,0.09564755632199592,95
self_sufficiency,Ammonia Import Potential,0.04973831889066125,0.07697494045352228,94
self_sufficiency,Ammonia Import Price,0.04505589671375944,0.07836031019744127,90
self_sufficiency,CCS potential,0.07738171076492874,0.08289810163459933,83
self_sufficiency,Flexibility Costs,0.003026876095129391,0.00896192788381631,81
self_sufficiency,LNG Price,0.006141534082523131,0.01325616378858609,125
self_sufficiency,Electricity Trade Price,0.025634549523162655,0.05375120994208854,123
self_sufficiency,Weather Conditions,0.13634869021067006,0.17505117009895826,116
self_sufficiency,Electricity Trade Ratio,0.07636690945131233,0.1073357571152102,87
self_sufficiency,Electricity Trade Volume,0.11282051820367678,0.10836113249946254,95
self_sufficiency,WACC,0.05167963762347448,0.052036549023710535,103
self_sufficiency,Bunker Emission Reduction,0.032087192788088255,0.03970970567309642,83
self_sufficiency,End-of-Life Emission Reduction,0.04930441224602793,0.08484478668629246,89
gas_import_share,CO2 Cap,0.060740318420567145,0.025393191826726735,103
gas_import_share,Buildings demand,0.020346146718021152,0.013495543294744393,79
gas_import_share,Steel Production,0.007469918898334996,0.007604980196611081,86
gas_import_share,Chemical Production,0.02785770000367202,0.03325701365773789,97
gas_import_share,Passenger Cars,0.001892152820727424,0.0020047174959322367,94
gas_import_share,Bunker aviation,0.009878286528767363,0.010990900091496615,98
gas_import_share,Bunker navigation,0.015799291552521556,0.01632548674915639,102
gas_import_share,Agriculture neGHG CH4,0.02788565761671144,0.012497081444436715,101
gas_import_share,Agriculture neGHG N2O,0.013514083025206196,0.00756502921594226,105
gas_import_share,Wind offshore Costs,0.009552340528396793,0.018069297519235347,104
gas_import_share,Wind offshore Potential,0.004344814950614032,0.011811827831751743,85
gas_import_share,Solar PV Costs,0.0024960480779317403,0.005508170043703196,97
gas_import_share,Solar PV Potential,0.0015721134613622878,0.00396414319379291,88
gas_import_share,Nuclear Costs,0.01915758892832775,0.030999491347833037,84
gas_import_share,Nuclear Potential,0.0078268113294002,0.015053009475075041,84
gas_import_share,Hydrogen Import Potential,0.008172898833159364,0.01954843830008712,86
gas_import_share,Hydrogen Import Price,0.013354158700048718,0.0277290310962793,111
gas_import_share,Biomass Import Potential,0.019914795668062354,0.033747360712482265,103
gas_import_share,Biomass Import Price,0.023725905138706198,0.04492285766146568,95
gas_import_share,Ammonia Import Potential,0.01586702999075088,0.02846065295090187,94
gas_import_share,Ammonia Import Price,0.015342099812698648,0.04132763915595197,90
gas_import_share,CCS potential,0.1753595575172121,0.038403978220221076,83
gas_import_share,Flexibility Costs,0.0017241360530493666,0.004453029205365426,81
gas_import_share,LNG Price,0.01716313444799007,0.036497924479485,125
gas_import_share,Electricity Trade Price,0.008157104623536058,0.014709047837110354,123
gas_import_share,Weather Conditions,0.027650774228805866,0.03969152651963068,116
gas_import_share,Electricity Trade Ratio,0.02395747832540524,0.03239417488787376,87
gas_import_share,Electricity Trade Volume,0.023959979803473225,0.03254995666366642,95
gas_import_share,WACC,0.02077978558402973,0.030559431794792032,103
gas_import_share,Bunker Emission Reduction,0.033058621641171196,0.0323223962566872,83
gas_import_share,End-of-Life Emission Reduction,0.06099668579024362,0.07170634277394866,89
import_concentration_hhi,CO2 Cap,0.058013750195061276,0.04005012013039333,103
import_concentration_hhi,Buildings demand,0.03031505620147205,0.06172495057104698,79
import_concentration_hhi,Steel Production,0.011991747723823602,0.015057713141723132,86
import_concentration_hhi,Chemical Production,0.03607913307167208,0.06731016423200584,97
import_concentration_hhi,Passenger Cars,0.001285916150349306,0.002896504741880779,94
import_concentration_hhi,Bunker aviation,0.015525478638411035,0.018745734810170608,98
import_concentration_hhi,Bunker navigation,0.049768366351697124,0.07419720804123593,102
import_concentration_hhi,Agriculture neGHG CH4,0.03178564152337134,0.04211274719297354,101
import_concentration_hhi,Agriculture neGHG N2O,0.01392994760782888,0.015558757565897096,105
import_concentration_hhi,Wind offshore Costs,0.028689714964125,0.05550677277573255,104
import_concentration_hhi,Wind offshore Potential,0.027282525558080174,0.07929158876056441,85
import_concentration_hhi,Solar PV Costs,0.006636315688089935,0.016948339366340534,97
import_concentration_hhi,Solar PV Potential,0.006107682708659228,0.020528293144525436,88
import_concentration_hhi,Nuclear Costs,0.1518996145834158,0.21278462313599636,84
import_concentration_hhi,Nuclear Potential,0.04767818251313746,0.07718187753445425,84
import_concentration_hhi,Hydrogen Import Potential,0.02365716082305873,0.04788697280262605,86
import_concentration_hhi,Hydrogen Import Price,0.03642443440150914,0.0671535760625856,111
import_concentration_hhi,Biomass Import Potential,0.041602409859240366,0.07329416820566756,103
import_concentration_hhi,Biomass Import Price,0.05111959548920479,0.10520854372741228,95
import_concentration_hhi,Ammonia Import Potential,0.06323446002816403,0.10070666964815728,94
import_concentration_hhi,Ammonia Import Price,0.04475839002305929,0.07329663307999529,90
import_concentration_hhi,CCS potential,0.1774083011799757,0.12360882270586847,83
import_concentration_hhi,Flexibility Costs,0.0016361170632070998,0.0048541707123638395,81
import_concentration_hhi,LNG Price,0.0034485597820727953,0.008790341757035148,125
import_concentration_hhi,Electricity Trade Price,0.011103842292312613,0.023470700898851043,123
import_concentration_hhi,Weather Conditions,0.10494273651897455,0.1869312589578645,116
import_concentration_hhi,Electricity Trade Ratio,0.03454275141236175,0.06883711983638599,87
import_concentration_hhi,Electricity Trade Volume,0.04789487176401079,0.08140679155490561,95
import_concentration_hhi,WACC,0.03563493674558759,0.05307900439654911,103
import_concentration_hhi,Bunker Emission Reduction,0.05542034706028996,0.05476914744151321,83
import_concentration_hhi,End-of-Life Emission Reduction,0.05767514996421101,0.09385460107363643,89
net_elec_imports,CO2 Cap,6.3821960065210686,15.482432210591183,103
net_elec_imports,Buildings demand,11.685206069562167,23.67585494786251,79
net_elec_imports,Steel Production,2.835974054496028,11.885388788740542,86
net_elec_imports,Chemical Production,14.0269198516656,40.52751737650754,97
net_elec_imports,Passenger Cars,1.111655662220567,2.4204250508110285,94
net_elec_imports,Bunker aviation,2.539673667136015,7.440614177061926,98
net_elec_imports,Bunker navigation,8.636724397739684,22.59614551242663,102
net_elec_imports,Agriculture neGHG CH4,3.8343485617259665,9.481640580622734,101
net_elec_imports,Agriculture neGHG N2O,2.6105606262160754,8.108139733821503,105
net_elec_imports,Wind offshore Costs,18.033144013108465,53.30220666747058,104
net_elec_imports,Wind offshore Potential,22.82684633891619,76.88225252125784,85
net_elec_imports,Solar PV Costs,4.39954059388331,10.185886460801303,97
net_elec_imports,Solar PV Potential,3.066139565777767,7.521409257270695,88
net_elec_imports,Nuclear Costs,17.074787439571583,46.39213003690271,84
net_elec_imports,Nuclear Potential,8.886156649808887,29.20361255091453,84
net_elec_imports,Hydrogen Import Potential,7.748582037261759,29.8601781676017,86
net_elec_imports,Hydrogen Import Price,6.214791156554603,21.329251790675226,111
net_elec_imports,Biomass Import Potential,8.325856558886406,25.76288208999205,103
net_elec_imports,Biomass Import Price,16.165656227372104,41.5423591732002,95
net_elec_imports,Ammonia Import Potential,10.843173838067107,36.29142595542344,94
net_elec_imports,Ammonia Import Price,20.577441948306276,50.88457971724425,90
net_elec_imports,CCS potential,20.72781915323907,47.100090015189366,83
net_elec_imports,Flexibility Costs,2.238997587891937,6.838223805013734,81
net_elec_imports,LNG Price,0.8021921076131109,3.5175436757444563,125
net_elec_imports,Electricity Trade Price,65.60636232929699,117.19043087802457,123
net_elec_imports,Weather Conditions,89.85597642140849,180.3126928840063,116
net_elec_imports,Electricity Trade Ratio,277.6499142813778,325.98735086844806,87
net_elec_imports,Electricity Trade Volume,214.70364697882442,236.1103167212142,95
net_elec_imports,WACC,22.29481092956586,48.58119284842487,103
net_elec_imports,Bunker Emission Reduction,9.974960511327096,19.411031950467947,83
net_elec_imports,End-of-Life Emission Reduction,11.486509020135456,41.344641184670785,89
biomass_imports,CO2 Cap,63.586142411648005,81.42851134791714,103
biomass_imports,Buildings demand,22.77844361798827,35.14161783867351,79
biomass_imports,Steel Production,11.302940852381163,20.891871830315157,86
biomass_imports,Chemical Production,62.58261075160045,90.21039349410347,97
biomass_imports,Passenger Cars,1.0883429986932032,2.1316401573791013,94
biomass_imports,Bunker aviation,32.20823822629297,41.620140170844486,98
biomass_imports,Bunker navigation,52.47424877291884,83.60535678856783,102
biomass_imports,Agriculture neGHG CH4,28.027627123058906,43.796717352644094,101
biomass_imports,Agriculture neGHG N2O,7.934564490568902,13.96297900577552,105
biomass_imports,Wind offshore Costs,18.882205227565436,45.09977182847869,104
biomass_imports,Wind offshore Potential,11.910232664913313,44.142361882699,85
biomass_imports,Solar PV Costs,7.289062872922646,18.26451064230473,97
biomass_imports,Solar PV Potential,1.5249480485997273,5.5983101735551575,88
biomass_imports,Nuclear Costs,22.89723612768735,59.004166920903494,84
biomass_imports,Nuclear Potential,10.458530488711263,27.713991293466513,84
biomass_imports,Hydrogen Import Potential,30.727480711441817,87.25998791772471,86
biomass_imports,Hydrogen Import Price,56.36257296194735,141.12282296047985,111
biomass_imports,Biomass Import Potential,234.27395434428146,175.07436612875605,103
biomass_imports,Biomass Import Price,341.19507814577133,409.3456404173235,95
biomass_imports,Ammonia Import Potential,94.45317797259449,169.3742264109451,94
biomass_imports,Ammonia Import Price,67.52554466182181,137.95329381763386,90
biomass_imports,CCS potential,110.63335249309841,167.12262321398228,83
biomass_imports,Flexibility Costs,3.03197469345898,12.253353642573753,81
biomass_imports,LNG Price,5.746846418711711,18.76698701419217,125
biomass_imports,Electricity Trade Price,12.96964683611034,30.70726165094046,123
biomass_imports,Weather Conditions,84.00479191930133,165.20083081849165,116
biomass_imports,Electricity Trade Ratio,51.15205167323449,111.40749905235315,87
biomass_imports,Electricity Trade Volume,85.55045244205313,145.91692917404643,95
biomass_imports,WACC,45.457267612855915,91.2101179687777,103
biomass_imports,Bunker Emission Reduction,59.92283011481268,93.19856662122089,83
biomass_imports,End-of-Life Emission Reduction,196.31362240030091,343.2760794217399,89
net_h2_imports,CO2 Cap,16.26959825393347,33.77935262482632,103
net_h2_imports,Buildings demand,6.963711201804293,18.257870603495743,79
net_h2_imports,Steel Production,8.412971348832532,15.718620672448532,86
net_h2_imports,Chemical Production,28.303587272608507,77.9503071690819,97
net_h2_imports,Passenger Cars,1.1280887785450693,3.3726000797919573,94
net_h2_imports,Bunker aviation,4.744017689654545,12.437979929672753,98
net_h2_imports,Bunker navigation,17.598958909332946,43.31211358247926,102
net_h2_imports,Agriculture neGHG CH4,9.962523886668151,23.62328747946027,101
net_h2_imports,Agriculture neGHG N2O,2.504926907424145,8.14718149570777,105
net_h2_imports,Wind offshore Costs,8.69907040773917,35.33046387488585,104
net_h2_imports,Wind offshore Potential,8.5859742142837,32.25621177459342,85
net_h2_imports,Solar PV Costs,2.187142573598941,12.502504361803107,97
net_h2_imports,Solar PV Potential,2.344977307992437,16.288138396972734,88
net_h2_imports,Nuclear Costs,4.596003193090701,19.132376086325134,84
net_h2_imports,Nuclear Potential,6.253158697708919,25.64430506144711,84
net_h2_imports,Hydrogen Import Potential,101.11313371798526,152.3327542912352,86
net_h2_imports,Hydrogen Import Price,150.44900593898635,221.06228911881422,111
net_h2_imports,Biomass Import Potential,23.013825016634566,52.29031605190056,103
net_h2_imports,Biomass Import Price,20.109946835624935,71.34766085353291,95
net_h2_imports,Ammonia Import Potential,37.60877900657294,81.929616784062,94
net_h2_imports,Ammonia Import Price,16.633100174590727,63.24630774492691,90
net_h2_imports,CCS potential,23.7749971955082,71.1203449033521,83
net_h2_imports,Flexibility Costs,1.6498980752025916,8.606444945858398,81
net_h2_imports,LNG Price,2.0486665125938446,10.453697639937614,125
net_h2_imports,Electricity Trade Price,4.836604619186569,18.880561391542624,123
net_h2_imports,Weather Conditions,32.44295631744552,75.93593637602609,116
net_h2_imports,Electricity Trade Ratio,24.33202280291576,70.30337720705735,87
net_h2_imports,Electricity Trade Volume,20.07983376557034,54.73147398867812,95
net_h2_imports,WACC,24.02537277099111,55.9904196159802,103
net_h2_imports,Bunker Emission Reduction,19.751978569432286,45.75761686718194,83
net_h2_imports,End-of-Life Emission Reduction,16.8883007550077,52.817714637007796,89
fossil_imports,CO2 Cap,164.25814552905138,53.54537074119255,103
fossil_imports,Buildings demand,20.28740654487825,54.431544766138025,79
fossil_imports,Steel Production,9.807625495546766,26.651233622905462,86
fossil_imports,Chemical Production,192.87104598041694,239.78114241334643,97
fossil_imports,Passenger Cars,0.5796292159632478,1.1092735843753136,94
fossil_imports,Bunker aviation,24.722390979999187,30.558788315823172,98
fossil_imports,Bunker navigation,40.60611589679548,69.67871979374087,102
fossil_imports,Agriculture neGHG CH4,87.22792344296195,21.34098625540151,101
fossil_imports,Agriculture neGHG N2O,37.544918177514916,35.886496438250155,105
fossil_imports,Wind offshore Costs,16.188634407802944,36.531146330496355,104
fossil_imports,Wind offshore Potential,11.22277852213827,32.412888406131025,85
fossil_imports,Solar PV Costs,8.004256583952554,37.03775781620209,97
fossil_imports,Solar PV Potential,1.6917155249112645,5.483762784630588,88
fossil_imports,Nuclear Costs,9.517207752446122,22.11703621205355,84
fossil_imports,Nuclear Potential,4.931294614938886,15.184579697459982,84
fossil_imports,Hydrogen Import Potential,21.097051990388916,54.168033257572624,86
fossil_imports,Hydrogen Import Price,18.421787259426786,51.2495330490872,111
fossil_imports,Biomass Import Potential,113.96546696107667,278.2866379415953,103
fossil_imports,Biomass Import Price,44.163697130192666,108.91597504151972,95
fossil_imports,Ammonia Import Potential,43.9252262906564,79.80282308880112,94
fossil_imports,Ammonia Import Price,44.38099318307313,122.60841966684406,90
fossil_imports,CCS potential,517.6326676627059,125.40000270638484,83
fossil_imports,Flexibility Costs,2.941258051101381,7.718513656885178,81
fossil_imports,LNG Price,16.897301995891898,55.54006221586919,125
fossil_imports,Electricity Trade Price,9.582744021511738,28.626720252927047,123
fossil_imports,Weather Conditions,58.056474501360924,109.7444474510392,116
fossil_imports,Electricity Trade Ratio,27.418015852076742,64.55394843467724,87
fossil_imports,Electricity Trade Volume,42.8567595992573,90.75026095441689,95
fossil_imports,WACC,42.63118064880581,66.45477365323285,103
fossil_imports,Bunker Emission Reduction,93.01212600036372,81.87479667378598,83
fossil_imports,End-of-Life Emission Reduction,174.1883633038483,321.87496828118924,89
elec_generation,CO2 Cap,52.0106378320537,85.35948053448648,103
elec_generation,Buildings demand,130.52952332899892,49.403183612756855,79
elec_generation,Steel Production,27.96134978521395,35.06699276357272,86
elec_generation,Chemical Production,134.34731293825678,138.59077102413744,97
elec_generation,Passenger Cars,18.498467861097147,6.15450968043122,94
elec_generation,Bunker aviation,23.64086408283668,39.73804133248276,98
elec_generation,Bunker navigation,87.16021908573725,103.29418193018194,102
elec_generation,Agriculture neGHG CH4,37.44168087652972,51.53172561585404,101
elec_generation,Agriculture neGHG N2O,16.710606764721856,23.88672477000096,105
elec_generation,Wind offshore Costs,73.81891092604005,120.95200855387505,104
elec_generation,Wind offshore Potential,61.76516093713702,145.96161228518162,85
elec_generation,Solar PV Costs,13.12405439705529,22.920909365433438,97
elec_generation,Solar PV Potential,18.0857386194689,44.07950424457558,88
elec_generation,Nuclear Costs,38.16647068903404,77.75387377181414,84
elec_generation,Nuclear Potential,26.578739679423332,60.56513973592373,84
elec_generation,Hydrogen Import Potential,65.40559464312878,140.80343018827222,86
elec_generation,Hydrogen Import Price,87.02792179396626,159.1480882195953,111
elec_generation,Biomass Import Potential,87.26930542851491,123.4178410211008,103
elec_generation,Biomass Import Price,106.42288277648724,185.63440037289607,95
elec_generation,Ammonia Import Potential,167.83014084072863,214.23229227687534,94
elec_generation,Ammonia Import Price,131.50196511874103,227.33291433656137,90
elec_generation,CCS potential,191.87421002618058,208.07821933829877,83
elec_generation,Flexibility Costs,11.396580163905316,28.66177958068852,81
elec_generation,LNG Price,17.27269051568109,42.63030189897871,125
elec_generation,Electricity Trade Price,67.92106836193378,130.58821916331726,123
elec_generation,Weather Conditions,251.53157100003398,336.56396915636077,116
elec_generation,Electricity Trade Ratio,251.9125697872744,290.3698164880522,87
elec_generation,Electricity Trade Volume,233.02760529525636,303.333809843993,95
elec_generation,WACC,134.24028216755377,127.68632105818203,103
elec_generation,Bunker Emission Reduction,72.55253488327509,93.83806179263591,83
elec_generation,End-of-Life Emission Reduction,103.7140210945083,182.65320400296233,89
vre_share,CO2 Cap,0.016448569017605587,0.030308735221011324,103
vre_share,Buildings demand,0.020799789687275395,0.031529126719399725,79
vre_share,Steel Production,0.005166021677117489,0.010605332026271778,86
vre_share,Chemical Production,0.028884230813754123,0.053512303682195124,97
vre_share,Passenger Cars,0.0026475594674262386,0.0035262917381409776,94
vre_share,Bunker aviation,0.009240824960451397,0.01856286948685521,98
vre_share,Bunker navigation,0.02424050809005391,0.047326451476694356,102
vre_share,Agriculture neGHG CH4,0.011122936230447595,0.020689805989685322,101
vre_share,Agriculture neGHG N2O,0.006862775592148412,0.011724894649096372,105
vre_share,Wind offshore Costs,0.029619015659999342,0.04847631482734861,104
vre_share,Wind offshore Potential,0.024305292599226556,0.0665674378857276,85
vre_share,Solar PV Costs,0.0075856761147651405,0.011417062001017667,97
vre_share,Solar PV Potential,0.004701223166794239,0.015356376979514731,88
vre_share,Nuclear Costs,0.13471786604660063,0.20691236005755026,84
vre_share,Nuclear Potential,0.05027188320260807,0.08353098030947623,84
vre_share,Hydrogen Import Potential,0.01336238523464048,0.029061293259011835,86
vre_share,Hydrogen Import Price,0.018418110003096302,0.04883782642325627,111
vre_share,Biomass Import Potential,0.028165777464556705,0.054617096689178586,103
vre_share,Biomass Import Price,0.03617401965646326,0.08188207220010289,95
vre_share,Ammonia Import Potential,0.04200698064050253,0.08046922977456435,94
vre_share,Ammonia Import Price,0.03360393496536746,0.07746991976912126,90
vre_share,CCS potential,0.05519782626749898,0.09934947566836531,83
vre_share,Flexibility Costs,0.003895155089144349,0.009856565180809967,81
vre_share,LNG Price,0.002670138703789461,0.006130018524576459,125
vre_share,Electricity Trade Price,0.024390955895977583,0.0453810610934095,123
vre_share,Weather Conditions,0.12782079635728222,0.18813027075568156,116
vre_share,Electricity Trade Ratio,0.061769988972846294,0.08267359350864023,87
vre_share,Electricity Trade Volume,0.1411621541680136,0.1259180435763594,95
vre_share,WACC,0.03126404859718177,0.041494506696861444,103
vre_share,Bunker Emission Reduction,0.025041288282753864,0.04653980830602923,83
vre_share,End-of-Life Emission Reduction,0.028083802403583647,0.05886617526881497,89
renewable_elec_share,CO2 Cap,0.020097085553716892,0.03486226954297522,103
renewable_elec_share,Buildings demand,0.021781283054610544,0.034311791274418156,79
renewable_elec_share,Steel Production,0.005076780104205066,0.010470759179579413,86
renewable_elec_share,Chemical Production,0.027613842890917586,0.04965813698778016,97
renewable_elec_share,Passenger Cars,0.002505840421526246,0.003408336339483549,94
renewable_elec_share,Bunker aviation,0.009360903329009147,0.018880430309171387,98
renewable_elec_share,Bunker navigation,0.024680817062129812,0.048891027305494154,102
renewable_elec_share,Agriculture neGHG CH4,0.011767174224014328,0.021384643215499467,101
renewable_elec_share,Agriculture neGHG N2O,0.007564289154650401,0.012807613660088916,105
renewable_elec_share,Wind offshore Costs,0.028299950202382868,0.04844462845424394,104
renewable_elec_share,Wind offshore Potential,0.02356638318690734,0.07116783736583106,85
renewable_elec_share,Solar PV Costs,0.006396442347842315,0.010889332740827627,97
renewable_elec_share,Solar PV Potential,0.0047668654404040564,0.01563465257568552,88
renewable_elec_share,Nuclear Costs,0.13738579749175775,0.20946821301775198,84
renewable_elec_share,Nuclear Potential,0.05177592255656977,0.08473564880518566,84
renewable_elec_share,Hydrogen Import Potential,0.013344455214029695,0.028664805866007156,86
renewable_elec_share,Hydrogen Import Price,0.020815359917963926,0.05218264811266683,111
renewable_elec_share,Biomass Import Potential,0.02797719769669279,0.05558395611342092,103
renewable_elec_share,Biomass Import Price,0.03698294911421281,0.08268121758808157,95
renewable_elec_share,Ammonia Import Potential,0.04197682821118288,0.07928656450156904,94
renewable_elec_share,Ammonia Import Price,0.033292774361191636,0.07746762979219855,90
renewable_elec_share,CCS potential,0.060025473467958,0.10199713389046305,83
renewable_elec_share,Flexibility Costs,0.004144971523600822,0.010178846234600093,81
renewable_elec_share,LNG Price,0.005538173568153266,0.019627515566868856,125
renewable_elec_share,Electricity Trade Price,0.02270289886644757,0.04226947993986844,123
renewable_elec_share,Weather Conditions,0.11402005453970328,0.18149896233833862,116
renewable_elec_share,Electricity Trade Ratio,0.05645452967187082,0.07764650135867314,87
renewable_elec_share,Electricity Trade Volume,0.12272782254046037,0.1188576813823434,95
renewable_elec_share,WACC,0.035387742581790164,0.04791775864937895,103
renewable_elec_share,Bunker Emission Reduction,0.023740477702450212,0.04437680119714679,83
renewable_elec_share,End-of-Life Emission Reduction,0.028136435213073283,0.05931498266874128,89
res_share_primary,CO2 Cap,0.039535576226217395,0.02920055138754685,103
res_share_primary,Buildings demand,0.0287183804122123,0.031070982281110594,79
res_share_primary,Steel Production,0.00951825845606461,0.013710659212398673,86
res_share_primary,Chemical Production,0.04359533147115042,0.05679057348008211,97
res_share_primary,Passenger Cars,0.0032313106603308146,0.0027016565375662053,94
res_share_primary,Bunker aviation,0.013904780734961708,0.016612208627305253,98
res_share_primary,Bunker navigation,0.037053612118552716,0.048050794548317455,102
res_share_primary,Agriculture neGHG CH4,0.022649280802465113,0.019417315787688343,101
res_share_primary,Agriculture neGHG N2O,0.010037289899330415,0.012450854101402786,105
res_share_primary,Wind offshore Costs,0.02860525787887687,0.044178580710196556,104
res_share_primary,Wind offshore Potential,0.025011416082695474,0.06672511981002574,85
res_share_primary,Solar PV Costs,0.006018396560674419,0.014585633779772608,97
res_share_primary,Solar PV Potential,0.005469264668838881,0.015914953122782086,88
res_share_primary,Nuclear Costs,0.09912483881372396,0.13997938022871628,84
res_share_primary,Nuclear Potential,0.03882932254172966,0.06155371070219981,84
res_share_primary,Hydrogen Import Potential,0.033793985060813915,0.06302051035203257,86
res_share_primary,Hydrogen Import Price,0.047274083053952115,0.07752239396423233,111
res_share_primary,Biomass Import Potential,0.061680078012900603,0.07757658354446588,103
res_share_primary,Biomass Import Price,0.06388774530394248,0.10126049813233183,95
res_share_primary,Ammonia Import Potential,0.07293557734648048,0.09488766225648125,94
res_share_primary,Ammonia Import Price,0.06419454221571819,0.10271503554863295,90
res_share_primary,CCS potential,0.11391672514900304,0.09555195433666694,83
res_share_primary,Flexibility Costs,0.0020172965457348354,0.005393316037735332,81
res_share_primary,LNG Price,0.005509559821266356,0.015240194846203212,125
res_share_primary,Electricity Trade Price,0.014411478288693344,0.026596670856804595,123
res_share_primary,Weather Conditions,0.09693887981724543,0.14183868994110665,116
res_share_primary,Electricity Trade Ratio,0.033136848087453326,0.04832121714803153,87
res_share_primary,Electricity Trade Volume,0.049580933855428166,0.07680985331613961,95
res_share_primary,WACC,0.03740183290066515,0.04589862931253428,103
res_share_primary,Bunker Emission Reduction,0.03489234267906369,0.037296193431111964,83
res_share_primary,End-of-Life Emission Reduction,0.06617739165065488,0.10013222536169794,89
electricity_share_supply,CO2 Cap,0.01902044238507338,0.02830505706072929,103
electricity_share_supply,Buildings demand,0.022686910332034668,0.020109012632320195,79
electricity_share_supply,Steel Production,0.006470950968098738,0.009179088522053507,86
electricity_share_supply,Chemical Production,0.031040955814048966,0.04177831031354468,97
electricity_share_supply,Passenger Cars,0.004938329302691272,0.0023745722530723722,94
electricity_share_supply,Bunker aviation,0.009672459144963322,0.014299648611727365,98
electricity_share_supply,Bunker navigation,0.024310937093119753,0.031714241755228814,102
electricity_share_supply,Agriculture neGHG CH4,0.014068399040146782,0.01886212203487408,101
electricity_share_supply,Agriculture neGHG N2O,0.005696254338696096,0.009062278940897481,105
electricity_share_supply,Wind offshore Costs,0.024560384857791422,0.03639013294511368,104
electricity_share_supply,Wind offshore Potential,0.0183718731146187,0.041610482485655714,85
electricity_share_supply,Solar PV Costs,0.005435821486401759,0.012165148018614092,97
electricity_share_supply,Solar PV Potential,0.0057094874826004675,0.015095900905910037,88
electricity_share_supply,Nuclear Costs,0.02905268555223563,0.04627496834953616,84
electricity_share_supply,Nuclear Potential,0.011976643489732224,0.021738104698806937,84
electricity_share_supply,Hydrogen Import Potential,0.02583200640093479,0.052740325207668824,86
electricity_share_supply,Hydrogen Import Price,0.028233233028254628,0.05104803065425748,111
electricity_share_supply,Biomass Import Potential,0.03285457195005041,0.04438165444206333,103
electricity_share_supply,Biomass Import Price,0.058778785729424125,0.08748041465325596,95
electricity_share_supply,Ammonia Import Potential,0.04605199400740324,0.06546556080591823,94
electricity_share_supply,Ammonia Import Price,0.04533276417272684,0.08021405683153032,90
electricity_share_supply,CCS potential,0.07003412900597064,0.06554531281588735,83
electricity_share_supply,Flexibility Costs,0.0037635190538381907,0.010529032869733867,81
electricity_share_supply,LNG Price,0.00676170191765976,0.015159910743599986,125
electricity_share_supply,Electricity Trade Price,0.015824180243024382,0.02857059015257248,123
electricity_share_supply,Weather Conditions,0.0856129474722827,0.11348130712289287,116
electricity_share_supply,Electricity Trade Ratio,0.039664010954659636,0.06880926634504334,87
electricity_share_supply,Electricity Trade Volume,0.04553283810688162,0.05958716205317374,95
electricity_share_supply,WACC,0.041343755604886415,0.044865842773376394,103
electricity_share_supply,Bunker Emission Reduction,0.026852828405120755,0.03584767307399942,83
electricity_share_supply,End-of-Life Emission Reduction,0.04752891947276753,0.08167373949603023,89
nuclear_generation,CO2 Cap,5.436176686877128,21.114568768019225,103
nuclear_generation,Buildings demand,11.137982511746467,36.261881045834706,79
nuclear_generation,Steel Production,3.0408454476405464,13.177497312379904,86
nuclear_generation,Chemical Production,11.454120261780938,49.23109096802525,97
nuclear_generation,Passenger Cars,0.6790402081820103,2.8865828375857943,94
nuclear_generation,Bunker aviation,4.540656850652426,16.96482095927584,98
nuclear_generation,Bunker navigation,15.660346913331253,53.35866962174143,102
nuclear_generation,Agriculture neGHG CH4,4.68769983006229,21.036697755117647,101
nuclear_generation,Agriculture neGHG N2O,3.771833677623783,12.452762535195593,105
nuclear_generation,Wind offshore Costs,16.965577673117078,54.20599892810449,104
nuclear_generation,Wind offshore Potential,20.1956244777551,80.15999186792821,85
nuclear_generation,Solar PV Costs,1.6271528179107524,8.205222103427856,97
nuclear_generation,Solar PV Potential,3.3316288749255207,17.99474156299083,88
nuclear_generation,Nuclear Costs,142.8186175798057,198.2460550109926,84
nuclear_generation,Nuclear Potential,59.681095566511395,93.10359523297326,84
nuclear_generation,Hydrogen Import Potential,4.207524996582393,25.90868364888808,86
nuclear_generation,Hydrogen Import Price,11.849360367540129,63.88112496693387,111
nuclear_generation,Biomass Import Potential,21.429641302412662,65.4129025531215,103
nuclear_generation,Biomass Import Price,17.885901729751122,81.23380613531657,95
nuclear_generation,Ammonia Import Potential,34.77914537092648,103.69627199291538,94
nuclear_generation,Ammonia Import Price,9.310749355364912,36.531523536204816,90
nuclear_generation,CCS potential,39.37779797204821,114.19236627920839,83
nuclear_generation,Flexibility Costs,0.39846768639998337,2.4336240122393247,81
nuclear_generation,LNG Price,0.13182395048653703,0.6093042020886735,125
nuclear_generation,Electricity Trade Price,2.3351661885504806,9.355277267722252,123
nuclear_generation,Weather Conditions,57.789593057793056,148.01489836458222,116
nuclear_generation,Electricity Trade Ratio,16.756764609328542,52.0267981247789,87
nuclear_generation,Electricity Trade Volume,29.347410316498536,83.96069767120522,95
nuclear_generation,WACC,12.783067927554303,33.85060225765509,103
nuclear_generation,Bunker Emission Reduction,14.02196804534126,43.85706396383729,83
nuclear_generation,End-of-Life Emission Reduction,8.726379530918184,45.94532797153717,89
wind_capacity,CO2 Cap,2.5775739171064127,4.636167872056169,103
wind_capacity,Buildings demand,5.330259943108932,4.20521022541808,79
wind_capacity,Steel Production,1.1503117361669886,1.6677533612514617,86
wind_capacity,Chemical Production,5.551120967607197,6.643375861415774,97
wind_capacity,Passenger Cars,0.6417572174906483,0.4607594464261869,94
wind_capacity,Bunker aviation,0.8246499028926242,1.5605380381540765,98
wind_capacity,Bunker navigation,4.309900066790701,6.37955876130055,102
wind_capacity,Agriculture neGHG CH4,1.6951468150456122,2.7358188488977087,101
wind_capacity,Agriculture neGHG N2O,0.8226898112823471,1.2062894817516727,105
wind_capacity,Wind offshore Costs,7.789591833348741,7.873709397961377,104
wind_capacity,Wind offshore Potential,6.83730638174414,12.922119294967654,85
wind_capacity,Solar PV Costs,1.4276588777868198,1.7461407887990643,97
wind_capacity,Solar PV Potential,0.7841703351822896,2.1781708566230766,88
wind_capacity,Nuclear Costs,5.7589923029607535,9.628064435132723,84
wind_capacity,Nuclear Potential,3.0538065429015404,6.35277317024137,84
wind_capacity,Hydrogen Import Potential,2.847962786310035,6.815124032239533,86
wind_capacity,Hydrogen Import Price,4.01848158942206,8.097348131168502,111
wind_capacity,Biomass Import Potential,3.8625220538817593,6.106859839595025,103
wind_capacity,Biomass Import Price,5.222717105771531,9.15596493045885,95
wind_capacity,Ammonia Import Potential,8.165045530109294,11.626380983211831,94
wind_capacity,Ammonia Import Price,5.97047434741337,10.721284549383826,90
wind_capacity,CCS potential,7.4245820949122345,9.316195948777297,83
wind_capacity,Flexibility Costs,0.3878769205262566,1.2388348999330516,81
wind_capacity,LNG Price,0.6293045738015914,1.7818139493252048,125
wind_capacity,Electricity Trade Price,3.4727326042276054,6.516471167988794,123
wind_capacity,Weather Conditions,14.273323904112734,18.810002916502743,116
wind_capacity,Electricity Trade Ratio,8.716229815925384,13.223683653417176,87
wind_capacity,Electricity Trade Volume,10.206589802196595,15.460648105422605,95
wind_capacity,WACC,7.019608297099132,6.59567557297137,103
wind_capacity,Bunker Emission Reduction,3.141685535005922,5.046276047915821,83
wind_capacity,End-of-Life Emission Reduction,3.9632963097810188,6.933170661144862,89
solar_capacity,CO2 Cap,3.7630890237605565,6.564613769603415,103
solar_capacity,Buildings demand,7.852375471547482,7.017182145956408,79
solar_capacity,Steel Production,1.6239407890908133,2.474590424278065,86
solar_capacity,Chemical Production,9.291974063602433,14.484578089727314,97
solar_capacity,Passenger Cars,1.5599511569666942,1.3296533890117104,94
solar_capacity,Bunker aviation,1.221397739692875,2.5591615883877004,98
solar_capacity,Bunker navigation,5.818776112514995,8.49344395508795,102
solar_capacity,Agriculture neGHG CH4,2.682529446633031,4.556580561679594,101
solar_capacity,Agriculture neGHG N2O,1.2267369546896245,2.264912286696464,105
solar_capacity,Wind offshore Costs,7.036726699003145,10.656497454302057,104
solar_capacity,Wind offshore Potential,2.6821402000759047,9.82464032220246,85
solar_capacity,Solar PV Costs,22.060887894798505,16.26501566205722,97
solar_capacity,Solar PV Potential,12.847626423425824,17.627633803247846,88
solar_capacity,Nuclear Costs,9.32508053066626,16.30661232296514,84
solar_capacity,Nuclear Potential,4.751478765537925,9.470782372687431,84
solar_capacity,Hydrogen Import Potential,4.5541102300929,11.769369141762256,86
solar_capacity,Hydrogen Import Price,7.309729917028966,13.942372941238274,111
solar_capacity,Biomass Import Potential,6.584117944366323,12.519243838464428,103
solar_capacity,Biomass Import Price,9.53425539315473,17.212476875884775,95
solar_capacity,Ammonia Import Potential,11.57947170361141,17.80998988156568,94
solar_capacity,Ammonia Import Price,11.395349064953093,19.812541130333063,90
solar_capacity,CCS potential,12.886468993669345,18.213875428766162,83
solar_capacity,Flexibility Costs,0.9737565224458491,2.5344889089052676,81
solar_capacity,LNG Price,1.123844615135048,2.9917301536050536,125
solar_capacity,Electricity Trade Price,8.842256079250413,12.902753500961026,123
solar_capacity,Weather Conditions,71.2087319352968,75.60462163372482,116
solar_capacity,Electricity Trade Ratio,13.877318767146424,25.106271642839282,87
solar_capacity,Electricity Trade Volume,19.46087705744853,28.98953699126395,95
solar_capacity,WACC,15.924830215806969,13.880371882842075,103
solar_capacity,Bunker Emission Reduction,4.694028310781138,7.590057516362157,83
solar_capacity,End-of-Life Emission Reduction,7.313790738953195,15.411281278521635,89
ccs_volume,CO2 Cap,0.2325893323168884,1.167086356223677,103
ccs_volume,Buildings demand,0.003718606443593479,0.032080710785862214,79
ccs_volume,Steel Production,0.0719646759683024,0.3754413002660638,86
ccs_volume,Chemical Production,0.19361922379756663,0.914825938458906,97
ccs_volume,Passenger Cars,0.00830798305662665,0.03584552705304617,94
ccs_volume,Bunker aviation,0.03249728279345634,0.2046644841142598,98
ccs_volume,Bunker navigation,0.47787871966050366,1.6548310767181655,102
ccs_volume,Agriculture neGHG CH4,0.04007364237364657,0.22826659323949033,101
ccs_volume,Agriculture neGHG N2O,0.02651270560436438,0.1848907568485704,105
ccs_volume,Wind offshore Costs,0.052195361454618845,0.25675671993338084,104
ccs_volume,Wind offshore Potential,2.9558405209767826e-05,0.00019320555545364763,85
ccs_volume,Solar PV Costs,0.04697080557698991,0.2338235032218668,97
ccs_volume,Solar PV Potential,0.003431085068652326,0.017834969619458227,88
ccs_volume,Nuclear Costs,0.00481085138999582,0.03143166332475622,84
ccs_volume,Nuclear Potential,0.007584852830518685,0.0503970823491993,84
ccs_volume,Hydrogen Import Potential,0.12749162697670507,0.8114269514689144,86
ccs_volume,Hydrogen Import Price,0.1706994392126527,1.5438358756151918,111
ccs_volume,Biomass Import Potential,0.1439595365775841,0.7463774310570006,103
ccs_volume,Biomass Import Price,0.9166775088039145,4.2931363435997945,95
ccs_volume,Ammonia Import Potential,0.6737775021946314,3.0592895510737175,94
ccs_volume,Ammonia Import Price,1.2175652836937212,5.950780305459405,90
ccs_volume,CCS potential,29.86703188399975,0.7899998656792094,83
ccs_volume,Flexibility Costs,0.015275328423957285,0.10165693989376003,81
ccs_volume,LNG Price,0.026805062335778958,0.20382352749506508,125
ccs_volume,Electricity Trade Price,0.12734873554282958,1.2629878662744778,123
ccs_volume,Weather Conditions,0.4179823937636931,2.666133858140332,116
ccs_volume,Electricity Trade Ratio,0.05301564223606817,0.2539908680298502,87
ccs_volume,Electricity Trade Volume,0.10218890139499193,0.7521305573466819,95
ccs_volume,WACC,0.09269915536309539,0.40302875804680616,103
ccs_volume,Bunker Emission Reduction,0.2684656102574598,1.0090283629081533,83
ccs_volume,End-of-Life Emission Reduction,0.11769678747474784,0.8060550079826987,89
dac_volume,CO2 Cap,3.322137095882847,4.799941241476305,103
dac_volume,Buildings demand,0.8920919953858366,1.8687028620180095,79
dac_volume,Steel Production,0.8879255878286005,1.75684862684014,86
dac_volume,Chemical Production,3.7822499043493636,7.986984586472351,97
dac_volume,Passenger Cars,0.0518362598686874,0.16791848579582855,94
dac_volume,Bunker aviation,0.9172775081743695,2.0629664176561007,98
dac_volume,Bunker navigation,3.2657991150846306,5.47513275973197,102
dac_volume,Agriculture neGHG CH4,1.5387854677940649,2.501984681292349,101
dac_volume,Agriculture neGHG N2O,0.6324357196273974,1.1428137929996127,105
dac_volume,Wind offshore Costs,1.4892494490798756,3.0822881953389256,104
dac_volume,Wind offshore Potential,0.6716343179058081,2.134558767690989,85
dac_volume,Solar PV Costs,0.2693316916879237,0.9423595698425736,97
dac_volume,Solar PV Potential,0.2275597749595561,0.8305841038148909,88
dac_volume,Nuclear Costs,0.9907609625451156,2.501579306363557,84
dac_volume,Nuclear Potential,0.29703790621349263,1.259147840172737,84
dac_volume,Hydrogen Import Potential,2.63195420190894,6.033768672379717,86
dac_volume,Hydrogen Import Price,2.6359120439782067,5.836685869101315,111
dac_volume,Biomass Import Potential,4.208239556227989,7.156952959325473,103
dac_volume,Biomass Import Price,8.938638304298825,12.670810802035298,95
dac_volume,Ammonia Import Potential,4.937523820932611,8.479663877193344,94
dac_volume,Ammonia Import Price,3.813408016423366,8.108208715527471,90
dac_volume,CCS potential,6.118574978514538,8.118870163206395,83
dac_volume,Flexibility Costs,0.15841935953482775,0.5308371892834082,81
dac_volume,LNG Price,0.9930015136826555,3.6758992118471383,125
dac_volume,Electricity Trade Price,0.7547050274890539,2.6714426944802394,123
dac_volume,Weather Conditions,4.531485108817393,8.225761489020604,116
dac_volume,Electricity Trade Ratio,1.952939985603573,4.8612051445293,87
dac_volume,Electricity Trade Volume,2.558733672948444,5.0441831415601195,95
dac_volume,WACC,3.0681489187019837,6.061597490507885,103
dac_volume,Bunker Emission Reduction,3.1317391054223815,6.145428818009623,83
dac_volume,End-of-Life Emission Reduction,5.708764229862981,11.589675089075147,89
beccs_use,CO2 Cap,31.12052462023851,38.951934115313,103
beccs_use,Buildings demand,11.82300728384901,17.457804193610148,79
beccs_use,Steel Production,5.678730201059793,9.081804729575676,86
beccs_use,Chemical Production,32.658000147765556,55.04328849945502,97
beccs_use,Passenger Cars,0.7062261429707862,1.3875611987702274,94
beccs_use,Bunker aviation,8.537960813486034,14.903068910928196,98
beccs_use,Bunker navigation,18.39800616981181,30.03602319280643,102
beccs_use,Agriculture neGHG CH4,15.110001609647176,18.390196862736317,101
beccs_use,Agriculture neGHG N2O,4.816275635784185,6.633527781679267,105
beccs_use,Wind offshore Costs,8.225523874953419,17.344643101314116,104
beccs_use,Wind offshore Potential,5.748515865660566,19.50237660511385,85
beccs_use,Solar PV Costs,2.9984105288077494,7.78070330720837,97
beccs_use,Solar PV Potential,1.806503400845797,5.933717457034408,88
beccs_use,Nuclear Costs,8.723112543379115,22.32616612941233,84
beccs_use,Nuclear Potential,4.527323380556164,9.384352138875254,84
beccs_use,Hydrogen Import Potential,14.296915436090043,34.6169322524961,86
beccs_use,Hydrogen Import Price,30.060897720353836,63.93461912182385,111
beccs_use,Biomass Import Potential,29.20248429092847,43.40130372834957,103
beccs_use,Biomass Import Price,64.30170331354046,90.09157057334441,95
beccs_use,Ammonia Import Potential,33.598491352714696,59.54033789712678,94
beccs_use,Ammonia Import Price,21.306587047581655,50.388548752716844,90
beccs_use,CCS potential,41.49113796856894,60.66612474833803,83
beccs_use,Flexibility Costs,1.6301853953437837,5.043227759250957,81
beccs_use,LNG Price,6.241989661238286,17.383188957283863,125
beccs_use,Electricity Trade Price,7.751470128299916,16.718003451995447,123
beccs_use,Weather Conditions,34.43079099589596,54.63668434463249,116
beccs_use,Electricity Trade Ratio,20.65049830767439,40.011007556520745,87
beccs_use,Electricity Trade Volume,22.07018809331389,29.580548919068374,95
beccs_use,WACC,19.38817176411417,29.71719894202733,103
beccs_use,Bunker Emission Reduction,22.6270707838538,31.071998766364768,83
beccs_use,End-of-Life Emission Reduction,54.9275807265057,81.40922489850846,89
flex_use_total,CO2 Cap,20.59295368855724,38.754032863905074,103
flex_use_total,Buildings demand,57.10707512052745,35.448817340734415,79
flex_use_total,Steel Production,6.156294365455805,14.051404826307847,86
flex_use_total,Chemical Production,27.00766471705096,61.55534163394639,97
flex_use_total,Passenger Cars,33.44062498097456,5.689900360287077,94
flex_use_total,Bunker aviation,6.319810475484797,20.274978437779296,98
flex_use_total,Bunker navigation,23.094481772209576,38.863678914932,102
flex_use_total,Agriculture neGHG CH4,11.987411221262755,24.59517770196449,101
flex_use_total,Agriculture neGHG N2O,7.906011629334172,17.631770044618705,105
flex_use_total,Wind offshore Costs,13.50594789476109,23.732009978770147,104
flex_use_total,Wind offshore Potential,5.004959433499182,21.28263479004081,85
flex_use_total,Solar PV Costs,4.945196690575635,8.540037136230545,97
flex_use_total,Solar PV Potential,3.437996726516621,11.008725704454354,88
flex_use_total,Nuclear Costs,11.313717223313477,33.009459900344375,84
flex_use_total,Nuclear Potential,5.905098577362999,18.019109252154895,84
flex_use_total,Hydrogen Import Potential,18.103993424746193,29.33245162740885,86
flex_use_total,Hydrogen Import Price,25.22961642040791,61.12922360837769,111
flex_use_total,Biomass Import Potential,35.91027055595746,72.1059919398977,103
flex_use_total,Biomass Import Price,57.57427429629735,100.90102398340244,95
flex_use_total,Ammonia Import Potential,51.36796719888115,87.11131455314103,94
flex_use_total,Ammonia Import Price,47.48976099989997,81.42323113711801,90
flex_use_total,CCS potential,56.182260402772506,89.32396294275917,83
flex_use_total,Flexibility Costs,2.6085751825332255,6.582667535661171,81
flex_use_total,LNG Price,6.8416264554172646,24.211502546029266,125
flex_use_total,Electricity Trade Price,15.914636792021525,30.09306716023385,123
flex_use_total,Weather Conditions,89.46870169733674,128.42150564673506,116
flex_use_total,Electricity Trade Ratio,39.708073467396666,62.199849385866465,87
flex_use_total,Electricity Trade Volume,57.20659737246137,95.00788064379267,95
flex_use_total,WACC,49.146397301590646,61.372036632744766,103
flex_use_total,Bunker Emission Reduction,24.069653429731606,42.59155042591163,83
flex_use_total,End-of-Life Emission Reduction,31.08003448669842,77.22847179853186,89
flex_use_per_generation,CO2 Cap,0.030014709989802227,0.04841269207006992,103
flex_use_per_generation,Buildings demand,0.03695179103298785,0.04336966601896614,79
flex_use_per_generation,Steel Production,0.011410552580883882,0.01761284497026278,86
flex_use_per_generation,Chemical Production,0.05433431113081903,0.06370660393711425,97
flex_use_per_generation,Passenger Cars,0.032198785098182726,0.011124788828253906,94
flex_use_per_generation,Bunker aviation,0.01208390221139833,0.02485768429757572,98
flex_use_per_generation,Bunker navigation,0.03153577356606115,0.048244020360598605,102
flex_use_per_generation,Agriculture neGHG CH4,0.02034812965766448,0.030938863962116533,101
flex_use_per_generation,Agriculture neGHG N2O,0.011053592313272942,0.019133710571068916,105
flex_use_per_generation,Wind offshore Costs,0.031099140606718385,0.04908904084757128,104
flex_use_per_generation,Wind offshore Potential,0.0161108245648252,0.041209016895851984,85
flex_use_per_generation,Solar PV Costs,0.008916178571213953,0.01469047142195531,97
flex_use_per_generation,Solar PV Potential,0.009219367126138337,0.020537417244851603,88
flex_use_per_generation,Nuclear Costs,0.019725527457283683,0.03990702519211757,84
flex_use_per_generation,Nuclear Potential,0.011070825359214833,0.023778307068957765,84
flex_use_per_generation,Hydrogen Import Potential,0.03134305285178612,0.054572060285171003,86
flex_use_per_generation,Hydrogen Import Price,0.031243172959412428,0.06104841042155996,111
flex_use_per_generation,Biomass Import Potential,0.04308308150654981,0.0773224098350127,103
flex_use_per_generation,Biomass Import Price,0.04862778198763812,0.08532554744695386,95
flex_use_per_generation,Ammonia Import Potential,0.055158717063573524,0.08664382857231845,94
flex_use_per_generation,Ammonia Import Price,0.046390012411987286,0.09338049677399528,90
flex_use_per_generation,CCS potential,0.07505089469205284,0.09641373368192044,83
flex_use_per_generation,Flexibility Costs,0.00798291586722469,0.01810208375644144,81
flex_use_per_generation,LNG Price,0.01125473131964105,0.030898982621620205,125
flex_use_per_generation,Electricity Trade Price,0.03422609697171522,0.0636881458636991,123
flex_use_per_generation,Weather Conditions,0.1441453151521088,0.17968001352446686,116
flex_use_per_generation,Electricity Trade Ratio,0.06955438069731504,0.08649022964687306,87
flex_use_per_generation,Electricity Trade Volume,0.07914082614016077,0.10361141879655741,95
flex_use_per_generation,WACC,0.04741589119557137,0.06482951808388619,103
flex_use_per_generation,Bunker Emission Reduction,0.03828458589162281,0.057232172313690044,83
flex_use_per_generation,End-of-Life Emission Reduction,0.04576216919829016,0.07998732235031955,89
flex_be_use,CO2 Cap,20.676534883688053,38.79961305814734,103
flex_be_use,Buildings demand,56.967766736910214,35.40943578177255,79
flex_be_use,Steel Production,6.877785434018096,15.706233627146666,86
flex_be_use,Chemical Production,30.66524011925823,72.30453387169585,97
flex_be_use,Passenger Cars,3.8750549912208494,5.6898892213843375,94
flex_be_use,Bunker aviation,6.315366373578794,20.276081945160698,98
flex_be_use,Bunker navigation,24.138667606587997,40.83411139646947,102
flex_be_use,Agriculture neGHG CH4,11.987388856198297,24.595195349801408,101
flex_be_use,Agriculture neGHG N2O,7.906010789684233,17.631749940513455,105
flex_be_use,Wind offshore Costs,13.50597346956108,23.73200123303884,104
flex_be_use,Wind offshore Potential,5.004998545161801,21.282647007453754,85
flex_be_use,Solar PV Costs,4.945247860267158,8.540028819151352,97
flex_be_use,Solar PV Potential,3.4292337298005706,11.008537233718158,88
flex_be_use,Nuclear Costs,11.31371804657574,33.009457884609425,84
flex_be_use,Nuclear Potential,5.905157601981143,18.019117810452062,84
flex_be_use,Hydrogen Import Potential,25.907881634770533,82.8715479844725,86
flex_be_use,Hydrogen Import Price,25.229619319439355,61.129215450845244,111
flex_be_use,Biomass Import Potential,38.32577792306575,75.47954630234743,103
flex_be_use,Biomass Import Price,57.57429160827065,100.90100239385782,95
flex_be_use,Ammonia Import Potential,55.17271428272742,96.67667482822428,94
flex_be_use,Ammonia Import Price,47.48975883987857,81.42322084249163,90
flex_be_use,CCS potential,56.00058342027967,89.2489739745359,83
flex_be_use,Flexibility Costs,2.611021086740549,6.582903781172341,81
flex_be_use,LNG Price,6.8419673394780105,24.211551710845892,125
flex_be_use,Electricity Trade Price,15.914071151563995,30.09302900321135,123
flex_be_use,Weather Conditions,95.4411940645451,143.2006895675588,116
flex_be_use,Electricity Trade Ratio,39.70812323280361,62.199854735246014,87
flex_be_use,Electricity Trade Volume,63.83478360755781,116.13114770538685,95
flex_be_use,WACC,49.13799788434145,61.36980831992067,103
flex_be_use,Bunker Emission Reduction,24.06968920782945,42.59157233114647,83
flex_be_use,End-of-Life Emission Reduction,31.05296101274314,77.22161460160639,89
flex_dr_use,CO2 Cap,0.1108197915995175,1.124190008763353,103
flex_dr_use,Buildings demand,0.13937620287316346,1.238321721238105,79
flex_dr_use,Steel Production,0.7269421190459744,6.480081151215368,86
flex_dr_use,Chemical Production,3.69412900383204,36.38246287545326,97
flex_dr_use,Passenger Cars,2.575227579913712e-05,5.374275836555053e-05,94
flex_dr_use,Bunker aviation,2.2167041717522103e-05,4.17799916338097e-05,98
flex_dr_use,Bunker navigation,1.044207460469551,10.545331393166448,102
flex_dr_use,Agriculture neGHG CH4,5.9266495932268354e-05,0.000183635988174725,101
flex_dr_use,Agriculture neGHG N2O,3.346605381255228e-05,8.96092133528175e-05,105
flex_dr_use,Wind offshore Costs,4.0988690586073726e-05,8.325584967676749e-05,104
flex_dr_use,Wind offshore Potential,5.6896900716698355e-05,0.00023578037892503395,85
flex_dr_use,Solar PV Costs,7.093678153888885e-05,0.0002653619982651552,97
flex_dr_use,Solar PV Potential,4.5197712412494504e-05,9.465493223648976e-05,88
flex_dr_use,Nuclear Costs,3.745451177142708e-05,8.207653658110772e-05,84
flex_dr_use,Nuclear Potential,6.988143920695831e-05,0.00022079903615431797,84
flex_dr_use,Hydrogen Import Potential,8.153708014775503,75.61412024205048,86
flex_dr_use,Hydrogen Import Price,3.435981566987131e-05,6.684272725439395e-05,111
flex_dr_use,Biomass Import Potential,2.5005069007566525,18.07055350930304,103
flex_dr_use,Biomass Import Price,4.609377581959363e-05,0.00022820017504486607,95
flex_dr_use,Ammonia Import Potential,3.8123944047937663,36.962109008444784,94
flex_dr_use,Ammonia Import Price,3.742141585216056e-05,8.343067077261876e-05,90
flex_dr_use,CCS potential,4.185564190308184e-05,8.959315796643161e-05,83
flex_dr_use,Flexibility Costs,0.005078018218914809,0.04503145528344718,81
flex_dr_use,LNG Price,0.0003566097510245072,0.003140962590869299,125
flex_dr_use,Electricity Trade Price,4.30148854206891e-05,7.811216566599787e-05,123
flex_dr_use,Weather Conditions,6.191486198841419,58.968122176596715,116
flex_dr_use,Electricity Trade Ratio,8.413977938081691e-05,0.00023140459462580955,87
flex_dr_use,Electricity Trade Volume,6.628226810496268,64.60339527781262,95
flex_dr_use,WACC,5.796184134109777e-05,0.0001200530973311956,103
flex_dr_use,Bunker Emission Reduction,5.790858303015169e-05,0.00017105847966727283,83
flex_dr_use,End-of-Life Emission Reduction,5.1484658892887066e-05,0.00014394361104564879,89
flex_ev_smart_use,CO2 Cap,0.02723598490247001,0.19439190292473552,103
flex_ev_smart_use,Buildings demand,2.39683886777469e-05,5.662355967840555e-05,79
flex_ev_smart_use,Steel Production,0.005432364563197684,0.05014784084659914,86
flex_ev_smart_use,Chemical Production,0.03652942493506975,0.2529305664599866,97
flex_ev_smart_use,Passenger Cars,30.000006805223116,3.23013602469383e-05,94
flex_ev_smart_use,Bunker aviation,0.0044636997375649265,0.044073318711666816,98
flex_ev_smart_use,Bunker navigation,2.9221836863053556e-05,5.5495197910944526e-05,102
flex_ev_smart_use,Agriculture neGHG CH4,8.222244388373427e-05,0.0005960585744247328,101
flex_ev_smart_use,Agriculture neGHG N2O,1.5682197191933612e-05,3.137461808214456e-05,105
flex_ev_smart_use,Wind offshore Costs,3.103621256364328e-05,9.647124040140403e-05,104
flex_ev_smart_use,Wind offshore Potential,2.2438195412632918e-05,4.988508667664445e-05,85
flex_ev_smart_use,Solar PV Costs,2.0031561826960062e-05,4.182732414109552e-05,97
flex_ev_smart_use,Solar PV Potential,0.00880059171400627,0.0823411582178228,88
flex_ev_smart_use,Nuclear Costs,2.8678540351125185e-05,8.263881161868577e-05,84
flex_ev_smart_use,Nuclear Potential,2.7263775230323972e-05,6.46616298899936e-05,84
flex_ev_smart_use,Hydrogen Import Potential,0.3498128053077913,2.136699546583513,86
flex_ev_smart_use,Hydrogen Import Price,2.1956941972612675e-05,4.3059628510409715e-05,111
flex_ev_smart_use,Biomass Import Potential,0.08499771370366555,0.6547374503095281,103
flex_ev_smart_use,Biomass Import Price,2.62309575478675e-05,8.330033397247616e-05,95
flex_ev_smart_use,Ammonia Import Potential,0.007632406223291326,0.0737685675976297,94
flex_ev_smart_use,Ammonia Import Price,2.194198482025437e-05,4.7560019486420736e-05,90
flex_ev_smart_use,CCS potential,0.18172097214138008,1.6553609953789417,83
flex_ev_smart_use,Flexibility Costs,0.0026383183403879693,0.023467582971904294,81
flex_ev_smart_use,LNG Price,5.057287422187073e-05,0.00020554406669996835,125
flex_ev_smart_use,Electricity Trade Price,0.0006073181953011236,0.006467537202967496,123
flex_ev_smart_use,Weather Conditions,0.21896636818279358,2.1422704344830885,116
flex_ev_smart_use,Electricity Trade Ratio,3.208023658752107e-05,5.9187078921747414e-05,87
flex_ev_smart_use,Electricity Trade Volume,2.9651169152831053e-05,5.2129872779302506e-05,95
flex_ev_smart_use,WACC,0.008461114909622836,0.08556832454566682,103
flex_ev_smart_use,Bunker Emission Reduction,2.5408997428819447e-05,5.579132288711587e-05,83
flex_ev_smart_use,End-of-Life Emission Reduction,0.02708996493752772,0.25525704294338886,89
battery_capacity,CO2 Cap,0.7268338905116146,4.262409782878819,103
battery_capacity,Buildings demand,6.13913734204162e-05,0.00012768635935145797,79
battery_capacity,Steel Production,0.09550099259927713,0.8723903268706543,86
battery_capacity,Chemical Production,1.4402039389185375,6.3182331885465235,97
battery_capacity,Passenger Cars,2.7026858980667408,7.408360100116243e-05,94
battery_capacity,Bunker aviation,0.07746316089267843,0.7665674788823084,98
battery_capacity,Bunker navigation,0.25723050520590085,2.5610836618308928,102
battery_capacity,Agriculture neGHG CH4,0.003456354131813484,0.019435721640486407,101
battery_capacity,Agriculture neGHG N2O,4.509134085749013e-05,9.43514730626784e-05,105
battery_capacity,Wind offshore Costs,0.2501392228956077,2.5483680234550934,104
battery_capacity,Wind offshore Potential,5.0628274368591517e-05,0.00010180509248814276,85
battery_capacity,Solar PV Costs,0.0012890696844764184,0.012183821246137911,97
battery_capacity,Solar PV Potential,0.1529193713622318,1.434054225686953,88
battery_capacity,Nuclear Costs,8.116044024461136e-05,0.00021293124313759914,84
battery_capacity,Nuclear Potential,0.30802490010398437,2.822476504937339,84
battery_capacity,Hydrogen Import Potential,6.989557816282887,39.010095543657066,86
battery_capacity,Hydrogen Import Price,0.23633824580220664,2.4665415850399146,111
battery_capacity,Biomass Import Potential,1.7337059738616896,11.639402595926434,103
battery_capacity,Biomass Import Price,0.5498118657100806,3.782123808257541,95
battery_capacity,Ammonia Import Potential,0.6866048610542634,4.801696723176862,94
battery_capacity,Ammonia Import Price,0.29014137394129874,2.726546060720573,90
battery_capacity,CCS potential,3.473160277848827,31.641406114953,83
battery_capacity,Flexibility Costs,0.04543166898833905,0.4081575715428899,81
battery_capacity,LNG Price,0.20730705533662638,2.313719752636519,125
battery_capacity,Electricity Trade Price,0.010189016170416692,0.11243625843086578,123
battery_capacity,Weather Conditions,3.809946445667573,37.25739518885261,116
battery_capacity,Electricity Trade Ratio,8.001528100353113e-05,0.0001330852022471721,87
battery_capacity,Electricity Trade Volume,0.27364467434241385,2.653944531965584,95
battery_capacity,WACC,0.14669138671480583,1.488162175050675,103
battery_capacity,Bunker Emission Reduction,0.6277330520443943,3.990378055795396,83
battery_capacity,End-of-Life Emission Reduction,0.7664373835811078,7.192254645991306,89
battery_use,CO2 Cap,15.48952485341615,155.47442563132313,103
battery_use,Buildings demand,1.5932688571882857e-05,0.00012043811907065045,79
battery_use,Steel Production,0.09052992111857397,0.7915151886515852,86
battery_use,Chemical Production,49.155895712520554,278.892628851287,97
battery_use,Passenger Cars,29.999989721128685,6.874459676050155e-05,94
battery_use,Bunker aviation,0.004499539966086187,0.04425492281616336,98
battery_use,Bunker navigation,15.685632991774488,156.2261188377352,102
battery_use,Agriculture neGHG CH4,0.14672058387105552,1.0253025226793544,101
battery_use,Agriculture neGHG N2O,1.160093042236505e-05,5.843751889094674e-05,105
battery_use,Wind offshore Costs,15.243224071573804,155.45085562909222,104
battery_use,Wind offshore Potential,1.7220322192703386e-05,9.939716888683378e-05,85
battery_use,Solar PV Costs,0.07547314867035208,0.7432316553741763,97
battery_use,Solar PV Potential,0.02428012359083419,0.227592738955206,88
battery_use,Nuclear Costs,0.008324003416482076,0.07626960154081501,84
battery_use,Nuclear Potential,18.785413857492422,172.1710787584663,84
battery_use,Hydrogen Import Potential,55.61986919285998,293.1349525011004,86
battery_use,Hydrogen Import Price,14.41383487199256,150.4599659625972,111
battery_use,Biomass Import Potential,15.691883526933928,156.20854528437368,103
battery_use,Biomass Import Price,33.5287306453751,230.7092669710898,95
battery_use,Ammonia Import Potential,33.81515517545905,231.99773096730524,94
battery_use,Ammonia Import Price,17.6957136321051,166.31926498218402,90
battery_use,CCS potential,19.2816210734613,175.6639069063021,83
battery_use,Flexibility Costs,0.002621390829234459,0.023446485711040216,81
battery_use,LNG Price,12.623828063181193,141.1382851186247,125
battery_use,Electricity Trade Price,0.0007678619835432313,0.0066688669295499135,123
battery_use,Weather Conditions,0.3583586286339056,2.374219228132617,116
battery_use,Electricity Trade Ratio,3.7105068031451083e-06,7.437242531013177e-06,87
battery_use,Electricity Trade Volume,16.687322078119813,161.89046826300338,95
battery_use,WACC,0.00843823184551171,0.08554914075115189,103
battery_use,Bunker Emission Reduction,38.288077369049596,243.41294410083447,83
battery_use,End-of-Life Emission Reduction,18.071313557724768,168.18833756989125,89
grid_storage_capacity,CO2 Cap,0.44512432830029874,3.5352853291330573,103
grid_storage_capacity,Buildings demand,0.023853949839470496,0.20851538202514072,79
grid_storage_capacity,Steel Production,0.046634883730388196,0.33780638674161095,86
grid_storage_capacity,Chemical Production,0.3936851628378575,2.6907457098604244,97
grid_storage_capacity,Passenger Cars,0.0002481050451239561,0.0005122435792445477,94
grid_storage_capacity,Bunker aviation,0.2937031421554417,2.4581249311262297,98
grid_storage_capacity,Bunker navigation,1.29576254664869,13.082090423880157,102
grid_storage_capacity,Agriculture neGHG CH4,0.00380655876835292,0.025126020432372952,101
grid_storage_capacity,Agriculture neGHG N2O,0.0002810475270388099,0.0006136081561734781,105
grid_storage_capacity,Wind offshore Costs,0.00033976753705188776,0.0006231706330749402,104
grid_storage_capacity,Wind offshore Potential,0.0004246965651811289,0.001329431879958142,85
grid_storage_capacity,Solar PV Costs,0.0003073967340630479,0.0006123804327203247,97
grid_storage_capacity,Solar PV Potential,0.41517672726516613,3.8916182387887477,88
grid_storage_capacity,Nuclear Costs,0.0003257141967110677,0.0005608228084412855,84
grid_storage_capacity,Nuclear Potential,0.0005021597802813934,0.001273404699019103,84
grid_storage_capacity,Hydrogen Import Potential,2.736239242412834,13.126266575469748,86
grid_storage_capacity,Hydrogen Import Price,0.00032838370380859215,0.0006414988231699669,111
grid_storage_capacity,Biomass Import Potential,2.2968685464120964,15.789686070766187,103
grid_storage_capacity,Biomass Import Price,0.00040946716515259657,0.0012286256835629503,95
grid_storage_capacity,Ammonia Import Potential,0.00562206233137013,0.05109785657796361,94
grid_storage_capacity,Ammonia Import Price,0.0002869228066773983,0.0005464886332005307,90
grid_storage_capacity,CCS potential,0.807660944618281,7.355316950801707,83
grid_storage_capacity,Flexibility Costs,0.12808328262301436,1.1478131839249677,81
grid_storage_capacity,LNG Price,0.0006158720243612073,0.0016635373440807113,125
grid_storage_capacity,Electricity Trade Price,0.0003798353738984488,0.0006517378560606271,123
grid_storage_capacity,Weather Conditions,3.4996364186665123,29.176397535620954,116
grid_storage_capacity,Electricity Trade Ratio,0.0006272715039848723,0.0013835663081042926,87
grid_storage_capacity,Electricity Trade Volume,0.060781804811898675,0.5624907259058325,95
grid_storage_capacity,WACC,0.0004419300486435521,0.0008337098029039038,103
grid_storage_capacity,Bunker Emission Reduction,0.0004084723481235826,0.0009306037964163092,83
grid_storage_capacity,End-of-Life Emission Reduction,1.0219745297700036,9.637438284857561,89
flex_capacity_installed,CO2 Cap,4.726756492594582,9.715447328192846,103
flex_capacity_installed,Buildings demand,10.59873328069906,6.578130567426404,79
flex_capacity_installed,Steel Production,1.2792279859364502,2.788882434959194,86
flex_capacity_installed,Chemical Production,5.2466440022224035,11.465575771761122,97
flex_capacity_installed,Passenger Cars,3.339743707635673,1.0537853419358283,94
flex_capacity_installed,Bunker aviation,1.5405699835332705,4.603760722670766,98
flex_capacity_installed,Bunker navigation,5.572274277501404,14.57396386976921,102
flex_capacity_installed,Agriculture neGHG CH4,2.2224739595055327,4.554809574531342,101
flex_capacity_installed,Agriculture neGHG N2O,1.46423831130312,3.2652437517548867,105
flex_capacity_installed,Wind offshore Costs,2.5014471061664136,4.3948262551857855,104
flex_capacity_installed,Wind offshore Potential,0.9271067788656898,3.9411263024705536,85
flex_capacity_installed,Solar PV Costs,0.9159847489992993,1.5814971487842486,97
flex_capacity_installed,Solar PV Potential,0.8973328185879796,3.1976559818364523,88
flex_capacity_installed,Nuclear Costs,2.0954663159327453,6.112914993634944,84
flex_capacity_installed,Nuclear Potential,1.0938590829596992,3.3368243949564045,84
flex_capacity_installed,Hydrogen Import Potential,9.366588645601881,32.3120349720026,86
flex_capacity_installed,Hydrogen Import Price,4.672356606006604,11.320301167476876,111
flex_capacity_installed,Biomass Import Potential,9.524076426231417,21.59558788282838,103
flex_capacity_installed,Biomass Import Price,10.662297901009403,18.68555838777601,95
flex_capacity_installed,Ammonia Import Potential,9.64897649465399,16.256792471515322,94
flex_capacity_installed,Ammonia Import Price,8.794509779826738,15.07845498257512,90
flex_capacity_installed,CCS potential,14.337939882877906,34.55367615363296,83
flex_capacity_installed,Flexibility Costs,0.6557442005355959,1.7236182066245362,81
flex_capacity_installed,LNG Price,1.267732120165288,4.483670710253931,125
flex_capacity_installed,Electricity Trade Price,2.957334154804428,5.574567073349541,123
flex_capacity_installed,Weather Conditions,23.834743236124606,53.83049309392449,116
flex_capacity_installed,Electricity Trade Ratio,7.353587580759217,11.51845346163499,87
flex_capacity_installed,Electricity Trade Volume,10.65432059727663,17.589316319305265,95
flex_capacity_installed,WACC,9.246508964034254,11.499080946203534,103
flex_capacity_installed,Bunker Emission Reduction,4.45738568328428,7.887233997371201,83
flex_capacity_installed,End-of-Life Emission Reduction,7.242959560376891,20.31397556817976,89
biofuel_imports,CO2 Cap,6.887232977877344,18.15354209258301,103
biofuel_imports,Buildings demand,2.2431794792005735,7.4842418399092265,79
biofuel_imports,Steel Production,2.2024171984835266,6.416062740426396,86
biofuel_imports,Chemical Production,23.82902590875655,39.03653129612027,97
biofuel_imports,Passenger Cars,0.17653435200723236,0.6464372436324751,94
biofuel_imports,Bunker aviation,4.762539962478469,12.64261507832603,98
biofuel_imports,Bunker navigation,12.94251566272514,32.73376266618294,102
biofuel_imports,Agriculture neGHG CH4,3.504137022106717,11.772986069309658,101
biofuel_imports,Agriculture neGHG N2O,1.592807801055167,5.5700347620335675,105
biofuel_imports,Wind offshore Costs,2.7972180198888945,9.917369738687638,104
biofuel_imports,Wind offshore Potential,3.589879248165095,16.43650377573432,85
biofuel_imports,Solar PV Costs,0.85829002750217,5.014387370478043,97
biofuel_imports,Solar PV Potential,0.3828998124336725,2.11939899478844,88
biofuel_imports,Nuclear Costs,2.733978069559475,11.560043341389939,84
biofuel_imports,Nuclear Potential,0.29381089509197117,1.4051579474339104,84
biofuel_imports,Hydrogen Import Potential,7.258566388660687,22.847237779881212,86
biofuel_imports,Hydrogen Import Price,9.137988539464303,28.082759303219497,111
biofuel_imports,Biomass Import Potential,13.332932401191693,31.800928228357336,103
biofuel_imports,Biomass Import Price,29.103833027772037,49.93006136824146,95
biofuel_imports,Ammonia Import Potential,11.434621810624307,31.196078348487774,94
biofuel_imports,Ammonia Import Price,14.018446227781801,35.52814468211299,90
biofuel_imports,CCS potential,26.089957590123362,46.131751432414625,83
biofuel_imports,Flexibility Costs,0.4862929503838364,1.8997671212764335,81
biofuel_imports,LNG Price,3.96440286919556,16.90126475615905,125
biofuel_imports,Electricity Trade Price,2.3092299457592746,12.243415737412228,123
biofuel_imports,Weather Conditions,10.572612526446552,29.518635426253812,116
biofuel_imports,Electricity Trade Ratio,6.6948877942627565,21.244634418158117,87
biofuel_imports,Electricity Trade Volume,8.193977673392977,22.65497881682502,95
biofuel_imports,WACC,13.22708002242037,33.69239964307167,103
biofuel_imports,Bunker Emission Reduction,12.140244487649499,26.431294498393196,83
biofuel_imports,End-of-Life Emission Reduction,52.18636595319904,69.49474926159012,89
h2_imports,CO2 Cap,16.26959825393347,33.77935262482632,103
h2_imports,Buildings demand,6.963711201804293,18.257870603495743,79
h2_imports,Steel Production,8.412971348832532,15.718620672448532,86
h2_imports,Chemical Production,28.303587272608507,77.9503071690819,97
h2_imports,Passenger Cars,1.1280887785450693,3.3726000797919573,94
h2_imports,Bunker aviation,4.744017689654545,12.437979929672753,98
h2_imports,Bunker navigation,17.598958909332946,43.31211358247926,102
h2_imports,Agriculture neGHG CH4,9.962523886668151,23.62328747946027,101
h2_imports,Agriculture neGHG N2O,2.504926907424145,8.14718149570777,105
h2_imports,Wind offshore Costs,8.69907040773917,35.33046387488585,104
h2_imports,Wind offshore Potential,8.5859742142837,32.25621177459342,85
h2_imports,Solar PV Costs,2.187142573598941,12.502504361803107,97
h2_imports,Solar PV Potential,2.344977307992437,16.288138396972734,88
h2_imports,Nuclear Costs,4.596003193090701,19.132376086325134,84
h2_imports,Nuclear Potential,6.253158697708919,25.64430506144711,84
h2_imports,Hydrogen Import Potential,101.11313371798526,152.3327542912352,86
h2_imports,Hydrogen Import Price,150.44900593898635,221.06228911881422,111
h2_imports,Biomass Import Potential,23.013825016634566,52.29031605190056,103
h2_imports,Biomass Import Price,20.109946835624935,71.34766085353291,95
h2_imports,Ammonia Import Potential,37.60877900657294,81.929616784062,94
h2_imports,Ammonia Import Price,16.633100174590727,63.24630774492691,90
h2_imports,CCS potential,23.7749971955082,71.1203449033521,83
h2_imports,Flexibility Costs,1.6498980752025916,8.606444945858398,81
h2_imports,LNG Price,2.0486665125938446,10.453697639937614,125
h2_imports,Electricity Trade Price,4.836604619186569,18.880561391542624,123
h2_imports,Weather Conditions,32.44295631744552,75.93593637602609,116
h2_imports,Electricity Trade Ratio,24.33202280291576,70.30337720705735,87
h2_imports,Electricity Trade Volume,20.07983376557034,54.73147398867812,95
h2_imports,WACC,24.02537277099111,55.9904196159802,103
h2_imports,Bunker Emission Reduction,19.751978569432286,45.75761686718194,83
h2_imports,End-of-Life Emission Reduction,16.8883007550077,52.817714637007796,89
elec_imports,CO2 Cap,3.440908424485961,12.274638478849248,103
elec_imports,Buildings demand,4.0047578832296695,9.667412129058324,79
elec_imports,Steel Production,1.710717723058549,7.781516137948919,86
elec_imports,Chemical Production,3.0673993189802675,10.328409486264496,97
elec_imports,Passenger Cars,0.38301872035194423,1.2217910556157363,94
elec_imports,Bunker aviation,1.1329159651707341,3.1328274256275512,98
elec_imports,Bunker navigation,4.283889042579069,14.204161112632553,102
elec_imports,Agriculture neGHG CH4,1.8660559351560426,5.247695829256934,101
elec_imports,Agriculture neGHG N2O,1.1949740547720098,5.013303096017736,105
elec_imports,Wind offshore Costs,7.049672614949644,36.940116108451036,104
elec_imports,Wind offshore Potential,1.4312413024762725,7.633720357588762,85
elec_imports,Solar PV Costs,2.0667778533269616,5.0308548394400745,97
elec_imports,Solar PV Potential,0.6393625580379237,2.6362238009072434,88
elec_imports,Nuclear Costs,9.064561366447245,32.49444122406983,84
elec_imports,Nuclear Potential,1.1085599638401367,7.015227247618592,84
elec_imports,Hydrogen Import Potential,2.8535161586206854,7.855406371053947,86
elec_imports,Hydrogen Import Price,4.006723104919753,18.800008327964782,111
elec_imports,Biomass Import Potential,1.7516506450271694,5.935635412070847,103
elec_imports,Biomass Import Price,10.21320208698875,34.90352103114359,95
elec_imports,Ammonia Import Potential,4.695357828360734,14.771737651282093,94
elec_imports,Ammonia Import Price,10.193623590067581,35.724072275794256,90
elec_imports,CCS potential,7.103301584341757,19.347163739245573,83
elec_imports,Flexibility Costs,1.9620186156453916,6.403960175226543,81
elec_imports,LNG Price,0.3702534757919998,2.8118034387083153,125
elec_imports,Electricity Trade Price,37.47946518122978,88.84014335111753,123
elec_imports,Weather Conditions,30.702710833866405,73.73916025431461,116
elec_imports,Electricity Trade Ratio,112.51496274426825,142.6276321685729,87
elec_imports,Electricity Trade Volume,133.50121106401627,125.51298278032667,95
elec_imports,WACC,6.11608333819188,19.212734686351254,103
elec_imports,Bunker Emission Reduction,4.308288897092267,11.431890101073853,83
elec_imports,End-of-Life Emission Reduction,4.3802958432226236,15.518765313126968,89
nuclear_capacity,CO2 Cap,0.2121884219022455,0.7970322243115339,103
nuclear_capacity,Buildings demand,0.4341247087773241,1.3890171227606853,79
nuclear_capacity,Steel Production,0.11029921161521318,0.4719978123738927,86
nuclear_capacity,Chemical Production,0.43798669251336925,1.7976290696842332,97
nuclear_capacity,Passenger Cars,0.020004744696010573,0.08388701602023954,94
nuclear_capacity,Bunker aviation,0.16527974875821888,0.6163055432646991,98
nuclear_capacity,Bunker navigation,0.634397504464115,2.040558141001468,102
nuclear_capacity,Agriculture neGHG CH4,0.19210469823405207,0.8267293846600822,101
nuclear_capacity,Agriculture neGHG N2O,0.14814479066162053,0.47199025166436975,105
nuclear_capacity,Wind offshore Costs,0.6416819254234061,2.0429099648373725,104
nuclear_capacity,Wind offshore Potential,0.7094315852764415,2.888692116962199,85
nuclear_capacity,Solar PV Costs,0.10805642356709619,0.5866047827463223,97
nuclear_capacity,Solar PV Potential,0.13657632923664456,0.6894235746530123,88
nuclear_capacity,Nuclear Costs,5.72383748895417,7.772870648520876,84
nuclear_capacity,Nuclear Potential,2.540036064492386,3.5634863469342446,84
nuclear_capacity,Hydrogen Import Potential,0.1834846400950147,1.091039864415998,86
nuclear_capacity,Hydrogen Import Price,0.4959558316773162,2.4234480320881637,111
nuclear_capacity,Biomass Import Potential,0.8464433003973735,2.4904811405415486,103
nuclear_capacity,Biomass Import Price,0.6745248561706085,2.942189502803264,95
nuclear_capacity,Ammonia Import Potential,1.3561407343493268,4.058004053320468,94
nuclear_capacity,Ammonia Import Price,0.3931891940779429,1.4460652978081303,90
nuclear_capacity,CCS potential,1.562320992696289,4.322936627755206,83
nuclear_capacity,Flexibility Costs,0.025451450555755963,0.18373926054765383,81
nuclear_capacity,LNG Price,0.002847074393668749,0.018694215344684437,125
nuclear_capacity,Electricity Trade Price,0.11395677460659624,0.4252879690827258,123
nuclear_capacity,Weather Conditions,2.21719408562832,5.544587495257335,116
nuclear_capacity,Electricity Trade Ratio,0.7835724670007338,2.335771142371457,87
nuclear_capacity,Electricity Trade Volume,1.2303587534522988,3.549327500089651,95
nuclear_capacity,WACC,0.6736429224066369,1.8752891009762243,103
nuclear_capacity,Bunker Emission Reduction,0.6297533886500378,1.834321318855409,83
nuclear_capacity,End-of-Life Emission Reduction,0.3584923435520996,1.7838651195625832,89
wind_offshore_capacity,CO2 Cap,2.189771876676302,4.158611024236283,103
wind_offshore_capacity,Buildings demand,4.956724129746016,4.100629049346683,79
wind_offshore_capacity,Steel Production,1.147416978871901,1.6694843245428421,86
wind_offshore_capacity,Chemical Production,5.333466346833241,6.553741613566154,97
wind_offshore_capacity,Passenger Cars,0.6108251341696928,0.39102081031968017,94
wind_offshore_capacity,Bunker aviation,0.7756603855529968,1.5046411018024344,98
wind_offshore_capacity,Bunker navigation,4.026684208602134,5.830638930307565,102
wind_offshore_capacity,Agriculture neGHG CH4,1.5766138167512391,2.5028910059526046,101
wind_offshore_capacity,Agriculture neGHG N2O,0.8015182459239407,1.2030539521345434,105
wind_offshore_capacity,Wind offshore Costs,8.625093949462503,8.679356266884065,104
wind_offshore_capacity,Wind offshore Potential,7.124021621328134,13.502873941988554,85
wind_offshore_capacity,Solar PV Costs,1.4399354816926437,1.742036616937566,97
wind_offshore_capacity,Solar PV Potential,0.7538310884628213,2.1251837619274556,88
wind_offshore_capacity,Nuclear Costs,5.547857260822663,9.335337674970841,84
wind_offshore_capacity,Nuclear Potential,2.8852250652971363,5.603505849911879,84
wind_offshore_capacity,Hydrogen Import Potential,2.8479626710824397,6.815123979918332,86
wind_offshore_capacity,Hydrogen Import Price,3.900396389656849,8.057809973891562,111
wind_offshore_capacity,Biomass Import Potential,3.349039269001171,5.78453504946168,103
wind_offshore_capacity,Biomass Import Price,5.115932252128473,9.141091613369756,95
wind_offshore_capacity,Ammonia Import Potential,6.976415016243308,11.122385834744842,94
wind_offshore_capacity,Ammonia Import Price,5.970471108505862,10.72128269166406,90
wind_offshore_capacity,CCS potential,7.268151191574917,9.14642238684117,83
wind_offshore_capacity,Flexibility Costs,0.38786429598149863,1.2388335796160679,81
wind_offshore_capacity,LNG Price,0.6292884050222742,1.7818155542993714,125
wind_offshore_capacity,Electricity Trade Price,3.4263333193238306,6.525917665302807,123
wind_offshore_capacity,Weather Conditions,12.732553310097158,18.054342875357374,116
wind_offshore_capacity,Electricity Trade Ratio,8.413231146711194,12.936221773496435,87
wind_offshore_capacity,Electricity Trade Volume,9.537467854603292,14.358733343513968,95
wind_offshore_capacity,WACC,6.904391876372882,6.6091714049670935,103
wind_offshore_capacity,Bunker Emission Reduction,2.9005785414478034,4.1848987622622325,83
wind_offshore_capacity,End-of-Life Emission Reduction,3.6439367089758794,6.752970948008255,89
wind_onshore_capacity,CO2 Cap,0.38780239448545256,1.9156286792092407,103
wind_onshore_capacity,Buildings demand,0.3735371012949928,2.0664050287849745,79
wind_onshore_capacity,Steel Production,0.002896188818043964,0.026842483531205576,86
wind_onshore_capacity,Chemical Production,0.2176548268863849,1.5159154962551835,97
wind_onshore_capacity,Passenger Cars,0.03418044598204796,0.3162050126152562,94
wind_onshore_capacity,Bunker aviation,0.048997645786813315,0.3821463284091122,98
wind_onshore_capacity,Bunker navigation,0.28321623575112964,1.6257238433113825,102
wind_onshore_capacity,Agriculture neGHG CH4,0.11853367173168267,0.7552939753183073,101
wind_onshore_capacity,Agriculture neGHG N2O,0.02117168693737568,0.14423013476541005,105
wind_onshore_capacity,Wind offshore Costs,0.835504973732063,3.113082205442992,104
wind_onshore_capacity,Wind offshore Potential,0.28671582113527766,1.8312392458113662,85
wind_onshore_capacity,Solar PV Costs,0.014595951555005579,0.14342388203099973,97
wind_onshore_capacity,Solar PV Potential,0.0303393554189231,0.28460486190252415,88
wind_onshore_capacity,Nuclear Costs,0.2111421741934689,1.5889043520263442,84
wind_onshore_capacity,Nuclear Potential,0.16858170285753296,1.5449837344505235,84
wind_onshore_capacity,Hydrogen Import Potential,3.3389870127712726e-07,8.281965001939561e-07,86
wind_onshore_capacity,Hydrogen Import Price,0.11808548004018517,1.2440714289223458,111
wind_onshore_capacity,Biomass Import Potential,0.5255167537090266,2.478194863661703,103
wind_onshore_capacity,Biomass Import Price,0.10678502412707855,0.6649392481614725,95
wind_onshore_capacity,Ammonia Import Potential,1.1890835043708987,3.753335239451318,94
wind_onshore_capacity,Ammonia Import Price,3.6541037790123927e-06,3.1221468496472057e-05,90
wind_onshore_capacity,CCS potential,0.15643139341127923,0.829630013451153,83
wind_onshore_capacity,Flexibility Costs,1.8038119869186648e-05,0.00010924094323372572,81
wind_onshore_capacity,LNG Price,1.6697334082721227e-05,0.00016779897184454102,125
wind_onshore_capacity,Electricity Trade Price,0.046399557924629305,0.3672516207235774,123
wind_onshore_capacity,Weather Conditions,4.451137220498237,6.8524686019793535,116
wind_onshore_capacity,Electricity Trade Ratio,0.30299880275565155,1.6448451892006193,87
wind_onshore_capacity,Electricity Trade Volume,0.6874684464124942,2.950250277802135,95
wind_onshore_capacity,WACC,0.15824288930981778,1.1225415616442989,103
wind_onshore_capacity,Bunker Emission Reduction,0.24110753753282427,1.6037586573814198,83
wind_onshore_capacity,End-of-Life Emission Reduction,0.3193598358247862,1.9239213501801515,89
methanol_production,CO2 Cap,15.011892623581215,46.603721701961646,103
methanol_production,Buildings demand,8.265743112767414,21.04034412226794,79
methanol_production,Steel Production,3.9069334694535365,8.930988932681137,86
methanol_production,Chemical Production,44.535289758520726,59.69552137854877,97
methanol_production,Passenger Cars,0.9165523970431777,3.494353886200782,94
methanol_production,Bunker aviation,8.475323354158709,15.487146762173639,98
methanol_production,Bunker navigation,10.556981433956828,28.379876352322036,102
methanol_production,Agriculture neGHG CH4,9.369648310425442,21.650348982811284,101
methanol_production,Agriculture neGHG N2O,3.5577664656370627,10.802684077109882,105
methanol_production,Wind offshore Costs,10.422876747516936,31.115105102839266,104
methanol_production,Wind offshore Potential,7.2977022377101335,23.772846119108745,85
methanol_production,Solar PV Costs,2.8659174412259065,9.213225416989083,97
methanol_production,Solar PV Potential,1.9396569928554248,8.615809575179007,88
methanol_production,Nuclear Costs,13.129309049784156,42.84006097459555,84
methanol_production,Nuclear Potential,3.099564558016136,19.746071305354793,84
methanol_production,Hydrogen Import Potential,18.480219896001348,49.5311347764844,86
methanol_production,Hydrogen Import Price,29.430479380623577,77.01397379333662,111
methanol_production,Biomass Import Potential,14.974040310903462,36.66681127492222,103
methanol_production,Biomass Import Price,21.41521247773537,45.90909438824627,95
methanol_production,Ammonia Import Potential,23.065905230684223,45.104951956490915,94
methanol_production,Ammonia Import Price,14.884397299179982,37.279276948813056,90
methanol_production,CCS potential,31.937614304295604,66.51847271825812,83
methanol_production,Flexibility Costs,0.981861188894358,4.9059609567760365,81
methanol_production,LNG Price,8.432587927084196,31.339010547456628,125
methanol_production,Electricity Trade Price,5.873371339457801,18.634951723610087,123
methanol_production,Weather Conditions,30.535007347335227,69.13069814255172,116
methanol_production,Electricity Trade Ratio,13.494558269234659,29.990295229704113,87
methanol_production,Electricity Trade Volume,15.520677370801623,40.54371250484165,95
methanol_production,WACC,21.103213217386145,48.88182636493996,103
methanol_production,Bunker Emission Reduction,24.28602807068359,49.79881061284577,83
methanol_production,End-of-Life Emission Reduction,73.83232249564283,89.6844606437981,89
hydrogen_production,CO2 Cap,11.012125514821548,26.797085663843752,103
hydrogen_production,Buildings demand,6.021673135781809,14.896446334168218,79
hydrogen_production,Steel Production,3.797197804441727,9.65821507497637,86
hydrogen_production,Chemical Production,17.39445760539647,35.46252474068056,97
hydrogen_production,Passenger Cars,0.6899435977379034,2.2197157010212742,94
hydrogen_production,Bunker aviation,7.5337245873639205,11.489524064963081,98
hydrogen_production,Bunker navigation,8.354173545202165,23.450687009689226,102
hydrogen_production,Agriculture neGHG CH4,4.330369378074575,12.164015804049473,101
hydrogen_production,Agriculture neGHG N2O,1.7337976346762944,4.675745189641509,105
hydrogen_production,Wind offshore Costs,6.291591891275048,25.705153558343394,104
hydrogen_production,Wind offshore Potential,4.615046960396124,19.853988868787155,85
hydrogen_production,Solar PV Costs,1.0443443624918094,2.8365254878503765,97
hydrogen_production,Solar PV Potential,3.2990882083911526,17.774130583536518,88
hydrogen_production,Nuclear Costs,4.344367462056232,14.206475835760486,84
hydrogen_production,Nuclear Potential,2.3827578901262307,11.032186170607266,84
hydrogen_production,Hydrogen Import Potential,25.44930024115458,60.868836117733075,86
hydrogen_production,Hydrogen Import Price,40.36700185398108,67.27951479588872,111
hydrogen_production,Biomass Import Potential,25.038303345216402,48.32724538587838,103
hydrogen_production,Biomass Import Price,23.455158675778243,41.70932348853456,95
hydrogen_production,Ammonia Import Potential,20.077828515208783,48.995359569280865,94
hydrogen_production,Ammonia Import Price,12.895576285594913,39.56132397019512,90
hydrogen_production,CCS potential,16.15335568785132,35.442754330903206,83
hydrogen_production,Flexibility Costs,4.757130975865228,19.886371858168076,81
hydrogen_production,LNG Price,4.967921332823026,14.559569109181183,125
hydrogen_production,Electricity Trade Price,3.3128446280702337,14.022731779271055,123
hydrogen_production,Weather Conditions,23.898700200568797,56.83815844580033,116
hydrogen_production,Electricity Trade Ratio,13.880768616878711,41.79745009547634,87
hydrogen_production,Electricity Trade Volume,10.3183243775692,20.346754315651374,95
hydrogen_production,WACC,14.585201673524818,31.58926934713405,103
hydrogen_production,Bunker Emission Reduction,20.524521504349664,34.56527480430843,83
hydrogen_production,End-of-Life Emission Reduction,35.87019153226388,59.02280240161669,89
synfuel_production,CO2 Cap,3.682229645014256,10.402517839999343,103
synfuel_production,Buildings demand,1.5536816677518408,4.631287385500675,79
synfuel_production,Steel Production,0.8308123435345564,2.3349326760332723,86
synfuel_production,Chemical Production,6.793362531815952,15.923481977095292,97
synfuel_production,Passenger Cars,0.09437304364863804,0.2755092551902547,94
synfuel_production,Bunker aviation,8.036061766983973,12.112384355839882,98
synfuel_production,Bunker navigation,3.902803577972992,10.436344925059487,102
synfuel_production,Agriculture neGHG CH4,1.1091349941343884,3.9175376024535633,101
synfuel_production,Agriculture neGHG N2O,0.6616710385080938,1.8932032580059668,105
synfuel_production,Wind offshore Costs,0.8849886682471536,2.837027101189286,104
synfuel_production,Wind offshore Potential,1.7862251022705302,7.130048591825028,85
synfuel_production,Solar PV Costs,0.34451715445467057,1.2261987879161513,97
synfuel_production,Solar PV Potential,0.18994285329625196,0.9391063192897581,88
synfuel_production,Nuclear Costs,1.533259020601559,8.010413876213173,84
synfuel_production,Nuclear Potential,0.3010455917023555,1.6439625626937902,84
synfuel_production,Hydrogen Import Potential,2.449278520272885,16.225535192501674,86
synfuel_production,Hydrogen Import Price,5.004922305043491,15.740873319109253,111
synfuel_production,Biomass Import Potential,7.159170319884834,17.482092110965407,103
synfuel_production,Biomass Import Price,18.09172843238492,38.95283080295415,95
synfuel_production,Ammonia Import Potential,10.434085148335946,23.025263689482724,94
synfuel_production,Ammonia Import Price,2.7963723457274967,12.85644804671982,90
synfuel_production,CCS potential,5.868695936675407,15.164906493157128,83
synfuel_production,Flexibility Costs,0.053465660582117575,0.4416364527898259,81
synfuel_production,LNG Price,4.667583480648736,14.823022332758615,125
synfuel_production,Electricity Trade Price,0.6385665347880383,2.9603527396240636,123
synfuel_production,Weather Conditions,3.5377557225150573,11.902767023424172,116
synfuel_production,Electricity Trade Ratio,3.671927820739158,9.98223394963676,87
synfuel_production,Electricity Trade Volume,4.378212343530854,11.123310803870263,95
synfuel_production,WACC,5.243857515802909,15.319858088338492,103
synfuel_production,Bunker Emission Reduction,33.27896187907857,40.17181424616392,83
synfuel_production,End-of-Life Emission Reduction,21.363433502497667,46.17845987889403,89
unserved_energy,CO2 Cap,0.028391214762901185,0.23229557369337825,103
unserved_energy,Buildings demand,0.009669986263639704,0.017887797487714716,79
unserved_energy,Steel Production,0.0022042168199718705,0.011624527315742691,86
unserved_energy,Chemical Production,2.839206116547608,19.627726685829096,97
unserved_energy,Passenger Cars,0.000745804184020058,0.0016202967327282906,94
unserved_energy,Bunker aviation,0.34003228045709766,3.3406344266900807,98
unserved_energy,Bunker navigation,0.006861476226381703,0.020994756780779274,102
unserved_energy,Agriculture neGHG CH4,0.5022286079649575,5.020344892435852,101
unserved_energy,Agriculture neGHG N2O,0.0015261634490004764,0.006727576859039789,105
unserved_energy,Wind offshore Costs,0.0066351882877754426,0.014066650339821792,104
unserved_energy,Wind offshore Potential,0.007576889217936554,0.030068411624692655,85
unserved_energy,Solar PV Costs,0.0027152780336748093,0.006523410131984516,97
unserved_energy,Solar PV Potential,0.2835080619554924,2.644113025092751,88
unserved_energy,Nuclear Costs,0.0042827380635532845,0.01333016631352161,84
unserved_energy,Nuclear Potential,0.003806315684931661,0.01264476547507065,84
unserved_energy,Hydrogen Import Potential,2.0478774850256043,16.08984550131749,86
unserved_energy,Hydrogen Import Price,0.006774326269457232,0.02314223702396061,111
unserved_energy,Biomass Import Potential,1.7607665960887176,17.74891142232547,103
unserved_energy,Biomass Import Price,0.009760827203365956,0.023838493344109195,95
unserved_energy,Ammonia Import Potential,0.007740369192301784,0.01795724313819129,94
unserved_energy,Ammonia Import Price,0.006604831430472617,0.017377448987772062,90
unserved_energy,CCS potential,0.6750595471583616,6.05658740961539,83
unserved_energy,Flexibility Costs,0.0066969346108953845,0.015666626218661023,81
unserved_energy,LNG Price,0.0009898119735980333,0.005306929002373196,125
unserved_energy,Electricity Trade Price,0.006776917746512251,0.017465986437268398,123
unserved_energy,Weather Conditions,0.9574909174591262,7.079786020576457,116
unserved_energy,Electricity Trade Ratio,0.016506614376833515,0.02851172908394194,87
unserved_energy,Electricity Trade Volume,1.1607652021792672,8.556790961981822,95
unserved_energy,WACC,0.011234722455783547,0.03363325846990638,103
unserved_energy,Bunker Emission Reduction,0.008887318010387836,0.027208863040232394,83
unserved_energy,End-of-Life Emission Reduction,1.1909305773940124,11.17094664867506,89
